ISO-10303-21;
HEADER;
/* Generated by software containing ST-Developer
 * from STEP Tools, Inc. (www.steptools.com) 
 */

FILE_DESCRIPTION(
/* description */ (''),
/* implementation_level */ '2;1');

FILE_NAME(
/* name */ 'NinjapadV2 Plate.step',
/* time_stamp */ '2026-07-18T14:29:32+08:00',
/* author */ (''),
/* organization */ (''),
/* preprocessor_version */ 'ST-DEVELOPER v20.1',
/* originating_system */ 'Autodesk Translation Framework v15.8.0.0',
/* authorisation */ '');

FILE_SCHEMA (('AUTOMOTIVE_DESIGN { 1 0 10303 214 3 1 1 }'));
ENDSEC;

DATA;
#10=MECHANICAL_DESIGN_GEOMETRIC_PRESENTATION_REPRESENTATION('',(#13),#4602);
#11=SHAPE_REPRESENTATION_RELATIONSHIP('SRR','None',#4608,#12);
#12=ADVANCED_BREP_SHAPE_REPRESENTATION('',(#14),#4601);
#13=STYLED_ITEM('',(#4622),#14);
#14=MANIFOLD_SOLID_BREP('Plate',#2602);
#15=CONICAL_SURFACE('',#2814,0.499999999999999,0.785398163397447);
#16=CONICAL_SURFACE('',#2816,0.499999999999999,0.785398163397447);
#17=ELLIPSE('',#2780,1.4142135623731,1.);
#18=ELLIPSE('',#2785,1.4142135623731,1.);
#19=FACE_BOUND('',#291,.T.);
#20=FACE_BOUND('',#292,.T.);
#21=FACE_BOUND('',#293,.T.);
#22=FACE_BOUND('',#294,.T.);
#23=FACE_BOUND('',#295,.T.);
#24=FACE_BOUND('',#296,.T.);
#25=FACE_BOUND('',#297,.T.);
#26=FACE_BOUND('',#298,.T.);
#27=FACE_BOUND('',#304,.T.);
#28=FACE_BOUND('',#305,.T.);
#29=FACE_BOUND('',#306,.T.);
#30=FACE_BOUND('',#307,.T.);
#31=FACE_BOUND('',#308,.T.);
#32=FACE_BOUND('',#309,.T.);
#33=FACE_BOUND('',#310,.T.);
#34=FACE_BOUND('',#311,.T.);
#35=FACE_BOUND('',#312,.T.);
#36=FACE_BOUND('',#313,.T.);
#37=FACE_BOUND('',#314,.T.);
#38=FACE_BOUND('',#315,.T.);
#39=FACE_BOUND('',#319,.T.);
#40=FACE_BOUND('',#337,.T.);
#41=FACE_BOUND('',#338,.T.);
#42=FACE_BOUND('',#359,.T.);
#43=PLANE('',#2658);
#44=PLANE('',#2699);
#45=PLANE('',#2739);
#46=PLANE('',#2740);
#47=PLANE('',#2741);
#48=PLANE('',#2742);
#49=PLANE('',#2743);
#50=PLANE('',#2744);
#51=PLANE('',#2745);
#52=PLANE('',#2746);
#53=PLANE('',#2747);
#54=PLANE('',#2748);
#55=PLANE('',#2749);
#56=PLANE('',#2750);
#57=PLANE('',#2751);
#58=PLANE('',#2752);
#59=PLANE('',#2753);
#60=PLANE('',#2754);
#61=PLANE('',#2755);
#62=PLANE('',#2756);
#63=PLANE('',#2777);
#64=PLANE('',#2781);
#65=PLANE('',#2782);
#66=PLANE('',#2786);
#67=PLANE('',#2787);
#68=PLANE('',#2788);
#69=PLANE('',#2789);
#70=PLANE('',#2790);
#71=PLANE('',#2791);
#72=PLANE('',#2792);
#73=PLANE('',#2798);
#74=PLANE('',#2800);
#75=PLANE('',#2803);
#76=PLANE('',#2804);
#77=PLANE('',#2806);
#78=PLANE('',#2809);
#79=PLANE('',#2811);
#80=PLANE('',#2812);
#81=PLANE('',#2813);
#82=PLANE('',#2819);
#83=PLANE('',#2821);
#84=PLANE('',#2823);
#85=PLANE('',#2825);
#86=PLANE('',#2827);
#87=PLANE('',#2829);
#88=PLANE('',#2831);
#89=PLANE('',#2833);
#90=PLANE('',#2835);
#91=PLANE('',#2837);
#92=PLANE('',#2839);
#93=PLANE('',#2841);
#94=PLANE('',#2843);
#95=PLANE('',#2845);
#96=PLANE('',#2847);
#97=PLANE('',#2849);
#98=PLANE('',#2851);
#99=PLANE('',#2853);
#100=PLANE('',#2855);
#101=PLANE('',#2858);
#102=PLANE('',#2860);
#103=PLANE('',#2862);
#104=PLANE('',#2864);
#105=PLANE('',#2866);
#106=PLANE('',#2868);
#107=TOROIDAL_SURFACE('',#2636,2.5,1.);
#108=TOROIDAL_SURFACE('',#2641,2.5,1.);
#109=TOROIDAL_SURFACE('',#2646,2.5,1.);
#110=TOROIDAL_SURFACE('',#2652,2.5,1.);
#111=TOROIDAL_SURFACE('',#2732,0.934959810970255,0.1);
#112=(
BOUNDED_SURFACE()
B_SPLINE_SURFACE(2,2,((#3690,#3691,#3692),(#3693,#3694,#3695),(#3696,#3697,
#3698)),.UNSPECIFIED.,.F.,.F.,.F.)
B_SPLINE_SURFACE_WITH_KNOTS((3,3),(3,3),(-1.46379275451702,-1.86240142285894E-15),
(1.57079632679488,3.1415926535898),.UNSPECIFIED.)
GEOMETRIC_REPRESENTATION_ITEM()
RATIONAL_B_SPLINE_SURFACE(((1.,0.70710678118654,1.),(0.743908426777561,
0.526022693156225,0.743908426777561),(1.,0.70710678118654,1.)))
REPRESENTATION_ITEM('')
SURFACE()
);
#113=(
BOUNDED_SURFACE()
B_SPLINE_SURFACE(2,2,((#3760,#3761,#3762),(#3763,#3764,#3765),(#3766,#3767,
#3768)),.UNSPECIFIED.,.F.,.F.,.F.)
B_SPLINE_SURFACE_WITH_KNOTS((3,3),(3,3),(-1.46379275451702,-1.86325855159483E-15),
(-3.14159265358979,-1.57079632679489),.UNSPECIFIED.)
GEOMETRIC_REPRESENTATION_ITEM()
RATIONAL_B_SPLINE_SURFACE(((1.,0.707106781186546,1.),(0.743908426777569,
0.526022693156234,0.743908426777569),(1.,0.707106781186546,1.)))
REPRESENTATION_ITEM('')
SURFACE()
);
#114=(
BOUNDED_SURFACE()
B_SPLINE_SURFACE(2,2,((#3827,#3828,#3829),(#3830,#3831,#3832),(#3833,#3834,
#3835)),.UNSPECIFIED.,.F.,.F.,.F.)
B_SPLINE_SURFACE_WITH_KNOTS((3,3),(3,3),(-1.46379275451701,5.08852219619863E-16),
(-1.5707963267949,2.54468634673585E-15),.UNSPECIFIED.)
GEOMETRIC_REPRESENTATION_ITEM()
RATIONAL_B_SPLINE_SURFACE(((1.,0.707106781186546,1.),(0.743908426777557,
0.526022693156226,0.743908426777557),(1.,0.707106781186546,1.)))
REPRESENTATION_ITEM('')
SURFACE()
);
#115=(
BOUNDED_SURFACE()
B_SPLINE_SURFACE(2,2,((#3885,#3886,#3887),(#3888,#3889,#3890),(#3891,#3892,
#3893)),.UNSPECIFIED.,.F.,.F.,.F.)
B_SPLINE_SURFACE_WITH_KNOTS((3,3),(3,3),(-1.463792754517,1.11022302462516E-15),
(0.,1.5707963267949),.UNSPECIFIED.)
GEOMETRIC_REPRESENTATION_ITEM()
RATIONAL_B_SPLINE_SURFACE(((1.,0.707106781186547,1.),(0.743908426777561,
0.526022693156229,0.743908426777561),(1.,0.707106781186547,1.)))
REPRESENTATION_ITEM('')
SURFACE()
);
#116=(
BOUNDED_SURFACE()
B_SPLINE_SURFACE(2,2,((#4340,#4341,#4342),(#4343,#4344,#4345),(#4346,#4347,
#4348)),.UNSPECIFIED.,.F.,.F.,.F.)
B_SPLINE_SURFACE_WITH_KNOTS((3,3),(3,3),(0.201357920790329,1.5707963267949),
(-3.14159265359028,-1.57079632679486),.UNSPECIFIED.)
GEOMETRIC_REPRESENTATION_ITEM()
RATIONAL_B_SPLINE_SURFACE(((1.,0.707106781186362,1.),(0.774596669241483,
0.547722557505022,0.774596669241483),(1.,0.707106781186362,1.)))
REPRESENTATION_ITEM('')
SURFACE()
);
#117=(
BOUNDED_SURFACE()
B_SPLINE_SURFACE(2,2,((#4350,#4351,#4352),(#4353,#4354,#4355),(#4356,#4357,
#4358)),.UNSPECIFIED.,.F.,.F.,.F.)
B_SPLINE_SURFACE_WITH_KNOTS((3,3),(3,3),(0.201357920790329,1.5707963267949),
(1.57079632679474,3.14159265359216),.UNSPECIFIED.)
GEOMETRIC_REPRESENTATION_ITEM()
RATIONAL_B_SPLINE_SURFACE(((1.,0.707106781185655,1.),(0.774596669241483,
0.547722557504474,0.774596669241483),(1.,0.707106781185655,1.)))
REPRESENTATION_ITEM('')
SURFACE()
);
#118=(
BOUNDED_SURFACE()
B_SPLINE_SURFACE(2,2,((#4364,#4365,#4366),(#4367,#4368,#4369),(#4370,#4371,
#4372)),.UNSPECIFIED.,.F.,.F.,.F.)
B_SPLINE_SURFACE_WITH_KNOTS((3,3),(3,3),(0.201357920790329,1.5707963267949),
(-3.14159265359232,-1.57079632679485),.UNSPECIFIED.)
GEOMETRIC_REPRESENTATION_ITEM()
RATIONAL_B_SPLINE_SURFACE(((1.,0.707106781185637,1.),(0.774596669241491,
0.547722557504467,0.774596669241491),(1.,0.707106781185637,1.)))
REPRESENTATION_ITEM('')
SURFACE()
);
#119=(
BOUNDED_SURFACE()
B_SPLINE_SURFACE(2,2,((#4374,#4375,#4376),(#4377,#4378,#4379),(#4380,#4381,
#4382)),.UNSPECIFIED.,.F.,.F.,.F.)
B_SPLINE_SURFACE_WITH_KNOTS((3,3),(3,3),(0.201357920790329,1.5707963267949),
(1.57079632678906,3.14159265366823),.UNSPECIFIED.)
GEOMETRIC_REPRESENTATION_ITEM()
RATIONAL_B_SPLINE_SURFACE(((1.,0.707106781156753,1.),(0.774596669241482,
0.547722557482086,0.774596669241482),(1.,0.707106781156753,1.)))
REPRESENTATION_ITEM('')
SURFACE()
);
#120=B_SPLINE_CURVE_WITH_KNOTS('',3,(#3642,#3643,#3644,#3645,#3646,#3647,
#3648,#3649,#3650,#3651,#3652,#3653,#3654,#3655),.UNSPECIFIED.,.F.,.F.,
(4,2,2,2,2,2,4),(-0.3049789854437,-0.303631713741874,-0.261312067992066,
-0.197576278226364,-0.151815856923008,-0.106055435619646,-0.101802223716706),
 .UNSPECIFIED.);
#121=B_SPLINE_CURVE_WITH_KNOTS('',3,(#3671,#3672,#3673,#3674,#3675,#3676),
 .UNSPECIFIED.,.F.,.F.,(4,2,4),(-0.201829491067641,-0.197576279142693,-0.151815857602502),
 .UNSPECIFIED.);
#122=B_SPLINE_CURVE_WITH_KNOTS('',3,(#3677,#3678,#3679,#3680,#3681,#3682,
#3683,#3684,#3685,#3686),.UNSPECIFIED.,.F.,.F.,(4,2,2,2,4),(-0.151815857602502,
-0.106055436062313,-0.0423196459667276,0.,0.00134727171000223),
 .UNSPECIFIED.);
#123=B_SPLINE_CURVE_WITH_KNOTS('',3,(#3699,#3700,#3701,#3702,#3703,#3704,
#3705,#3706,#3707,#3708),.UNSPECIFIED.,.F.,.F.,(4,2,2,2,4),(-0.777364884844503,
-0.716056757735663,-0.639135290021542,-0.559918073517368,-0.510402075135452),
 .UNSPECIFIED.);
#124=B_SPLINE_CURVE_WITH_KNOTS('',3,(#3712,#3713,#3714,#3715,#3716,#3717,
#3718,#3719,#3720,#3721),.UNSPECIFIED.,.F.,.F.,(4,2,2,2,4),(-0.304978986916341,
-0.303631715207669,-0.261312069240811,-0.19757627914456,-0.15181585760383),
 .UNSPECIFIED.);
#125=B_SPLINE_CURVE_WITH_KNOTS('',3,(#3723,#3724,#3725,#3726,#3727,#3728),
 .UNSPECIFIED.,.F.,.F.,(4,2,4),(-0.15181585760383,-0.106055436063102,-0.101802224138107),
 .UNSPECIFIED.);
#126=B_SPLINE_CURVE_WITH_KNOTS('',3,(#3743,#3744,#3745,#3746,#3747,#3748,
#3749,#3750,#3751,#3752,#3753,#3754,#3755,#3756),.UNSPECIFIED.,.F.,.F.,
(4,2,2,2,2,2,4),(-0.201829492000479,-0.197576280053646,-0.151815858278026,
-0.106055436502402,-0.0423196460788943,0.,0.0013472717243614),
 .UNSPECIFIED.);
#127=B_SPLINE_CURVE_WITH_KNOTS('',3,(#3769,#3770,#3771,#3772,#3773,#3774,
#3775,#3776,#3777,#3778),.UNSPECIFIED.,.F.,.F.,(4,2,2,2,4),(-0.777364884844324,
-0.71605675773551,-0.639135290021423,-0.559918073517281,-0.510402075135373),
 .UNSPECIFIED.);
#128=B_SPLINE_CURVE_WITH_KNOTS('',3,(#3782,#3783,#3784,#3785,#3786,#3787,
#3788,#3789,#3790,#3791,#3792,#3793,#3794,#3795),.UNSPECIFIED.,.F.,.F.,
(4,2,2,2,2,2,4),(-0.304978999144684,-0.303631727288545,-0.261312080416159,
-0.197576287361983,-0.151815863697564,-0.106055440033146,-0.101802227910755),
 .UNSPECIFIED.);
#129=B_SPLINE_CURVE_WITH_KNOTS('',3,(#3810,#3811,#3812,#3813,#3814,#3815,
#3816,#3817,#3818,#3819,#3820,#3821,#3822,#3823),.UNSPECIFIED.,.F.,.F.,
(4,2,2,2,2,2,4),(-0.201829500409788,-0.197576288265684,-0.151815864367667,
-0.10605544046965,-0.0423196470901356,0.,0.00134727186349081),
 .UNSPECIFIED.);
#130=B_SPLINE_CURVE_WITH_KNOTS('',3,(#3836,#3837,#3838,#3839,#3840,#3841,
#3842,#3843,#3844,#3845),.UNSPECIFIED.,.F.,.F.,(4,2,2,2,4),(-0.777364884844456,
-0.716056757735629,-0.639135290021526,-0.559918073517371,-0.510402075135452),
 .UNSPECIFIED.);
#131=B_SPLINE_CURVE_WITH_KNOTS('',3,(#3849,#3850,#3851,#3852,#3853,#3854,
#3855,#3856,#3857,#3858,#3859,#3860,#3861,#3862),.UNSPECIFIED.,.F.,.F.,
(4,2,2,2,2,2,4),(-0.304979000612537,-0.303631728749054,-0.261312081656842,
-0.19757628827428,-0.15181586437407,-0.10605544047386,-0.101802228329555),
 .UNSPECIFIED.);
#132=B_SPLINE_CURVE_WITH_KNOTS('',3,(#3868,#3869,#3870,#3871,#3872,#3873,
#3874,#3875,#3876,#3877,#3878,#3879,#3880,#3881),.UNSPECIFIED.,.F.,.F.,
(4,2,2,2,2,2,4),(-0.201829498556133,-0.197576286455517,-0.151815863025367,
-0.106055439595216,-0.0423196468673192,0.,0.00134727183282882),
 .UNSPECIFIED.);
#133=B_SPLINE_CURVE_WITH_KNOTS('',3,(#3894,#3895,#3896,#3897,#3898,#3899,
#3900,#3901,#3902,#3903),.UNSPECIFIED.,.F.,.F.,(4,2,2,2,4),(-0.777364884844376,
-0.716056757735556,-0.639135290021466,-0.559918073517329,-0.510402075135426),
 .UNSPECIFIED.);
#134=FACE_OUTER_BOUND('',#270,.T.);
#135=FACE_OUTER_BOUND('',#271,.T.);
#136=FACE_OUTER_BOUND('',#272,.T.);
#137=FACE_OUTER_BOUND('',#273,.T.);
#138=FACE_OUTER_BOUND('',#274,.T.);
#139=FACE_OUTER_BOUND('',#275,.T.);
#140=FACE_OUTER_BOUND('',#276,.T.);
#141=FACE_OUTER_BOUND('',#277,.T.);
#142=FACE_OUTER_BOUND('',#278,.T.);
#143=FACE_OUTER_BOUND('',#279,.T.);
#144=FACE_OUTER_BOUND('',#280,.T.);
#145=FACE_OUTER_BOUND('',#281,.T.);
#146=FACE_OUTER_BOUND('',#282,.T.);
#147=FACE_OUTER_BOUND('',#283,.T.);
#148=FACE_OUTER_BOUND('',#284,.T.);
#149=FACE_OUTER_BOUND('',#285,.T.);
#150=FACE_OUTER_BOUND('',#286,.T.);
#151=FACE_OUTER_BOUND('',#287,.T.);
#152=FACE_OUTER_BOUND('',#288,.T.);
#153=FACE_OUTER_BOUND('',#289,.T.);
#154=FACE_OUTER_BOUND('',#290,.T.);
#155=FACE_OUTER_BOUND('',#299,.T.);
#156=FACE_OUTER_BOUND('',#300,.T.);
#157=FACE_OUTER_BOUND('',#301,.T.);
#158=FACE_OUTER_BOUND('',#302,.T.);
#159=FACE_OUTER_BOUND('',#303,.T.);
#160=FACE_OUTER_BOUND('',#316,.T.);
#161=FACE_OUTER_BOUND('',#317,.T.);
#162=FACE_OUTER_BOUND('',#318,.T.);
#163=FACE_OUTER_BOUND('',#320,.T.);
#164=FACE_OUTER_BOUND('',#321,.T.);
#165=FACE_OUTER_BOUND('',#322,.T.);
#166=FACE_OUTER_BOUND('',#323,.T.);
#167=FACE_OUTER_BOUND('',#324,.T.);
#168=FACE_OUTER_BOUND('',#325,.T.);
#169=FACE_OUTER_BOUND('',#326,.T.);
#170=FACE_OUTER_BOUND('',#327,.T.);
#171=FACE_OUTER_BOUND('',#328,.T.);
#172=FACE_OUTER_BOUND('',#329,.T.);
#173=FACE_OUTER_BOUND('',#330,.T.);
#174=FACE_OUTER_BOUND('',#331,.T.);
#175=FACE_OUTER_BOUND('',#332,.T.);
#176=FACE_OUTER_BOUND('',#333,.T.);
#177=FACE_OUTER_BOUND('',#334,.T.);
#178=FACE_OUTER_BOUND('',#335,.T.);
#179=FACE_OUTER_BOUND('',#336,.T.);
#180=FACE_OUTER_BOUND('',#339,.T.);
#181=FACE_OUTER_BOUND('',#340,.T.);
#182=FACE_OUTER_BOUND('',#341,.T.);
#183=FACE_OUTER_BOUND('',#342,.T.);
#184=FACE_OUTER_BOUND('',#343,.T.);
#185=FACE_OUTER_BOUND('',#344,.T.);
#186=FACE_OUTER_BOUND('',#345,.T.);
#187=FACE_OUTER_BOUND('',#346,.T.);
#188=FACE_OUTER_BOUND('',#347,.T.);
#189=FACE_OUTER_BOUND('',#348,.T.);
#190=FACE_OUTER_BOUND('',#349,.T.);
#191=FACE_OUTER_BOUND('',#350,.T.);
#192=FACE_OUTER_BOUND('',#351,.T.);
#193=FACE_OUTER_BOUND('',#352,.T.);
#194=FACE_OUTER_BOUND('',#353,.T.);
#195=FACE_OUTER_BOUND('',#354,.T.);
#196=FACE_OUTER_BOUND('',#355,.T.);
#197=FACE_OUTER_BOUND('',#356,.T.);
#198=FACE_OUTER_BOUND('',#357,.T.);
#199=FACE_OUTER_BOUND('',#358,.T.);
#200=FACE_OUTER_BOUND('',#360,.T.);
#201=FACE_OUTER_BOUND('',#361,.T.);
#202=FACE_OUTER_BOUND('',#362,.T.);
#203=FACE_OUTER_BOUND('',#363,.T.);
#204=FACE_OUTER_BOUND('',#364,.T.);
#205=FACE_OUTER_BOUND('',#365,.T.);
#206=FACE_OUTER_BOUND('',#366,.T.);
#207=FACE_OUTER_BOUND('',#367,.T.);
#208=FACE_OUTER_BOUND('',#368,.T.);
#209=FACE_OUTER_BOUND('',#369,.T.);
#210=FACE_OUTER_BOUND('',#370,.T.);
#211=FACE_OUTER_BOUND('',#371,.T.);
#212=FACE_OUTER_BOUND('',#372,.T.);
#213=FACE_OUTER_BOUND('',#373,.T.);
#214=FACE_OUTER_BOUND('',#374,.T.);
#215=FACE_OUTER_BOUND('',#375,.T.);
#216=FACE_OUTER_BOUND('',#376,.T.);
#217=FACE_OUTER_BOUND('',#377,.T.);
#218=FACE_OUTER_BOUND('',#378,.T.);
#219=FACE_OUTER_BOUND('',#379,.T.);
#220=FACE_OUTER_BOUND('',#380,.T.);
#221=FACE_OUTER_BOUND('',#381,.T.);
#222=FACE_OUTER_BOUND('',#382,.T.);
#223=FACE_OUTER_BOUND('',#383,.T.);
#224=FACE_OUTER_BOUND('',#384,.T.);
#225=FACE_OUTER_BOUND('',#385,.T.);
#226=FACE_OUTER_BOUND('',#386,.T.);
#227=FACE_OUTER_BOUND('',#387,.T.);
#228=FACE_OUTER_BOUND('',#388,.T.);
#229=FACE_OUTER_BOUND('',#389,.T.);
#230=FACE_OUTER_BOUND('',#390,.T.);
#231=FACE_OUTER_BOUND('',#391,.T.);
#232=FACE_OUTER_BOUND('',#392,.T.);
#233=FACE_OUTER_BOUND('',#393,.T.);
#234=FACE_OUTER_BOUND('',#394,.T.);
#235=FACE_OUTER_BOUND('',#395,.T.);
#236=FACE_OUTER_BOUND('',#396,.T.);
#237=FACE_OUTER_BOUND('',#397,.T.);
#238=FACE_OUTER_BOUND('',#398,.T.);
#239=FACE_OUTER_BOUND('',#399,.T.);
#240=FACE_OUTER_BOUND('',#400,.T.);
#241=FACE_OUTER_BOUND('',#401,.T.);
#242=FACE_OUTER_BOUND('',#402,.T.);
#243=FACE_OUTER_BOUND('',#403,.T.);
#244=FACE_OUTER_BOUND('',#404,.T.);
#245=FACE_OUTER_BOUND('',#405,.T.);
#246=FACE_OUTER_BOUND('',#406,.T.);
#247=FACE_OUTER_BOUND('',#407,.T.);
#248=FACE_OUTER_BOUND('',#408,.T.);
#249=FACE_OUTER_BOUND('',#409,.T.);
#250=FACE_OUTER_BOUND('',#410,.T.);
#251=FACE_OUTER_BOUND('',#411,.T.);
#252=FACE_OUTER_BOUND('',#412,.T.);
#253=FACE_OUTER_BOUND('',#413,.T.);
#254=FACE_OUTER_BOUND('',#414,.T.);
#255=FACE_OUTER_BOUND('',#415,.T.);
#256=FACE_OUTER_BOUND('',#416,.T.);
#257=FACE_OUTER_BOUND('',#417,.T.);
#258=FACE_OUTER_BOUND('',#418,.T.);
#259=FACE_OUTER_BOUND('',#419,.T.);
#260=FACE_OUTER_BOUND('',#420,.T.);
#261=FACE_OUTER_BOUND('',#421,.T.);
#262=FACE_OUTER_BOUND('',#422,.T.);
#263=FACE_OUTER_BOUND('',#423,.T.);
#264=FACE_OUTER_BOUND('',#424,.T.);
#265=FACE_OUTER_BOUND('',#425,.T.);
#266=FACE_OUTER_BOUND('',#426,.T.);
#267=FACE_OUTER_BOUND('',#427,.T.);
#268=FACE_OUTER_BOUND('',#428,.T.);
#269=FACE_OUTER_BOUND('',#429,.T.);
#270=EDGE_LOOP('',(#1649,#1650,#1651,#1652));
#271=EDGE_LOOP('',(#1653,#1654,#1655,#1656));
#272=EDGE_LOOP('',(#1657,#1658,#1659,#1660));
#273=EDGE_LOOP('',(#1661,#1662,#1663,#1664,#1665));
#274=EDGE_LOOP('',(#1666,#1667,#1668,#1669));
#275=EDGE_LOOP('',(#1670,#1671,#1672,#1673,#1674));
#276=EDGE_LOOP('',(#1675,#1676,#1677,#1678));
#277=EDGE_LOOP('',(#1679,#1680,#1681,#1682));
#278=EDGE_LOOP('',(#1683,#1684,#1685,#1686));
#279=EDGE_LOOP('',(#1687,#1688,#1689,#1690));
#280=EDGE_LOOP('',(#1691,#1692,#1693,#1694));
#281=EDGE_LOOP('',(#1695,#1696,#1697,#1698));
#282=EDGE_LOOP('',(#1699,#1700,#1701,#1702));
#283=EDGE_LOOP('',(#1703,#1704,#1705,#1706));
#284=EDGE_LOOP('',(#1707,#1708,#1709,#1710));
#285=EDGE_LOOP('',(#1711,#1712,#1713,#1714));
#286=EDGE_LOOP('',(#1715,#1716,#1717,#1718,#1719,#1720,#1721,#1722,#1723));
#287=EDGE_LOOP('',(#1724,#1725,#1726,#1727,#1728,#1729,#1730,#1731,#1732));
#288=EDGE_LOOP('',(#1733,#1734,#1735,#1736,#1737,#1738,#1739,#1740,#1741));
#289=EDGE_LOOP('',(#1742,#1743,#1744,#1745,#1746,#1747,#1748,#1749,#1750));
#290=EDGE_LOOP('',(#1751,#1752,#1753,#1754,#1755,#1756,#1757,#1758,#1759,
#1760));
#291=EDGE_LOOP('',(#1761,#1762,#1763,#1764,#1765,#1766,#1767,#1768));
#292=EDGE_LOOP('',(#1769,#1770,#1771,#1772,#1773,#1774,#1775,#1776));
#293=EDGE_LOOP('',(#1777,#1778,#1779,#1780,#1781,#1782,#1783,#1784));
#294=EDGE_LOOP('',(#1785,#1786,#1787,#1788,#1789,#1790,#1791,#1792));
#295=EDGE_LOOP('',(#1793,#1794,#1795,#1796,#1797,#1798,#1799,#1800));
#296=EDGE_LOOP('',(#1801,#1802,#1803,#1804,#1805,#1806,#1807,#1808));
#297=EDGE_LOOP('',(#1809,#1810,#1811,#1812,#1813,#1814,#1815,#1816));
#298=EDGE_LOOP('',(#1817,#1818,#1819,#1820,#1821,#1822,#1823,#1824));
#299=EDGE_LOOP('',(#1825,#1826,#1827,#1828,#1829));
#300=EDGE_LOOP('',(#1830,#1831,#1832,#1833,#1834));
#301=EDGE_LOOP('',(#1835,#1836,#1837,#1838,#1839));
#302=EDGE_LOOP('',(#1840,#1841,#1842,#1843,#1844));
#303=EDGE_LOOP('',(#1845,#1846,#1847,#1848,#1849,#1850,#1851,#1852,#1853,
#1854,#1855,#1856,#1857,#1858,#1859,#1860));
#304=EDGE_LOOP('',(#1861,#1862,#1863,#1864,#1865,#1866,#1867,#1868));
#305=EDGE_LOOP('',(#1869,#1870,#1871,#1872,#1873,#1874,#1875,#1876));
#306=EDGE_LOOP('',(#1877,#1878,#1879,#1880,#1881,#1882,#1883,#1884));
#307=EDGE_LOOP('',(#1885,#1886,#1887,#1888,#1889,#1890,#1891,#1892));
#308=EDGE_LOOP('',(#1893,#1894,#1895,#1896,#1897,#1898,#1899,#1900));
#309=EDGE_LOOP('',(#1901,#1902,#1903,#1904,#1905,#1906,#1907,#1908));
#310=EDGE_LOOP('',(#1909,#1910,#1911,#1912,#1913,#1914,#1915,#1916));
#311=EDGE_LOOP('',(#1917,#1918,#1919,#1920,#1921,#1922,#1923,#1924));
#312=EDGE_LOOP('',(#1925));
#313=EDGE_LOOP('',(#1926));
#314=EDGE_LOOP('',(#1927));
#315=EDGE_LOOP('',(#1928));
#316=EDGE_LOOP('',(#1929,#1930,#1931,#1932,#1933));
#317=EDGE_LOOP('',(#1934,#1935,#1936,#1937,#1938));
#318=EDGE_LOOP('',(#1939,#1940,#1941,#1942,#1943,#1944,#1945,#1946));
#319=EDGE_LOOP('',(#1947));
#320=EDGE_LOOP('',(#1948,#1949,#1950,#1951));
#321=EDGE_LOOP('',(#1952,#1953,#1954,#1955));
#322=EDGE_LOOP('',(#1956,#1957,#1958,#1959));
#323=EDGE_LOOP('',(#1960,#1961,#1962,#1963));
#324=EDGE_LOOP('',(#1964,#1965,#1966,#1967));
#325=EDGE_LOOP('',(#1968,#1969,#1970,#1971));
#326=EDGE_LOOP('',(#1972,#1973,#1974,#1975));
#327=EDGE_LOOP('',(#1976,#1977,#1978,#1979));
#328=EDGE_LOOP('',(#1980,#1981,#1982,#1983));
#329=EDGE_LOOP('',(#1984,#1985,#1986,#1987));
#330=EDGE_LOOP('',(#1988,#1989,#1990,#1991));
#331=EDGE_LOOP('',(#1992,#1993,#1994,#1995));
#332=EDGE_LOOP('',(#1996,#1997,#1998,#1999));
#333=EDGE_LOOP('',(#2000,#2001,#2002,#2003));
#334=EDGE_LOOP('',(#2004,#2005,#2006,#2007));
#335=EDGE_LOOP('',(#2008,#2009,#2010,#2011));
#336=EDGE_LOOP('',(#2012,#2013,#2014,#2015,#2016,#2017,#2018,#2019));
#337=EDGE_LOOP('',(#2020,#2021,#2022,#2023,#2024,#2025,#2026,#2027));
#338=EDGE_LOOP('',(#2028,#2029,#2030,#2031,#2032,#2033,#2034,#2035));
#339=EDGE_LOOP('',(#2036,#2037,#2038,#2039));
#340=EDGE_LOOP('',(#2040,#2041,#2042,#2043));
#341=EDGE_LOOP('',(#2044,#2045,#2046,#2047));
#342=EDGE_LOOP('',(#2048,#2049,#2050,#2051));
#343=EDGE_LOOP('',(#2052,#2053,#2054,#2055));
#344=EDGE_LOOP('',(#2056,#2057,#2058,#2059));
#345=EDGE_LOOP('',(#2060,#2061,#2062,#2063));
#346=EDGE_LOOP('',(#2064,#2065,#2066,#2067));
#347=EDGE_LOOP('',(#2068));
#348=EDGE_LOOP('',(#2069,#2070,#2071,#2072,#2073));
#349=EDGE_LOOP('',(#2074,#2075,#2076,#2077));
#350=EDGE_LOOP('',(#2078,#2079,#2080,#2081));
#351=EDGE_LOOP('',(#2082,#2083,#2084,#2085,#2086));
#352=EDGE_LOOP('',(#2087,#2088,#2089,#2090,#2091,#2092));
#353=EDGE_LOOP('',(#2093,#2094,#2095,#2096,#2097,#2098));
#354=EDGE_LOOP('',(#2099,#2100,#2101,#2102));
#355=EDGE_LOOP('',(#2103,#2104,#2105,#2106,#2107,#2108));
#356=EDGE_LOOP('',(#2109,#2110,#2111,#2112,#2113,#2114));
#357=EDGE_LOOP('',(#2115,#2116,#2117,#2118));
#358=EDGE_LOOP('',(#2119,#2120,#2121,#2122));
#359=EDGE_LOOP('',(#2123,#2124,#2125,#2126,#2127,#2128,#2129,#2130));
#360=EDGE_LOOP('',(#2131,#2132,#2133,#2134));
#361=EDGE_LOOP('',(#2135,#2136,#2137,#2138));
#362=EDGE_LOOP('',(#2139,#2140,#2141,#2142));
#363=EDGE_LOOP('',(#2143,#2144,#2145,#2146));
#364=EDGE_LOOP('',(#2147,#2148,#2149,#2150));
#365=EDGE_LOOP('',(#2151,#2152,#2153,#2154));
#366=EDGE_LOOP('',(#2155,#2156,#2157,#2158));
#367=EDGE_LOOP('',(#2159,#2160,#2161,#2162));
#368=EDGE_LOOP('',(#2163,#2164,#2165,#2166));
#369=EDGE_LOOP('',(#2167,#2168,#2169,#2170));
#370=EDGE_LOOP('',(#2171,#2172,#2173,#2174));
#371=EDGE_LOOP('',(#2175,#2176,#2177,#2178));
#372=EDGE_LOOP('',(#2179,#2180,#2181,#2182));
#373=EDGE_LOOP('',(#2183,#2184,#2185,#2186));
#374=EDGE_LOOP('',(#2187,#2188,#2189,#2190));
#375=EDGE_LOOP('',(#2191,#2192,#2193,#2194));
#376=EDGE_LOOP('',(#2195,#2196,#2197,#2198));
#377=EDGE_LOOP('',(#2199,#2200,#2201));
#378=EDGE_LOOP('',(#2202,#2203,#2204));
#379=EDGE_LOOP('',(#2205,#2206,#2207,#2208));
#380=EDGE_LOOP('',(#2209,#2210,#2211,#2212));
#381=EDGE_LOOP('',(#2213,#2214,#2215,#2216));
#382=EDGE_LOOP('',(#2217,#2218,#2219,#2220));
#383=EDGE_LOOP('',(#2221,#2222,#2223,#2224));
#384=EDGE_LOOP('',(#2225,#2226,#2227,#2228));
#385=EDGE_LOOP('',(#2229,#2230,#2231,#2232));
#386=EDGE_LOOP('',(#2233,#2234,#2235,#2236));
#387=EDGE_LOOP('',(#2237,#2238,#2239,#2240));
#388=EDGE_LOOP('',(#2241,#2242,#2243,#2244));
#389=EDGE_LOOP('',(#2245,#2246,#2247,#2248));
#390=EDGE_LOOP('',(#2249,#2250,#2251,#2252));
#391=EDGE_LOOP('',(#2253,#2254,#2255,#2256));
#392=EDGE_LOOP('',(#2257,#2258,#2259,#2260));
#393=EDGE_LOOP('',(#2261,#2262,#2263,#2264));
#394=EDGE_LOOP('',(#2265,#2266,#2267,#2268));
#395=EDGE_LOOP('',(#2269,#2270,#2271,#2272));
#396=EDGE_LOOP('',(#2273,#2274,#2275,#2276));
#397=EDGE_LOOP('',(#2277,#2278,#2279,#2280));
#398=EDGE_LOOP('',(#2281,#2282,#2283,#2284));
#399=EDGE_LOOP('',(#2285,#2286,#2287,#2288));
#400=EDGE_LOOP('',(#2289,#2290,#2291,#2292));
#401=EDGE_LOOP('',(#2293,#2294,#2295,#2296));
#402=EDGE_LOOP('',(#2297,#2298,#2299,#2300));
#403=EDGE_LOOP('',(#2301,#2302,#2303,#2304));
#404=EDGE_LOOP('',(#2305,#2306,#2307,#2308));
#405=EDGE_LOOP('',(#2309,#2310,#2311,#2312));
#406=EDGE_LOOP('',(#2313,#2314,#2315,#2316));
#407=EDGE_LOOP('',(#2317,#2318,#2319,#2320));
#408=EDGE_LOOP('',(#2321,#2322,#2323,#2324));
#409=EDGE_LOOP('',(#2325,#2326,#2327,#2328));
#410=EDGE_LOOP('',(#2329,#2330,#2331,#2332));
#411=EDGE_LOOP('',(#2333,#2334,#2335,#2336));
#412=EDGE_LOOP('',(#2337,#2338,#2339,#2340));
#413=EDGE_LOOP('',(#2341,#2342,#2343,#2344));
#414=EDGE_LOOP('',(#2345,#2346,#2347,#2348));
#415=EDGE_LOOP('',(#2349,#2350,#2351,#2352));
#416=EDGE_LOOP('',(#2353,#2354,#2355,#2356));
#417=EDGE_LOOP('',(#2357,#2358,#2359,#2360));
#418=EDGE_LOOP('',(#2361,#2362,#2363,#2364));
#419=EDGE_LOOP('',(#2365,#2366,#2367,#2368));
#420=EDGE_LOOP('',(#2369,#2370,#2371,#2372));
#421=EDGE_LOOP('',(#2373,#2374,#2375,#2376));
#422=EDGE_LOOP('',(#2377,#2378,#2379,#2380));
#423=EDGE_LOOP('',(#2381,#2382,#2383,#2384));
#424=EDGE_LOOP('',(#2385,#2386,#2387,#2388));
#425=EDGE_LOOP('',(#2389,#2390,#2391,#2392));
#426=EDGE_LOOP('',(#2393,#2394,#2395,#2396));
#427=EDGE_LOOP('',(#2397,#2398,#2399,#2400));
#428=EDGE_LOOP('',(#2401,#2402,#2403,#2404));
#429=EDGE_LOOP('',(#2405,#2406,#2407,#2408));
#430=LINE('',#3636,#659);
#431=LINE('',#3639,#660);
#432=LINE('',#3658,#661);
#433=LINE('',#3664,#662);
#434=LINE('',#3667,#663);
#435=LINE('',#3688,#664);
#436=LINE('',#3731,#665);
#437=LINE('',#3737,#666);
#438=LINE('',#3740,#667);
#439=LINE('',#3758,#668);
#440=LINE('',#3798,#669);
#441=LINE('',#3804,#670);
#442=LINE('',#3807,#671);
#443=LINE('',#3825,#672);
#444=LINE('',#3865,#673);
#445=LINE('',#3883,#674);
#446=LINE('',#3940,#675);
#447=LINE('',#3944,#676);
#448=LINE('',#3948,#677);
#449=LINE('',#3952,#678);
#450=LINE('',#3956,#679);
#451=LINE('',#3960,#680);
#452=LINE('',#3964,#681);
#453=LINE('',#3968,#682);
#454=LINE('',#3972,#683);
#455=LINE('',#3976,#684);
#456=LINE('',#3980,#685);
#457=LINE('',#3984,#686);
#458=LINE('',#3988,#687);
#459=LINE('',#3992,#688);
#460=LINE('',#3996,#689);
#461=LINE('',#4000,#690);
#462=LINE('',#4004,#691);
#463=LINE('',#4008,#692);
#464=LINE('',#4012,#693);
#465=LINE('',#4016,#694);
#466=LINE('',#4020,#695);
#467=LINE('',#4024,#696);
#468=LINE('',#4028,#697);
#469=LINE('',#4032,#698);
#470=LINE('',#4036,#699);
#471=LINE('',#4040,#700);
#472=LINE('',#4044,#701);
#473=LINE('',#4048,#702);
#474=LINE('',#4052,#703);
#475=LINE('',#4056,#704);
#476=LINE('',#4060,#705);
#477=LINE('',#4064,#706);
#478=LINE('',#4068,#707);
#479=LINE('',#4072,#708);
#480=LINE('',#4076,#709);
#481=LINE('',#4080,#710);
#482=LINE('',#4085,#711);
#483=LINE('',#4089,#712);
#484=LINE('',#4093,#713);
#485=LINE('',#4097,#714);
#486=LINE('',#4101,#715);
#487=LINE('',#4105,#716);
#488=LINE('',#4109,#717);
#489=LINE('',#4113,#718);
#490=LINE('',#4119,#719);
#491=LINE('',#4123,#720);
#492=LINE('',#4127,#721);
#493=LINE('',#4130,#722);
#494=LINE('',#4135,#723);
#495=LINE('',#4139,#724);
#496=LINE('',#4143,#725);
#497=LINE('',#4146,#726);
#498=LINE('',#4151,#727);
#499=LINE('',#4155,#728);
#500=LINE('',#4159,#729);
#501=LINE('',#4162,#730);
#502=LINE('',#4167,#731);
#503=LINE('',#4171,#732);
#504=LINE('',#4175,#733);
#505=LINE('',#4178,#734);
#506=LINE('',#4183,#735);
#507=LINE('',#4187,#736);
#508=LINE('',#4191,#737);
#509=LINE('',#4194,#738);
#510=LINE('',#4199,#739);
#511=LINE('',#4203,#740);
#512=LINE('',#4207,#741);
#513=LINE('',#4210,#742);
#514=LINE('',#4221,#743);
#515=LINE('',#4226,#744);
#516=LINE('',#4228,#745);
#517=LINE('',#4230,#746);
#518=LINE('',#4232,#747);
#519=LINE('',#4234,#748);
#520=LINE('',#4236,#749);
#521=LINE('',#4238,#750);
#522=LINE('',#4239,#751);
#523=LINE('',#4243,#752);
#524=LINE('',#4244,#753);
#525=LINE('',#4245,#754);
#526=LINE('',#4248,#755);
#527=LINE('',#4249,#756);
#528=LINE('',#4252,#757);
#529=LINE('',#4253,#758);
#530=LINE('',#4256,#759);
#531=LINE('',#4257,#760);
#532=LINE('',#4260,#761);
#533=LINE('',#4261,#762);
#534=LINE('',#4264,#763);
#535=LINE('',#4265,#764);
#536=LINE('',#4268,#765);
#537=LINE('',#4269,#766);
#538=LINE('',#4271,#767);
#539=LINE('',#4274,#768);
#540=LINE('',#4276,#769);
#541=LINE('',#4277,#770);
#542=LINE('',#4280,#771);
#543=LINE('',#4281,#772);
#544=LINE('',#4284,#773);
#545=LINE('',#4285,#774);
#546=LINE('',#4288,#775);
#547=LINE('',#4289,#776);
#548=LINE('',#4292,#777);
#549=LINE('',#4293,#778);
#550=LINE('',#4296,#779);
#551=LINE('',#4297,#780);
#552=LINE('',#4300,#781);
#553=LINE('',#4301,#782);
#554=LINE('',#4303,#783);
#555=LINE('',#4307,#784);
#556=LINE('',#4311,#785);
#557=LINE('',#4315,#786);
#558=LINE('',#4319,#787);
#559=LINE('',#4323,#788);
#560=LINE('',#4327,#789);
#561=LINE('',#4331,#790);
#562=LINE('',#4335,#791);
#563=LINE('',#4390,#792);
#564=LINE('',#4392,#793);
#565=LINE('',#4396,#794);
#566=LINE('',#4397,#795);
#567=LINE('',#4400,#796);
#568=LINE('',#4405,#797);
#569=LINE('',#4408,#798);
#570=LINE('',#4410,#799);
#571=LINE('',#4412,#800);
#572=LINE('',#4413,#801);
#573=LINE('',#4416,#802);
#574=LINE('',#4417,#803);
#575=LINE('',#4421,#804);
#576=LINE('',#4423,#805);
#577=LINE('',#4425,#806);
#578=LINE('',#4426,#807);
#579=LINE('',#4428,#808);
#580=LINE('',#4430,#809);
#581=LINE('',#4431,#810);
#582=LINE('',#4433,#811);
#583=LINE('',#4436,#812);
#584=LINE('',#4437,#813);
#585=LINE('',#4439,#814);
#586=LINE('',#4444,#815);
#587=LINE('',#4448,#816);
#588=LINE('',#4452,#817);
#589=LINE('',#4455,#818);
#590=LINE('',#4457,#819);
#591=LINE('',#4458,#820);
#592=LINE('',#4460,#821);
#593=LINE('',#4462,#822);
#594=LINE('',#4463,#823);
#595=LINE('',#4465,#824);
#596=LINE('',#4467,#825);
#597=LINE('',#4469,#826);
#598=LINE('',#4473,#827);
#599=LINE('',#4474,#828);
#600=LINE('',#4476,#829);
#601=LINE('',#4478,#830);
#602=LINE('',#4480,#831);
#603=LINE('',#4481,#832);
#604=LINE('',#4483,#833);
#605=LINE('',#4485,#834);
#606=LINE('',#4490,#835);
#607=LINE('',#4492,#836);
#608=LINE('',#4493,#837);
#609=LINE('',#4499,#838);
#610=LINE('',#4501,#839);
#611=LINE('',#4504,#840);
#612=LINE('',#4505,#841);
#613=LINE('',#4507,#842);
#614=LINE('',#4509,#843);
#615=LINE('',#4511,#844);
#616=LINE('',#4513,#845);
#617=LINE('',#4514,#846);
#618=LINE('',#4516,#847);
#619=LINE('',#4518,#848);
#620=LINE('',#4520,#849);
#621=LINE('',#4522,#850);
#622=LINE('',#4523,#851);
#623=LINE('',#4525,#852);
#624=LINE('',#4527,#853);
#625=LINE('',#4529,#854);
#626=LINE('',#4531,#855);
#627=LINE('',#4532,#856);
#628=LINE('',#4534,#857);
#629=LINE('',#4536,#858);
#630=LINE('',#4538,#859);
#631=LINE('',#4540,#860);
#632=LINE('',#4541,#861);
#633=LINE('',#4543,#862);
#634=LINE('',#4545,#863);
#635=LINE('',#4547,#864);
#636=LINE('',#4549,#865);
#637=LINE('',#4550,#866);
#638=LINE('',#4552,#867);
#639=LINE('',#4554,#868);
#640=LINE('',#4556,#869);
#641=LINE('',#4558,#870);
#642=LINE('',#4560,#871);
#643=LINE('',#4562,#872);
#644=LINE('',#4564,#873);
#645=LINE('',#4566,#874);
#646=LINE('',#4568,#875);
#647=LINE('',#4570,#876);
#648=LINE('',#4572,#877);
#649=LINE('',#4574,#878);
#650=LINE('',#4576,#879);
#651=LINE('',#4578,#880);
#652=LINE('',#4580,#881);
#653=LINE('',#4582,#882);
#654=LINE('',#4585,#883);
#655=LINE('',#4588,#884);
#656=LINE('',#4591,#885);
#657=LINE('',#4594,#886);
#658=LINE('',#4597,#887);
#659=VECTOR('',#2875,10.);
#660=VECTOR('',#2878,10.);
#661=VECTOR('',#2883,10.);
#662=VECTOR('',#2888,10.);
#663=VECTOR('',#2891,10.);
#664=VECTOR('',#2894,10.);
#665=VECTOR('',#2903,10.);
#666=VECTOR('',#2908,10.);
#667=VECTOR('',#2911,10.);
#668=VECTOR('',#2914,10.);
#669=VECTOR('',#2923,10.);
#670=VECTOR('',#2928,10.);
#671=VECTOR('',#2931,10.);
#672=VECTOR('',#2934,10.);
#673=VECTOR('',#2943,10.);
#674=VECTOR('',#2946,10.);
#675=VECTOR('',#2997,10.);
#676=VECTOR('',#3000,10.);
#677=VECTOR('',#3003,10.);
#678=VECTOR('',#3006,10.);
#679=VECTOR('',#3009,10.);
#680=VECTOR('',#3012,10.);
#681=VECTOR('',#3015,10.);
#682=VECTOR('',#3018,10.);
#683=VECTOR('',#3021,10.);
#684=VECTOR('',#3024,10.);
#685=VECTOR('',#3027,10.);
#686=VECTOR('',#3030,10.);
#687=VECTOR('',#3033,10.);
#688=VECTOR('',#3036,10.);
#689=VECTOR('',#3039,10.);
#690=VECTOR('',#3042,10.);
#691=VECTOR('',#3045,10.);
#692=VECTOR('',#3048,10.);
#693=VECTOR('',#3051,10.);
#694=VECTOR('',#3054,10.);
#695=VECTOR('',#3057,10.);
#696=VECTOR('',#3060,10.);
#697=VECTOR('',#3063,10.);
#698=VECTOR('',#3066,10.);
#699=VECTOR('',#3069,10.);
#700=VECTOR('',#3072,10.);
#701=VECTOR('',#3075,10.);
#702=VECTOR('',#3078,10.);
#703=VECTOR('',#3081,10.);
#704=VECTOR('',#3084,10.);
#705=VECTOR('',#3087,10.);
#706=VECTOR('',#3090,10.);
#707=VECTOR('',#3095,1.5);
#708=VECTOR('',#3100,1.5);
#709=VECTOR('',#3105,1.5);
#710=VECTOR('',#3110,1.5);
#711=VECTOR('',#3115,10.);
#712=VECTOR('',#3118,10.);
#713=VECTOR('',#3121,10.);
#714=VECTOR('',#3124,10.);
#715=VECTOR('',#3127,10.);
#716=VECTOR('',#3130,10.);
#717=VECTOR('',#3133,10.);
#718=VECTOR('',#3136,10.);
#719=VECTOR('',#3141,10.);
#720=VECTOR('',#3144,10.);
#721=VECTOR('',#3147,10.);
#722=VECTOR('',#3150,10.);
#723=VECTOR('',#3153,10.);
#724=VECTOR('',#3156,10.);
#725=VECTOR('',#3159,10.);
#726=VECTOR('',#3162,10.);
#727=VECTOR('',#3165,10.);
#728=VECTOR('',#3168,10.);
#729=VECTOR('',#3171,10.);
#730=VECTOR('',#3174,10.);
#731=VECTOR('',#3177,10.);
#732=VECTOR('',#3180,10.);
#733=VECTOR('',#3183,10.);
#734=VECTOR('',#3186,10.);
#735=VECTOR('',#3189,10.);
#736=VECTOR('',#3192,10.);
#737=VECTOR('',#3195,10.);
#738=VECTOR('',#3198,10.);
#739=VECTOR('',#3201,10.);
#740=VECTOR('',#3204,10.);
#741=VECTOR('',#3207,10.);
#742=VECTOR('',#3210,10.);
#743=VECTOR('',#3223,0.834959810970255);
#744=VECTOR('',#3228,10.);
#745=VECTOR('',#3229,10.);
#746=VECTOR('',#3230,10.);
#747=VECTOR('',#3231,10.);
#748=VECTOR('',#3232,10.);
#749=VECTOR('',#3233,10.);
#750=VECTOR('',#3234,10.);
#751=VECTOR('',#3235,10.);
#752=VECTOR('',#3238,10.);
#753=VECTOR('',#3239,10.);
#754=VECTOR('',#3240,10.);
#755=VECTOR('',#3243,10.);
#756=VECTOR('',#3244,10.);
#757=VECTOR('',#3247,10.);
#758=VECTOR('',#3248,10.);
#759=VECTOR('',#3251,10.);
#760=VECTOR('',#3252,10.);
#761=VECTOR('',#3255,10.);
#762=VECTOR('',#3256,10.);
#763=VECTOR('',#3259,10.);
#764=VECTOR('',#3260,10.);
#765=VECTOR('',#3263,10.);
#766=VECTOR('',#3264,10.);
#767=VECTOR('',#3267,10.);
#768=VECTOR('',#3270,10.);
#769=VECTOR('',#3271,10.);
#770=VECTOR('',#3272,10.);
#771=VECTOR('',#3275,10.);
#772=VECTOR('',#3276,10.);
#773=VECTOR('',#3279,10.);
#774=VECTOR('',#3280,10.);
#775=VECTOR('',#3283,10.);
#776=VECTOR('',#3284,10.);
#777=VECTOR('',#3287,10.);
#778=VECTOR('',#3288,10.);
#779=VECTOR('',#3291,10.);
#780=VECTOR('',#3292,10.);
#781=VECTOR('',#3295,10.);
#782=VECTOR('',#3296,10.);
#783=VECTOR('',#3299,10.);
#784=VECTOR('',#3302,1.);
#785=VECTOR('',#3305,1.);
#786=VECTOR('',#3308,1.);
#787=VECTOR('',#3311,1.);
#788=VECTOR('',#3314,10.);
#789=VECTOR('',#3317,10.);
#790=VECTOR('',#3320,10.);
#791=VECTOR('',#3323,10.);
#792=VECTOR('',#3356,10.);
#793=VECTOR('',#3357,10.);
#794=VECTOR('',#3362,10.);
#795=VECTOR('',#3363,10.);
#796=VECTOR('',#3366,10.);
#797=VECTOR('',#3373,10.);
#798=VECTOR('',#3376,10.);
#799=VECTOR('',#3377,10.);
#800=VECTOR('',#3378,10.);
#801=VECTOR('',#3379,10.);
#802=VECTOR('',#3382,10.);
#803=VECTOR('',#3383,10.);
#804=VECTOR('',#3386,10.);
#805=VECTOR('',#3387,10.);
#806=VECTOR('',#3388,10.);
#807=VECTOR('',#3389,10.);
#808=VECTOR('',#3392,10.);
#809=VECTOR('',#3393,10.);
#810=VECTOR('',#3394,10.);
#811=VECTOR('',#3397,10.);
#812=VECTOR('',#3400,10.);
#813=VECTOR('',#3401,10.);
#814=VECTOR('',#3404,10.);
#815=VECTOR('',#3407,10.);
#816=VECTOR('',#3410,10.);
#817=VECTOR('',#3413,10.);
#818=VECTOR('',#3416,10.);
#819=VECTOR('',#3419,10.);
#820=VECTOR('',#3420,10.);
#821=VECTOR('',#3423,10.);
#822=VECTOR('',#3426,10.);
#823=VECTOR('',#3427,10.);
#824=VECTOR('',#3430,10.);
#825=VECTOR('',#3433,10.);
#826=VECTOR('',#3436,10.);
#827=VECTOR('',#3443,10.);
#828=VECTOR('',#3444,10.);
#829=VECTOR('',#3447,10.);
#830=VECTOR('',#3450,10.);
#831=VECTOR('',#3453,10.);
#832=VECTOR('',#3454,10.);
#833=VECTOR('',#3457,10.);
#834=VECTOR('',#3460,10.);
#835=VECTOR('',#3467,10.);
#836=VECTOR('',#3468,10.);
#837=VECTOR('',#3469,10.);
#838=VECTOR('',#3480,10.);
#839=VECTOR('',#3483,10.);
#840=VECTOR('',#3488,10.);
#841=VECTOR('',#3489,10.);
#842=VECTOR('',#3492,10.);
#843=VECTOR('',#3495,10.);
#844=VECTOR('',#3498,10.);
#845=VECTOR('',#3501,10.);
#846=VECTOR('',#3502,10.);
#847=VECTOR('',#3505,10.);
#848=VECTOR('',#3508,10.);
#849=VECTOR('',#3511,10.);
#850=VECTOR('',#3514,10.);
#851=VECTOR('',#3515,10.);
#852=VECTOR('',#3518,10.);
#853=VECTOR('',#3521,10.);
#854=VECTOR('',#3524,10.);
#855=VECTOR('',#3527,10.);
#856=VECTOR('',#3528,10.);
#857=VECTOR('',#3531,10.);
#858=VECTOR('',#3534,10.);
#859=VECTOR('',#3537,10.);
#860=VECTOR('',#3540,10.);
#861=VECTOR('',#3541,10.);
#862=VECTOR('',#3544,10.);
#863=VECTOR('',#3547,10.);
#864=VECTOR('',#3550,10.);
#865=VECTOR('',#3553,10.);
#866=VECTOR('',#3554,10.);
#867=VECTOR('',#3557,10.);
#868=VECTOR('',#3560,10.);
#869=VECTOR('',#3563,10.);
#870=VECTOR('',#3566,10.);
#871=VECTOR('',#3569,10.);
#872=VECTOR('',#3572,10.);
#873=VECTOR('',#3575,10.);
#874=VECTOR('',#3578,10.);
#875=VECTOR('',#3581,10.);
#876=VECTOR('',#3584,10.);
#877=VECTOR('',#3587,10.);
#878=VECTOR('',#3590,10.);
#879=VECTOR('',#3593,10.);
#880=VECTOR('',#3596,10.);
#881=VECTOR('',#3599,10.);
#882=VECTOR('',#3602,10.);
#883=VECTOR('',#3607,10.);
#884=VECTOR('',#3612,10.);
#885=VECTOR('',#3617,10.);
#886=VECTOR('',#3622,10.);
#887=VECTOR('',#3627,10.);
#888=CIRCLE('',#2605,1.5);
#889=CIRCLE('',#2606,1.5);
#890=CIRCLE('',#2608,1.5);
#891=CIRCLE('',#2610,1.5);
#892=CIRCLE('',#2611,1.5);
#893=CIRCLE('',#2613,1.5);
#894=CIRCLE('',#2614,3.);
#895=CIRCLE('',#2616,1.5);
#896=CIRCLE('',#2618,1.5);
#897=CIRCLE('',#2619,1.5);
#898=CIRCLE('',#2621,1.5);
#899=CIRCLE('',#2622,3.);
#900=CIRCLE('',#2624,1.5);
#901=CIRCLE('',#2626,1.5);
#902=CIRCLE('',#2627,1.5);
#903=CIRCLE('',#2629,1.5);
#904=CIRCLE('',#2630,3.);
#905=CIRCLE('',#2632,1.5);
#906=CIRCLE('',#2634,1.5);
#907=CIRCLE('',#2635,3.);
#908=CIRCLE('',#2637,2.5);
#909=CIRCLE('',#2638,1.);
#910=CIRCLE('',#2639,1.5);
#911=CIRCLE('',#2640,1.5);
#912=CIRCLE('',#2642,2.5);
#913=CIRCLE('',#2643,1.);
#914=CIRCLE('',#2644,1.5);
#915=CIRCLE('',#2645,1.5);
#916=CIRCLE('',#2647,2.5);
#917=CIRCLE('',#2648,1.);
#918=CIRCLE('',#2649,1.5);
#919=CIRCLE('',#2650,1.5);
#920=CIRCLE('',#2651,2.5);
#921=CIRCLE('',#2653,2.5);
#922=CIRCLE('',#2654,1.);
#923=CIRCLE('',#2655,1.5);
#924=CIRCLE('',#2656,1.5);
#925=CIRCLE('',#2657,2.5);
#926=CIRCLE('',#2659,1.);
#927=CIRCLE('',#2660,0.999999999999996);
#928=CIRCLE('',#2661,0.999999999999996);
#929=CIRCLE('',#2662,1.);
#930=CIRCLE('',#2663,0.499999999999998);
#931=CIRCLE('',#2664,0.499999999999998);
#932=CIRCLE('',#2665,0.499999999999998);
#933=CIRCLE('',#2666,0.499999999999998);
#934=CIRCLE('',#2667,0.499999999999998);
#935=CIRCLE('',#2668,0.5);
#936=CIRCLE('',#2669,0.499999999999998);
#937=CIRCLE('',#2670,0.5);
#938=CIRCLE('',#2671,0.499999999999998);
#939=CIRCLE('',#2672,0.499999999999998);
#940=CIRCLE('',#2673,0.499999999999998);
#941=CIRCLE('',#2674,0.499999999999998);
#942=CIRCLE('',#2675,0.499999999999998);
#943=CIRCLE('',#2676,0.499999999999998);
#944=CIRCLE('',#2677,0.499999999999998);
#945=CIRCLE('',#2678,0.499999999999998);
#946=CIRCLE('',#2679,0.5);
#947=CIRCLE('',#2680,0.499999999999998);
#948=CIRCLE('',#2681,0.5);
#949=CIRCLE('',#2682,0.499999999999998);
#950=CIRCLE('',#2683,0.499999999999998);
#951=CIRCLE('',#2684,0.499999999999998);
#952=CIRCLE('',#2685,0.499999999999998);
#953=CIRCLE('',#2686,0.499999999999998);
#954=CIRCLE('',#2687,3.);
#955=CIRCLE('',#2688,3.);
#956=CIRCLE('',#2689,3.);
#957=CIRCLE('',#2690,3.);
#958=CIRCLE('',#2692,1.5);
#959=CIRCLE('',#2694,1.5);
#960=CIRCLE('',#2696,1.5);
#961=CIRCLE('',#2698,1.5);
#962=CIRCLE('',#2700,0.5);
#963=CIRCLE('',#2701,0.5);
#964=CIRCLE('',#2702,1.);
#965=CIRCLE('',#2703,1.);
#966=CIRCLE('',#2704,3.);
#967=CIRCLE('',#2705,3.);
#968=CIRCLE('',#2706,3.);
#969=CIRCLE('',#2707,3.);
#970=CIRCLE('',#2708,0.499999999999998);
#971=CIRCLE('',#2709,0.499999999999998);
#972=CIRCLE('',#2710,0.499999999999998);
#973=CIRCLE('',#2711,0.499999999999998);
#974=CIRCLE('',#2712,0.5);
#975=CIRCLE('',#2713,0.499999999999998);
#976=CIRCLE('',#2714,0.5);
#977=CIRCLE('',#2715,0.499999999999998);
#978=CIRCLE('',#2716,0.499999999999998);
#979=CIRCLE('',#2717,0.499999999999998);
#980=CIRCLE('',#2718,0.499999999999998);
#981=CIRCLE('',#2719,0.499999999999998);
#982=CIRCLE('',#2720,0.499999999999998);
#983=CIRCLE('',#2721,0.499999999999998);
#984=CIRCLE('',#2722,0.499999999999998);
#985=CIRCLE('',#2723,0.499999999999998);
#986=CIRCLE('',#2724,0.499999999999998);
#987=CIRCLE('',#2725,0.5);
#988=CIRCLE('',#2726,0.499999999999998);
#989=CIRCLE('',#2727,0.5);
#990=CIRCLE('',#2728,0.499999999999998);
#991=CIRCLE('',#2729,0.499999999999998);
#992=CIRCLE('',#2730,0.499999999999998);
#993=CIRCLE('',#2731,0.499999999999998);
#994=CIRCLE('',#2733,0.934959810970255);
#995=CIRCLE('',#2734,0.1);
#996=CIRCLE('',#2735,0.834959810970255);
#997=CIRCLE('',#2736,0.834959810970255);
#998=CIRCLE('',#2738,0.834959810970255);
#999=CIRCLE('',#2757,0.0202041028867286);
#1000=CIRCLE('',#2758,0.020204102886723);
#1001=CIRCLE('',#2759,0.0202041028867249);
#1002=CIRCLE('',#2760,0.0202041028867283);
#1003=CIRCLE('',#2761,1.);
#1004=CIRCLE('',#2762,1.);
#1005=CIRCLE('',#2763,1.);
#1006=CIRCLE('',#2764,1.);
#1007=CIRCLE('',#2766,1.);
#1008=CIRCLE('',#2767,1.);
#1009=CIRCLE('',#2768,1.);
#1010=CIRCLE('',#2769,0.999999999999998);
#1011=CIRCLE('',#2771,1.);
#1012=CIRCLE('',#2773,1.);
#1013=CIRCLE('',#2774,1.);
#1014=CIRCLE('',#2775,1.);
#1015=CIRCLE('',#2779,1.);
#1016=CIRCLE('',#2783,1.);
#1017=CIRCLE('',#2793,1.);
#1018=CIRCLE('',#2794,1.);
#1019=CIRCLE('',#2795,1.);
#1020=CIRCLE('',#2796,1.);
#1021=CIRCLE('',#2815,0.499999999999999);
#1022=CIRCLE('',#2817,0.499999999999999);
#1023=VERTEX_POINT('',#3632);
#1024=VERTEX_POINT('',#3633);
#1025=VERTEX_POINT('',#3635);
#1026=VERTEX_POINT('',#3637);
#1027=VERTEX_POINT('',#3641);
#1028=VERTEX_POINT('',#3656);
#1029=VERTEX_POINT('',#3660);
#1030=VERTEX_POINT('',#3661);
#1031=VERTEX_POINT('',#3663);
#1032=VERTEX_POINT('',#3665);
#1033=VERTEX_POINT('',#3669);
#1034=VERTEX_POINT('',#3670);
#1035=VERTEX_POINT('',#3687);
#1036=VERTEX_POINT('',#3711);
#1037=VERTEX_POINT('',#3722);
#1038=VERTEX_POINT('',#3729);
#1039=VERTEX_POINT('',#3733);
#1040=VERTEX_POINT('',#3734);
#1041=VERTEX_POINT('',#3736);
#1042=VERTEX_POINT('',#3738);
#1043=VERTEX_POINT('',#3742);
#1044=VERTEX_POINT('',#3757);
#1045=VERTEX_POINT('',#3781);
#1046=VERTEX_POINT('',#3796);
#1047=VERTEX_POINT('',#3800);
#1048=VERTEX_POINT('',#3801);
#1049=VERTEX_POINT('',#3803);
#1050=VERTEX_POINT('',#3805);
#1051=VERTEX_POINT('',#3809);
#1052=VERTEX_POINT('',#3824);
#1053=VERTEX_POINT('',#3848);
#1054=VERTEX_POINT('',#3863);
#1055=VERTEX_POINT('',#3867);
#1056=VERTEX_POINT('',#3882);
#1057=VERTEX_POINT('',#3907);
#1058=VERTEX_POINT('',#3909);
#1059=VERTEX_POINT('',#3914);
#1060=VERTEX_POINT('',#3916);
#1061=VERTEX_POINT('',#3920);
#1062=VERTEX_POINT('',#3922);
#1063=VERTEX_POINT('',#3924);
#1064=VERTEX_POINT('',#3929);
#1065=VERTEX_POINT('',#3931);
#1066=VERTEX_POINT('',#3933);
#1067=VERTEX_POINT('',#3938);
#1068=VERTEX_POINT('',#3939);
#1069=VERTEX_POINT('',#3941);
#1070=VERTEX_POINT('',#3943);
#1071=VERTEX_POINT('',#3945);
#1072=VERTEX_POINT('',#3947);
#1073=VERTEX_POINT('',#3949);
#1074=VERTEX_POINT('',#3951);
#1075=VERTEX_POINT('',#3954);
#1076=VERTEX_POINT('',#3955);
#1077=VERTEX_POINT('',#3957);
#1078=VERTEX_POINT('',#3959);
#1079=VERTEX_POINT('',#3961);
#1080=VERTEX_POINT('',#3963);
#1081=VERTEX_POINT('',#3965);
#1082=VERTEX_POINT('',#3967);
#1083=VERTEX_POINT('',#3970);
#1084=VERTEX_POINT('',#3971);
#1085=VERTEX_POINT('',#3973);
#1086=VERTEX_POINT('',#3975);
#1087=VERTEX_POINT('',#3977);
#1088=VERTEX_POINT('',#3979);
#1089=VERTEX_POINT('',#3981);
#1090=VERTEX_POINT('',#3983);
#1091=VERTEX_POINT('',#3986);
#1092=VERTEX_POINT('',#3987);
#1093=VERTEX_POINT('',#3989);
#1094=VERTEX_POINT('',#3991);
#1095=VERTEX_POINT('',#3993);
#1096=VERTEX_POINT('',#3995);
#1097=VERTEX_POINT('',#3997);
#1098=VERTEX_POINT('',#3999);
#1099=VERTEX_POINT('',#4002);
#1100=VERTEX_POINT('',#4003);
#1101=VERTEX_POINT('',#4005);
#1102=VERTEX_POINT('',#4007);
#1103=VERTEX_POINT('',#4009);
#1104=VERTEX_POINT('',#4011);
#1105=VERTEX_POINT('',#4013);
#1106=VERTEX_POINT('',#4015);
#1107=VERTEX_POINT('',#4018);
#1108=VERTEX_POINT('',#4019);
#1109=VERTEX_POINT('',#4021);
#1110=VERTEX_POINT('',#4023);
#1111=VERTEX_POINT('',#4025);
#1112=VERTEX_POINT('',#4027);
#1113=VERTEX_POINT('',#4029);
#1114=VERTEX_POINT('',#4031);
#1115=VERTEX_POINT('',#4034);
#1116=VERTEX_POINT('',#4035);
#1117=VERTEX_POINT('',#4037);
#1118=VERTEX_POINT('',#4039);
#1119=VERTEX_POINT('',#4041);
#1120=VERTEX_POINT('',#4043);
#1121=VERTEX_POINT('',#4045);
#1122=VERTEX_POINT('',#4047);
#1123=VERTEX_POINT('',#4050);
#1124=VERTEX_POINT('',#4051);
#1125=VERTEX_POINT('',#4053);
#1126=VERTEX_POINT('',#4055);
#1127=VERTEX_POINT('',#4057);
#1128=VERTEX_POINT('',#4059);
#1129=VERTEX_POINT('',#4061);
#1130=VERTEX_POINT('',#4063);
#1131=VERTEX_POINT('',#4067);
#1132=VERTEX_POINT('',#4071);
#1133=VERTEX_POINT('',#4075);
#1134=VERTEX_POINT('',#4079);
#1135=VERTEX_POINT('',#4083);
#1136=VERTEX_POINT('',#4084);
#1137=VERTEX_POINT('',#4086);
#1138=VERTEX_POINT('',#4088);
#1139=VERTEX_POINT('',#4090);
#1140=VERTEX_POINT('',#4092);
#1141=VERTEX_POINT('',#4094);
#1142=VERTEX_POINT('',#4096);
#1143=VERTEX_POINT('',#4099);
#1144=VERTEX_POINT('',#4100);
#1145=VERTEX_POINT('',#4102);
#1146=VERTEX_POINT('',#4104);
#1147=VERTEX_POINT('',#4106);
#1148=VERTEX_POINT('',#4108);
#1149=VERTEX_POINT('',#4110);
#1150=VERTEX_POINT('',#4112);
#1151=VERTEX_POINT('',#4115);
#1152=VERTEX_POINT('',#4116);
#1153=VERTEX_POINT('',#4118);
#1154=VERTEX_POINT('',#4120);
#1155=VERTEX_POINT('',#4122);
#1156=VERTEX_POINT('',#4124);
#1157=VERTEX_POINT('',#4126);
#1158=VERTEX_POINT('',#4128);
#1159=VERTEX_POINT('',#4131);
#1160=VERTEX_POINT('',#4132);
#1161=VERTEX_POINT('',#4134);
#1162=VERTEX_POINT('',#4136);
#1163=VERTEX_POINT('',#4138);
#1164=VERTEX_POINT('',#4140);
#1165=VERTEX_POINT('',#4142);
#1166=VERTEX_POINT('',#4144);
#1167=VERTEX_POINT('',#4147);
#1168=VERTEX_POINT('',#4148);
#1169=VERTEX_POINT('',#4150);
#1170=VERTEX_POINT('',#4152);
#1171=VERTEX_POINT('',#4154);
#1172=VERTEX_POINT('',#4156);
#1173=VERTEX_POINT('',#4158);
#1174=VERTEX_POINT('',#4160);
#1175=VERTEX_POINT('',#4163);
#1176=VERTEX_POINT('',#4164);
#1177=VERTEX_POINT('',#4166);
#1178=VERTEX_POINT('',#4168);
#1179=VERTEX_POINT('',#4170);
#1180=VERTEX_POINT('',#4172);
#1181=VERTEX_POINT('',#4174);
#1182=VERTEX_POINT('',#4176);
#1183=VERTEX_POINT('',#4179);
#1184=VERTEX_POINT('',#4180);
#1185=VERTEX_POINT('',#4182);
#1186=VERTEX_POINT('',#4184);
#1187=VERTEX_POINT('',#4186);
#1188=VERTEX_POINT('',#4188);
#1189=VERTEX_POINT('',#4190);
#1190=VERTEX_POINT('',#4192);
#1191=VERTEX_POINT('',#4195);
#1192=VERTEX_POINT('',#4196);
#1193=VERTEX_POINT('',#4198);
#1194=VERTEX_POINT('',#4200);
#1195=VERTEX_POINT('',#4202);
#1196=VERTEX_POINT('',#4204);
#1197=VERTEX_POINT('',#4206);
#1198=VERTEX_POINT('',#4208);
#1199=VERTEX_POINT('',#4212);
#1200=VERTEX_POINT('',#4214);
#1201=VERTEX_POINT('',#4216);
#1202=VERTEX_POINT('',#4220);
#1203=VERTEX_POINT('',#4224);
#1204=VERTEX_POINT('',#4225);
#1205=VERTEX_POINT('',#4227);
#1206=VERTEX_POINT('',#4229);
#1207=VERTEX_POINT('',#4231);
#1208=VERTEX_POINT('',#4233);
#1209=VERTEX_POINT('',#4235);
#1210=VERTEX_POINT('',#4237);
#1211=VERTEX_POINT('',#4241);
#1212=VERTEX_POINT('',#4242);
#1213=VERTEX_POINT('',#4247);
#1214=VERTEX_POINT('',#4251);
#1215=VERTEX_POINT('',#4255);
#1216=VERTEX_POINT('',#4259);
#1217=VERTEX_POINT('',#4263);
#1218=VERTEX_POINT('',#4267);
#1219=VERTEX_POINT('',#4273);
#1220=VERTEX_POINT('',#4275);
#1221=VERTEX_POINT('',#4279);
#1222=VERTEX_POINT('',#4283);
#1223=VERTEX_POINT('',#4287);
#1224=VERTEX_POINT('',#4291);
#1225=VERTEX_POINT('',#4295);
#1226=VERTEX_POINT('',#4299);
#1227=VERTEX_POINT('',#4305);
#1228=VERTEX_POINT('',#4306);
#1229=VERTEX_POINT('',#4308);
#1230=VERTEX_POINT('',#4310);
#1231=VERTEX_POINT('',#4312);
#1232=VERTEX_POINT('',#4314);
#1233=VERTEX_POINT('',#4316);
#1234=VERTEX_POINT('',#4318);
#1235=VERTEX_POINT('',#4321);
#1236=VERTEX_POINT('',#4322);
#1237=VERTEX_POINT('',#4324);
#1238=VERTEX_POINT('',#4326);
#1239=VERTEX_POINT('',#4328);
#1240=VERTEX_POINT('',#4330);
#1241=VERTEX_POINT('',#4332);
#1242=VERTEX_POINT('',#4334);
#1243=VERTEX_POINT('',#4387);
#1244=VERTEX_POINT('',#4388);
#1245=VERTEX_POINT('',#4391);
#1246=VERTEX_POINT('',#4395);
#1247=VERTEX_POINT('',#4399);
#1248=VERTEX_POINT('',#4403);
#1249=VERTEX_POINT('',#4407);
#1250=VERTEX_POINT('',#4409);
#1251=VERTEX_POINT('',#4411);
#1252=VERTEX_POINT('',#4415);
#1253=VERTEX_POINT('',#4419);
#1254=VERTEX_POINT('',#4420);
#1255=VERTEX_POINT('',#4422);
#1256=VERTEX_POINT('',#4424);
#1257=VERTEX_POINT('',#4429);
#1258=VERTEX_POINT('',#4435);
#1259=VERTEX_POINT('',#4440);
#1260=VERTEX_POINT('',#4441);
#1261=VERTEX_POINT('',#4443);
#1262=VERTEX_POINT('',#4445);
#1263=VERTEX_POINT('',#4447);
#1264=VERTEX_POINT('',#4449);
#1265=VERTEX_POINT('',#4451);
#1266=VERTEX_POINT('',#4453);
#1267=VERTEX_POINT('',#4489);
#1268=VERTEX_POINT('',#4491);
#1269=EDGE_CURVE('',#1023,#1024,#888,.T.);
#1270=EDGE_CURVE('',#1025,#1024,#430,.T.);
#1271=EDGE_CURVE('',#1025,#1026,#889,.T.);
#1272=EDGE_CURVE('',#1026,#1023,#431,.T.);
#1273=EDGE_CURVE('',#1023,#1027,#120,.T.);
#1274=EDGE_CURVE('',#1027,#1028,#890,.T.);
#1275=EDGE_CURVE('',#1024,#1028,#432,.T.);
#1276=EDGE_CURVE('',#1029,#1030,#891,.T.);
#1277=EDGE_CURVE('',#1031,#1030,#433,.T.);
#1278=EDGE_CURVE('',#1031,#1032,#892,.T.);
#1279=EDGE_CURVE('',#1032,#1029,#434,.T.);
#1280=EDGE_CURVE('',#1033,#1034,#121,.T.);
#1281=EDGE_CURVE('',#1034,#1032,#122,.T.);
#1282=EDGE_CURVE('',#1035,#1031,#435,.T.);
#1283=EDGE_CURVE('',#1035,#1033,#893,.T.);
#1284=EDGE_CURVE('',#1027,#1033,#123,.T.);
#1285=EDGE_CURVE('',#1035,#1028,#894,.T.);
#1286=EDGE_CURVE('',#1029,#1036,#124,.T.);
#1287=EDGE_CURVE('',#1036,#1037,#125,.T.);
#1288=EDGE_CURVE('',#1037,#1038,#895,.T.);
#1289=EDGE_CURVE('',#1030,#1038,#436,.T.);
#1290=EDGE_CURVE('',#1039,#1040,#896,.T.);
#1291=EDGE_CURVE('',#1041,#1040,#437,.T.);
#1292=EDGE_CURVE('',#1041,#1042,#897,.T.);
#1293=EDGE_CURVE('',#1042,#1039,#438,.T.);
#1294=EDGE_CURVE('',#1043,#1042,#126,.T.);
#1295=EDGE_CURVE('',#1044,#1041,#439,.T.);
#1296=EDGE_CURVE('',#1044,#1043,#898,.T.);
#1297=EDGE_CURVE('',#1037,#1043,#127,.T.);
#1298=EDGE_CURVE('',#1044,#1038,#899,.T.);
#1299=EDGE_CURVE('',#1039,#1045,#128,.T.);
#1300=EDGE_CURVE('',#1045,#1046,#900,.T.);
#1301=EDGE_CURVE('',#1040,#1046,#440,.T.);
#1302=EDGE_CURVE('',#1047,#1048,#901,.T.);
#1303=EDGE_CURVE('',#1049,#1048,#441,.T.);
#1304=EDGE_CURVE('',#1049,#1050,#902,.T.);
#1305=EDGE_CURVE('',#1050,#1047,#442,.T.);
#1306=EDGE_CURVE('',#1051,#1050,#129,.T.);
#1307=EDGE_CURVE('',#1052,#1049,#443,.T.);
#1308=EDGE_CURVE('',#1052,#1051,#903,.T.);
#1309=EDGE_CURVE('',#1045,#1051,#130,.T.);
#1310=EDGE_CURVE('',#1052,#1046,#904,.T.);
#1311=EDGE_CURVE('',#1047,#1053,#131,.T.);
#1312=EDGE_CURVE('',#1053,#1054,#905,.T.);
#1313=EDGE_CURVE('',#1048,#1054,#444,.T.);
#1314=EDGE_CURVE('',#1055,#1026,#132,.T.);
#1315=EDGE_CURVE('',#1056,#1025,#445,.T.);
#1316=EDGE_CURVE('',#1056,#1055,#906,.T.);
#1317=EDGE_CURVE('',#1053,#1055,#133,.T.);
#1318=EDGE_CURVE('',#1056,#1054,#907,.T.);
#1319=EDGE_CURVE('',#1023,#1032,#908,.T.);
#1320=EDGE_CURVE('',#1034,#1057,#909,.T.);
#1321=EDGE_CURVE('',#1057,#1058,#910,.T.);
#1322=EDGE_CURVE('',#1058,#1057,#911,.T.);
#1323=EDGE_CURVE('',#1029,#1042,#912,.T.);
#1324=EDGE_CURVE('',#1036,#1059,#913,.T.);
#1325=EDGE_CURVE('',#1059,#1060,#914,.T.);
#1326=EDGE_CURVE('',#1060,#1059,#915,.T.);
#1327=EDGE_CURVE('',#1047,#1061,#916,.T.);
#1328=EDGE_CURVE('',#1061,#1062,#917,.T.);
#1329=EDGE_CURVE('',#1062,#1063,#918,.T.);
#1330=EDGE_CURVE('',#1063,#1062,#919,.T.);
#1331=EDGE_CURVE('',#1061,#1026,#920,.T.);
#1332=EDGE_CURVE('',#1039,#1064,#921,.T.);
#1333=EDGE_CURVE('',#1064,#1065,#922,.T.);
#1334=EDGE_CURVE('',#1065,#1066,#923,.T.);
#1335=EDGE_CURVE('',#1066,#1065,#924,.T.);
#1336=EDGE_CURVE('',#1064,#1050,#925,.T.);
#1337=EDGE_CURVE('',#1067,#1068,#446,.T.);
#1338=EDGE_CURVE('',#1069,#1068,#926,.F.);
#1339=EDGE_CURVE('',#1069,#1070,#447,.T.);
#1340=EDGE_CURVE('',#1070,#1071,#927,.T.);
#1341=EDGE_CURVE('',#1071,#1072,#448,.T.);
#1342=EDGE_CURVE('',#1072,#1073,#928,.T.);
#1343=EDGE_CURVE('',#1073,#1074,#449,.T.);
#1344=EDGE_CURVE('',#1067,#1074,#929,.F.);
#1345=EDGE_CURVE('',#1075,#1076,#450,.T.);
#1346=EDGE_CURVE('',#1076,#1077,#930,.T.);
#1347=EDGE_CURVE('',#1077,#1078,#451,.T.);
#1348=EDGE_CURVE('',#1078,#1079,#931,.T.);
#1349=EDGE_CURVE('',#1079,#1080,#452,.T.);
#1350=EDGE_CURVE('',#1080,#1081,#932,.T.);
#1351=EDGE_CURVE('',#1081,#1082,#453,.T.);
#1352=EDGE_CURVE('',#1082,#1075,#933,.T.);
#1353=EDGE_CURVE('',#1083,#1084,#454,.T.);
#1354=EDGE_CURVE('',#1084,#1085,#934,.T.);
#1355=EDGE_CURVE('',#1085,#1086,#455,.T.);
#1356=EDGE_CURVE('',#1086,#1087,#935,.T.);
#1357=EDGE_CURVE('',#1087,#1088,#456,.T.);
#1358=EDGE_CURVE('',#1088,#1089,#936,.T.);
#1359=EDGE_CURVE('',#1089,#1090,#457,.T.);
#1360=EDGE_CURVE('',#1090,#1083,#937,.T.);
#1361=EDGE_CURVE('',#1091,#1092,#458,.T.);
#1362=EDGE_CURVE('',#1092,#1093,#938,.T.);
#1363=EDGE_CURVE('',#1093,#1094,#459,.T.);
#1364=EDGE_CURVE('',#1094,#1095,#939,.T.);
#1365=EDGE_CURVE('',#1095,#1096,#460,.T.);
#1366=EDGE_CURVE('',#1096,#1097,#940,.T.);
#1367=EDGE_CURVE('',#1097,#1098,#461,.T.);
#1368=EDGE_CURVE('',#1098,#1091,#941,.T.);
#1369=EDGE_CURVE('',#1099,#1100,#462,.T.);
#1370=EDGE_CURVE('',#1100,#1101,#942,.T.);
#1371=EDGE_CURVE('',#1101,#1102,#463,.T.);
#1372=EDGE_CURVE('',#1102,#1103,#943,.T.);
#1373=EDGE_CURVE('',#1103,#1104,#464,.T.);
#1374=EDGE_CURVE('',#1104,#1105,#944,.T.);
#1375=EDGE_CURVE('',#1105,#1106,#465,.T.);
#1376=EDGE_CURVE('',#1106,#1099,#945,.T.);
#1377=EDGE_CURVE('',#1107,#1108,#466,.T.);
#1378=EDGE_CURVE('',#1108,#1109,#946,.T.);
#1379=EDGE_CURVE('',#1109,#1110,#467,.T.);
#1380=EDGE_CURVE('',#1110,#1111,#947,.T.);
#1381=EDGE_CURVE('',#1111,#1112,#468,.T.);
#1382=EDGE_CURVE('',#1112,#1113,#948,.T.);
#1383=EDGE_CURVE('',#1113,#1114,#469,.T.);
#1384=EDGE_CURVE('',#1114,#1107,#949,.T.);
#1385=EDGE_CURVE('',#1115,#1116,#470,.T.);
#1386=EDGE_CURVE('',#1116,#1117,#950,.T.);
#1387=EDGE_CURVE('',#1117,#1118,#471,.T.);
#1388=EDGE_CURVE('',#1118,#1119,#951,.T.);
#1389=EDGE_CURVE('',#1119,#1120,#472,.T.);
#1390=EDGE_CURVE('',#1120,#1121,#952,.T.);
#1391=EDGE_CURVE('',#1121,#1122,#473,.T.);
#1392=EDGE_CURVE('',#1122,#1115,#953,.T.);
#1393=EDGE_CURVE('',#1123,#1124,#474,.T.);
#1394=EDGE_CURVE('',#1125,#1124,#954,.T.);
#1395=EDGE_CURVE('',#1126,#1125,#475,.T.);
#1396=EDGE_CURVE('',#1127,#1126,#955,.T.);
#1397=EDGE_CURVE('',#1127,#1128,#476,.T.);
#1398=EDGE_CURVE('',#1129,#1128,#956,.T.);
#1399=EDGE_CURVE('',#1129,#1130,#477,.T.);
#1400=EDGE_CURVE('',#1123,#1130,#957,.T.);
#1401=EDGE_CURVE('',#1063,#1131,#478,.T.);
#1402=EDGE_CURVE('',#1131,#1131,#958,.T.);
#1403=EDGE_CURVE('',#1066,#1132,#479,.T.);
#1404=EDGE_CURVE('',#1132,#1132,#959,.T.);
#1405=EDGE_CURVE('',#1058,#1133,#480,.T.);
#1406=EDGE_CURVE('',#1133,#1133,#960,.T.);
#1407=EDGE_CURVE('',#1060,#1134,#481,.T.);
#1408=EDGE_CURVE('',#1134,#1134,#961,.T.);
#1409=EDGE_CURVE('',#1135,#1136,#482,.T.);
#1410=EDGE_CURVE('',#1137,#1136,#962,.T.);
#1411=EDGE_CURVE('',#1137,#1138,#483,.T.);
#1412=EDGE_CURVE('',#1139,#1138,#963,.T.);
#1413=EDGE_CURVE('',#1139,#1140,#484,.T.);
#1414=EDGE_CURVE('',#1141,#1140,#964,.T.);
#1415=EDGE_CURVE('',#1141,#1142,#485,.T.);
#1416=EDGE_CURVE('',#1135,#1142,#965,.T.);
#1417=EDGE_CURVE('',#1143,#1144,#486,.T.);
#1418=EDGE_CURVE('',#1145,#1144,#966,.T.);
#1419=EDGE_CURVE('',#1145,#1146,#487,.T.);
#1420=EDGE_CURVE('',#1147,#1146,#967,.T.);
#1421=EDGE_CURVE('',#1148,#1147,#488,.T.);
#1422=EDGE_CURVE('',#1149,#1148,#968,.T.);
#1423=EDGE_CURVE('',#1150,#1149,#489,.T.);
#1424=EDGE_CURVE('',#1143,#1150,#969,.T.);
#1425=EDGE_CURVE('',#1151,#1152,#970,.T.);
#1426=EDGE_CURVE('',#1153,#1151,#490,.T.);
#1427=EDGE_CURVE('',#1154,#1153,#971,.T.);
#1428=EDGE_CURVE('',#1155,#1154,#491,.T.);
#1429=EDGE_CURVE('',#1156,#1155,#972,.T.);
#1430=EDGE_CURVE('',#1157,#1156,#492,.T.);
#1431=EDGE_CURVE('',#1158,#1157,#973,.T.);
#1432=EDGE_CURVE('',#1152,#1158,#493,.T.);
#1433=EDGE_CURVE('',#1159,#1160,#974,.T.);
#1434=EDGE_CURVE('',#1161,#1159,#494,.T.);
#1435=EDGE_CURVE('',#1162,#1161,#975,.T.);
#1436=EDGE_CURVE('',#1163,#1162,#495,.T.);
#1437=EDGE_CURVE('',#1164,#1163,#976,.T.);
#1438=EDGE_CURVE('',#1165,#1164,#496,.T.);
#1439=EDGE_CURVE('',#1166,#1165,#977,.T.);
#1440=EDGE_CURVE('',#1160,#1166,#497,.T.);
#1441=EDGE_CURVE('',#1167,#1168,#978,.T.);
#1442=EDGE_CURVE('',#1169,#1167,#498,.T.);
#1443=EDGE_CURVE('',#1170,#1169,#979,.T.);
#1444=EDGE_CURVE('',#1171,#1170,#499,.T.);
#1445=EDGE_CURVE('',#1172,#1171,#980,.T.);
#1446=EDGE_CURVE('',#1173,#1172,#500,.T.);
#1447=EDGE_CURVE('',#1174,#1173,#981,.T.);
#1448=EDGE_CURVE('',#1168,#1174,#501,.T.);
#1449=EDGE_CURVE('',#1175,#1176,#982,.T.);
#1450=EDGE_CURVE('',#1177,#1175,#502,.T.);
#1451=EDGE_CURVE('',#1178,#1177,#983,.T.);
#1452=EDGE_CURVE('',#1179,#1178,#503,.T.);
#1453=EDGE_CURVE('',#1180,#1179,#984,.T.);
#1454=EDGE_CURVE('',#1181,#1180,#504,.T.);
#1455=EDGE_CURVE('',#1182,#1181,#985,.T.);
#1456=EDGE_CURVE('',#1176,#1182,#505,.T.);
#1457=EDGE_CURVE('',#1183,#1184,#986,.T.);
#1458=EDGE_CURVE('',#1185,#1183,#506,.T.);
#1459=EDGE_CURVE('',#1186,#1185,#987,.T.);
#1460=EDGE_CURVE('',#1187,#1186,#507,.T.);
#1461=EDGE_CURVE('',#1188,#1187,#988,.T.);
#1462=EDGE_CURVE('',#1189,#1188,#508,.T.);
#1463=EDGE_CURVE('',#1190,#1189,#989,.T.);
#1464=EDGE_CURVE('',#1184,#1190,#509,.T.);
#1465=EDGE_CURVE('',#1191,#1192,#990,.T.);
#1466=EDGE_CURVE('',#1193,#1191,#510,.T.);
#1467=EDGE_CURVE('',#1194,#1193,#991,.T.);
#1468=EDGE_CURVE('',#1195,#1194,#511,.T.);
#1469=EDGE_CURVE('',#1196,#1195,#992,.T.);
#1470=EDGE_CURVE('',#1197,#1196,#512,.T.);
#1471=EDGE_CURVE('',#1198,#1197,#993,.T.);
#1472=EDGE_CURVE('',#1192,#1198,#513,.T.);
#1473=EDGE_CURVE('',#1199,#1199,#994,.T.);
#1474=EDGE_CURVE('',#1199,#1200,#995,.T.);
#1475=EDGE_CURVE('',#1200,#1201,#996,.T.);
#1476=EDGE_CURVE('',#1201,#1200,#997,.T.);
#1477=EDGE_CURVE('',#1201,#1202,#514,.T.);
#1478=EDGE_CURVE('',#1202,#1202,#998,.T.);
#1479=EDGE_CURVE('',#1203,#1204,#515,.T.);
#1480=EDGE_CURVE('',#1205,#1203,#516,.T.);
#1481=EDGE_CURVE('',#1206,#1205,#517,.T.);
#1482=EDGE_CURVE('',#1207,#1206,#518,.T.);
#1483=EDGE_CURVE('',#1208,#1207,#519,.T.);
#1484=EDGE_CURVE('',#1209,#1208,#520,.T.);
#1485=EDGE_CURVE('',#1210,#1209,#521,.T.);
#1486=EDGE_CURVE('',#1204,#1210,#522,.T.);
#1487=EDGE_CURVE('',#1211,#1212,#523,.T.);
#1488=EDGE_CURVE('',#1212,#1203,#524,.T.);
#1489=EDGE_CURVE('',#1204,#1211,#525,.T.);
#1490=EDGE_CURVE('',#1212,#1213,#526,.T.);
#1491=EDGE_CURVE('',#1213,#1205,#527,.T.);
#1492=EDGE_CURVE('',#1214,#1211,#528,.T.);
#1493=EDGE_CURVE('',#1210,#1214,#529,.T.);
#1494=EDGE_CURVE('',#1213,#1215,#530,.T.);
#1495=EDGE_CURVE('',#1215,#1206,#531,.T.);
#1496=EDGE_CURVE('',#1216,#1214,#532,.T.);
#1497=EDGE_CURVE('',#1209,#1216,#533,.T.);
#1498=EDGE_CURVE('',#1215,#1217,#534,.T.);
#1499=EDGE_CURVE('',#1217,#1207,#535,.T.);
#1500=EDGE_CURVE('',#1218,#1216,#536,.T.);
#1501=EDGE_CURVE('',#1208,#1218,#537,.T.);
#1502=EDGE_CURVE('',#1217,#1218,#538,.T.);
#1503=EDGE_CURVE('',#1219,#1215,#539,.T.);
#1504=EDGE_CURVE('',#1220,#1219,#540,.T.);
#1505=EDGE_CURVE('',#1220,#1217,#541,.T.);
#1506=EDGE_CURVE('',#1221,#1213,#542,.T.);
#1507=EDGE_CURVE('',#1219,#1221,#543,.T.);
#1508=EDGE_CURVE('',#1222,#1212,#544,.T.);
#1509=EDGE_CURVE('',#1221,#1222,#545,.T.);
#1510=EDGE_CURVE('',#1223,#1211,#546,.T.);
#1511=EDGE_CURVE('',#1222,#1223,#547,.T.);
#1512=EDGE_CURVE('',#1224,#1214,#548,.T.);
#1513=EDGE_CURVE('',#1223,#1224,#549,.T.);
#1514=EDGE_CURVE('',#1225,#1216,#550,.T.);
#1515=EDGE_CURVE('',#1224,#1225,#551,.T.);
#1516=EDGE_CURVE('',#1226,#1218,#552,.T.);
#1517=EDGE_CURVE('',#1225,#1226,#553,.T.);
#1518=EDGE_CURVE('',#1226,#1220,#554,.T.);
#1519=EDGE_CURVE('',#1227,#1228,#555,.T.);
#1520=EDGE_CURVE('',#1229,#1227,#999,.T.);
#1521=EDGE_CURVE('',#1230,#1229,#556,.T.);
#1522=EDGE_CURVE('',#1231,#1230,#1000,.T.);
#1523=EDGE_CURVE('',#1232,#1231,#557,.T.);
#1524=EDGE_CURVE('',#1233,#1232,#1001,.T.);
#1525=EDGE_CURVE('',#1234,#1233,#558,.T.);
#1526=EDGE_CURVE('',#1228,#1234,#1002,.T.);
#1527=EDGE_CURVE('',#1235,#1236,#559,.T.);
#1528=EDGE_CURVE('',#1237,#1235,#1003,.T.);
#1529=EDGE_CURVE('',#1238,#1237,#560,.T.);
#1530=EDGE_CURVE('',#1239,#1238,#1004,.T.);
#1531=EDGE_CURVE('',#1240,#1239,#561,.T.);
#1532=EDGE_CURVE('',#1241,#1240,#1005,.T.);
#1533=EDGE_CURVE('',#1242,#1241,#562,.T.);
#1534=EDGE_CURVE('',#1236,#1242,#1006,.T.);
#1535=EDGE_CURVE('',#1228,#1068,#1007,.T.);
#1536=EDGE_CURVE('',#1067,#1227,#1008,.T.);
#1537=EDGE_CURVE('',#1234,#1069,#1009,.T.);
#1538=EDGE_CURVE('',#1074,#1229,#1010,.T.);
#1539=EDGE_CURVE('',#1233,#1070,#1011,.T.);
#1540=EDGE_CURVE('',#1073,#1230,#1012,.T.);
#1541=EDGE_CURVE('',#1232,#1071,#1013,.T.);
#1542=EDGE_CURVE('',#1072,#1231,#1014,.T.);
#1543=EDGE_CURVE('',#1243,#1244,#1015,.T.);
#1544=EDGE_CURVE('',#1243,#1141,#563,.T.);
#1545=EDGE_CURVE('',#1140,#1245,#564,.T.);
#1546=EDGE_CURVE('',#1244,#1245,#17,.T.);
#1547=EDGE_CURVE('',#1243,#1246,#565,.T.);
#1548=EDGE_CURVE('',#1142,#1246,#566,.T.);
#1549=EDGE_CURVE('',#1247,#1244,#567,.T.);
#1550=EDGE_CURVE('',#1247,#1246,#1016,.T.);
#1551=EDGE_CURVE('',#1248,#1247,#18,.T.);
#1552=EDGE_CURVE('',#1248,#1135,#568,.T.);
#1553=EDGE_CURVE('',#1249,#1248,#569,.F.);
#1554=EDGE_CURVE('',#1249,#1250,#570,.T.);
#1555=EDGE_CURVE('',#1251,#1250,#571,.T.);
#1556=EDGE_CURVE('',#1136,#1251,#572,.T.);
#1557=EDGE_CURVE('',#1245,#1252,#573,.F.);
#1558=EDGE_CURVE('',#1252,#1249,#574,.T.);
#1559=EDGE_CURVE('',#1253,#1254,#575,.T.);
#1560=EDGE_CURVE('',#1254,#1255,#576,.T.);
#1561=EDGE_CURVE('',#1255,#1256,#577,.T.);
#1562=EDGE_CURVE('',#1256,#1253,#578,.T.);
#1563=EDGE_CURVE('',#1254,#1252,#579,.T.);
#1564=EDGE_CURVE('',#1257,#1253,#580,.T.);
#1565=EDGE_CURVE('',#1250,#1257,#581,.T.);
#1566=EDGE_CURVE('',#1255,#1139,#582,.T.);
#1567=EDGE_CURVE('',#1257,#1258,#583,.T.);
#1568=EDGE_CURVE('',#1258,#1251,#584,.T.);
#1569=EDGE_CURVE('',#1258,#1256,#585,.T.);
#1570=EDGE_CURVE('',#1259,#1260,#1017,.T.);
#1571=EDGE_CURVE('',#1261,#1259,#586,.T.);
#1572=EDGE_CURVE('',#1262,#1261,#1018,.T.);
#1573=EDGE_CURVE('',#1263,#1262,#587,.T.);
#1574=EDGE_CURVE('',#1264,#1263,#1019,.T.);
#1575=EDGE_CURVE('',#1265,#1264,#588,.T.);
#1576=EDGE_CURVE('',#1266,#1265,#1020,.T.);
#1577=EDGE_CURVE('',#1260,#1266,#589,.T.);
#1578=EDGE_CURVE('',#1126,#1149,#590,.T.);
#1579=EDGE_CURVE('',#1148,#1127,#591,.T.);
#1580=EDGE_CURVE('',#1150,#1125,#592,.T.);
#1581=EDGE_CURVE('',#1146,#1129,#593,.T.);
#1582=EDGE_CURVE('',#1128,#1147,#594,.T.);
#1583=EDGE_CURVE('',#1130,#1145,#595,.T.);
#1584=EDGE_CURVE('',#1144,#1123,#596,.T.);
#1585=EDGE_CURVE('',#1124,#1143,#597,.T.);
#1586=EDGE_CURVE('',#1242,#1259,#598,.T.);
#1587=EDGE_CURVE('',#1260,#1236,#599,.T.);
#1588=EDGE_CURVE('',#1261,#1241,#600,.T.);
#1589=EDGE_CURVE('',#1240,#1262,#601,.T.);
#1590=EDGE_CURVE('',#1265,#1237,#602,.T.);
#1591=EDGE_CURVE('',#1235,#1266,#603,.T.);
#1592=EDGE_CURVE('',#1238,#1264,#604,.T.);
#1593=EDGE_CURVE('',#1263,#1239,#605,.T.);
#1594=EDGE_CURVE('',#1267,#1258,#606,.T.);
#1595=EDGE_CURVE('',#1256,#1268,#607,.T.);
#1596=EDGE_CURVE('',#1268,#1267,#608,.T.);
#1597=EDGE_CURVE('',#1267,#1251,#1021,.T.);
#1598=EDGE_CURVE('',#1255,#1268,#1022,.T.);
#1599=EDGE_CURVE('',#1267,#1137,#609,.T.);
#1600=EDGE_CURVE('',#1138,#1268,#610,.T.);
#1601=EDGE_CURVE('',#1196,#1080,#611,.T.);
#1602=EDGE_CURVE('',#1197,#1079,#612,.T.);
#1603=EDGE_CURVE('',#1195,#1081,#613,.T.);
#1604=EDGE_CURVE('',#1194,#1082,#614,.T.);
#1605=EDGE_CURVE('',#1193,#1075,#615,.T.);
#1606=EDGE_CURVE('',#1188,#1088,#616,.T.);
#1607=EDGE_CURVE('',#1189,#1087,#617,.T.);
#1608=EDGE_CURVE('',#1187,#1089,#618,.T.);
#1609=EDGE_CURVE('',#1186,#1090,#619,.T.);
#1610=EDGE_CURVE('',#1185,#1083,#620,.T.);
#1611=EDGE_CURVE('',#1180,#1096,#621,.T.);
#1612=EDGE_CURVE('',#1181,#1095,#622,.T.);
#1613=EDGE_CURVE('',#1179,#1097,#623,.T.);
#1614=EDGE_CURVE('',#1178,#1098,#624,.T.);
#1615=EDGE_CURVE('',#1177,#1091,#625,.T.);
#1616=EDGE_CURVE('',#1172,#1104,#626,.T.);
#1617=EDGE_CURVE('',#1173,#1103,#627,.T.);
#1618=EDGE_CURVE('',#1171,#1105,#628,.T.);
#1619=EDGE_CURVE('',#1170,#1106,#629,.T.);
#1620=EDGE_CURVE('',#1169,#1099,#630,.T.);
#1621=EDGE_CURVE('',#1164,#1112,#631,.T.);
#1622=EDGE_CURVE('',#1165,#1111,#632,.T.);
#1623=EDGE_CURVE('',#1163,#1113,#633,.T.);
#1624=EDGE_CURVE('',#1162,#1114,#634,.T.);
#1625=EDGE_CURVE('',#1161,#1107,#635,.T.);
#1626=EDGE_CURVE('',#1156,#1120,#636,.T.);
#1627=EDGE_CURVE('',#1157,#1119,#637,.T.);
#1628=EDGE_CURVE('',#1155,#1121,#638,.T.);
#1629=EDGE_CURVE('',#1154,#1122,#639,.T.);
#1630=EDGE_CURVE('',#1153,#1115,#640,.T.);
#1631=EDGE_CURVE('',#1191,#1076,#641,.T.);
#1632=EDGE_CURVE('',#1192,#1077,#642,.T.);
#1633=EDGE_CURVE('',#1183,#1084,#643,.T.);
#1634=EDGE_CURVE('',#1184,#1085,#644,.T.);
#1635=EDGE_CURVE('',#1175,#1092,#645,.T.);
#1636=EDGE_CURVE('',#1176,#1093,#646,.T.);
#1637=EDGE_CURVE('',#1167,#1100,#647,.T.);
#1638=EDGE_CURVE('',#1168,#1101,#648,.T.);
#1639=EDGE_CURVE('',#1159,#1108,#649,.T.);
#1640=EDGE_CURVE('',#1160,#1109,#650,.T.);
#1641=EDGE_CURVE('',#1151,#1116,#651,.T.);
#1642=EDGE_CURVE('',#1152,#1117,#652,.T.);
#1643=EDGE_CURVE('',#1198,#1078,#653,.T.);
#1644=EDGE_CURVE('',#1190,#1086,#654,.T.);
#1645=EDGE_CURVE('',#1182,#1094,#655,.T.);
#1646=EDGE_CURVE('',#1174,#1102,#656,.T.);
#1647=EDGE_CURVE('',#1166,#1110,#657,.T.);
#1648=EDGE_CURVE('',#1158,#1118,#658,.T.);
#1649=ORIENTED_EDGE('',*,*,#1269,.T.);
#1650=ORIENTED_EDGE('',*,*,#1270,.F.);
#1651=ORIENTED_EDGE('',*,*,#1271,.T.);
#1652=ORIENTED_EDGE('',*,*,#1272,.T.);
#1653=ORIENTED_EDGE('',*,*,#1273,.T.);
#1654=ORIENTED_EDGE('',*,*,#1274,.T.);
#1655=ORIENTED_EDGE('',*,*,#1275,.F.);
#1656=ORIENTED_EDGE('',*,*,#1269,.F.);
#1657=ORIENTED_EDGE('',*,*,#1276,.T.);
#1658=ORIENTED_EDGE('',*,*,#1277,.F.);
#1659=ORIENTED_EDGE('',*,*,#1278,.T.);
#1660=ORIENTED_EDGE('',*,*,#1279,.T.);
#1661=ORIENTED_EDGE('',*,*,#1280,.T.);
#1662=ORIENTED_EDGE('',*,*,#1281,.T.);
#1663=ORIENTED_EDGE('',*,*,#1278,.F.);
#1664=ORIENTED_EDGE('',*,*,#1282,.F.);
#1665=ORIENTED_EDGE('',*,*,#1283,.T.);
#1666=ORIENTED_EDGE('',*,*,#1284,.T.);
#1667=ORIENTED_EDGE('',*,*,#1283,.F.);
#1668=ORIENTED_EDGE('',*,*,#1285,.T.);
#1669=ORIENTED_EDGE('',*,*,#1274,.F.);
#1670=ORIENTED_EDGE('',*,*,#1286,.T.);
#1671=ORIENTED_EDGE('',*,*,#1287,.T.);
#1672=ORIENTED_EDGE('',*,*,#1288,.T.);
#1673=ORIENTED_EDGE('',*,*,#1289,.F.);
#1674=ORIENTED_EDGE('',*,*,#1276,.F.);
#1675=ORIENTED_EDGE('',*,*,#1290,.T.);
#1676=ORIENTED_EDGE('',*,*,#1291,.F.);
#1677=ORIENTED_EDGE('',*,*,#1292,.T.);
#1678=ORIENTED_EDGE('',*,*,#1293,.T.);
#1679=ORIENTED_EDGE('',*,*,#1294,.T.);
#1680=ORIENTED_EDGE('',*,*,#1292,.F.);
#1681=ORIENTED_EDGE('',*,*,#1295,.F.);
#1682=ORIENTED_EDGE('',*,*,#1296,.T.);
#1683=ORIENTED_EDGE('',*,*,#1297,.T.);
#1684=ORIENTED_EDGE('',*,*,#1296,.F.);
#1685=ORIENTED_EDGE('',*,*,#1298,.T.);
#1686=ORIENTED_EDGE('',*,*,#1288,.F.);
#1687=ORIENTED_EDGE('',*,*,#1299,.T.);
#1688=ORIENTED_EDGE('',*,*,#1300,.T.);
#1689=ORIENTED_EDGE('',*,*,#1301,.F.);
#1690=ORIENTED_EDGE('',*,*,#1290,.F.);
#1691=ORIENTED_EDGE('',*,*,#1302,.T.);
#1692=ORIENTED_EDGE('',*,*,#1303,.F.);
#1693=ORIENTED_EDGE('',*,*,#1304,.T.);
#1694=ORIENTED_EDGE('',*,*,#1305,.T.);
#1695=ORIENTED_EDGE('',*,*,#1306,.T.);
#1696=ORIENTED_EDGE('',*,*,#1304,.F.);
#1697=ORIENTED_EDGE('',*,*,#1307,.F.);
#1698=ORIENTED_EDGE('',*,*,#1308,.T.);
#1699=ORIENTED_EDGE('',*,*,#1309,.T.);
#1700=ORIENTED_EDGE('',*,*,#1308,.F.);
#1701=ORIENTED_EDGE('',*,*,#1310,.T.);
#1702=ORIENTED_EDGE('',*,*,#1300,.F.);
#1703=ORIENTED_EDGE('',*,*,#1311,.T.);
#1704=ORIENTED_EDGE('',*,*,#1312,.T.);
#1705=ORIENTED_EDGE('',*,*,#1313,.F.);
#1706=ORIENTED_EDGE('',*,*,#1302,.F.);
#1707=ORIENTED_EDGE('',*,*,#1314,.T.);
#1708=ORIENTED_EDGE('',*,*,#1271,.F.);
#1709=ORIENTED_EDGE('',*,*,#1315,.F.);
#1710=ORIENTED_EDGE('',*,*,#1316,.T.);
#1711=ORIENTED_EDGE('',*,*,#1317,.T.);
#1712=ORIENTED_EDGE('',*,*,#1316,.F.);
#1713=ORIENTED_EDGE('',*,*,#1318,.T.);
#1714=ORIENTED_EDGE('',*,*,#1312,.F.);
#1715=ORIENTED_EDGE('',*,*,#1280,.F.);
#1716=ORIENTED_EDGE('',*,*,#1284,.F.);
#1717=ORIENTED_EDGE('',*,*,#1273,.F.);
#1718=ORIENTED_EDGE('',*,*,#1319,.T.);
#1719=ORIENTED_EDGE('',*,*,#1281,.F.);
#1720=ORIENTED_EDGE('',*,*,#1320,.T.);
#1721=ORIENTED_EDGE('',*,*,#1321,.T.);
#1722=ORIENTED_EDGE('',*,*,#1322,.T.);
#1723=ORIENTED_EDGE('',*,*,#1320,.F.);
#1724=ORIENTED_EDGE('',*,*,#1286,.F.);
#1725=ORIENTED_EDGE('',*,*,#1323,.T.);
#1726=ORIENTED_EDGE('',*,*,#1294,.F.);
#1727=ORIENTED_EDGE('',*,*,#1297,.F.);
#1728=ORIENTED_EDGE('',*,*,#1287,.F.);
#1729=ORIENTED_EDGE('',*,*,#1324,.T.);
#1730=ORIENTED_EDGE('',*,*,#1325,.T.);
#1731=ORIENTED_EDGE('',*,*,#1326,.T.);
#1732=ORIENTED_EDGE('',*,*,#1324,.F.);
#1733=ORIENTED_EDGE('',*,*,#1314,.F.);
#1734=ORIENTED_EDGE('',*,*,#1317,.F.);
#1735=ORIENTED_EDGE('',*,*,#1311,.F.);
#1736=ORIENTED_EDGE('',*,*,#1327,.T.);
#1737=ORIENTED_EDGE('',*,*,#1328,.T.);
#1738=ORIENTED_EDGE('',*,*,#1329,.T.);
#1739=ORIENTED_EDGE('',*,*,#1330,.T.);
#1740=ORIENTED_EDGE('',*,*,#1328,.F.);
#1741=ORIENTED_EDGE('',*,*,#1331,.T.);
#1742=ORIENTED_EDGE('',*,*,#1299,.F.);
#1743=ORIENTED_EDGE('',*,*,#1332,.T.);
#1744=ORIENTED_EDGE('',*,*,#1333,.T.);
#1745=ORIENTED_EDGE('',*,*,#1334,.T.);
#1746=ORIENTED_EDGE('',*,*,#1335,.T.);
#1747=ORIENTED_EDGE('',*,*,#1333,.F.);
#1748=ORIENTED_EDGE('',*,*,#1336,.T.);
#1749=ORIENTED_EDGE('',*,*,#1306,.F.);
#1750=ORIENTED_EDGE('',*,*,#1309,.F.);
#1751=ORIENTED_EDGE('',*,*,#1279,.F.);
#1752=ORIENTED_EDGE('',*,*,#1319,.F.);
#1753=ORIENTED_EDGE('',*,*,#1272,.F.);
#1754=ORIENTED_EDGE('',*,*,#1331,.F.);
#1755=ORIENTED_EDGE('',*,*,#1327,.F.);
#1756=ORIENTED_EDGE('',*,*,#1305,.F.);
#1757=ORIENTED_EDGE('',*,*,#1336,.F.);
#1758=ORIENTED_EDGE('',*,*,#1332,.F.);
#1759=ORIENTED_EDGE('',*,*,#1293,.F.);
#1760=ORIENTED_EDGE('',*,*,#1323,.F.);
#1761=ORIENTED_EDGE('',*,*,#1337,.T.);
#1762=ORIENTED_EDGE('',*,*,#1338,.F.);
#1763=ORIENTED_EDGE('',*,*,#1339,.T.);
#1764=ORIENTED_EDGE('',*,*,#1340,.T.);
#1765=ORIENTED_EDGE('',*,*,#1341,.T.);
#1766=ORIENTED_EDGE('',*,*,#1342,.T.);
#1767=ORIENTED_EDGE('',*,*,#1343,.T.);
#1768=ORIENTED_EDGE('',*,*,#1344,.F.);
#1769=ORIENTED_EDGE('',*,*,#1345,.T.);
#1770=ORIENTED_EDGE('',*,*,#1346,.T.);
#1771=ORIENTED_EDGE('',*,*,#1347,.T.);
#1772=ORIENTED_EDGE('',*,*,#1348,.T.);
#1773=ORIENTED_EDGE('',*,*,#1349,.T.);
#1774=ORIENTED_EDGE('',*,*,#1350,.T.);
#1775=ORIENTED_EDGE('',*,*,#1351,.T.);
#1776=ORIENTED_EDGE('',*,*,#1352,.T.);
#1777=ORIENTED_EDGE('',*,*,#1353,.T.);
#1778=ORIENTED_EDGE('',*,*,#1354,.T.);
#1779=ORIENTED_EDGE('',*,*,#1355,.T.);
#1780=ORIENTED_EDGE('',*,*,#1356,.T.);
#1781=ORIENTED_EDGE('',*,*,#1357,.T.);
#1782=ORIENTED_EDGE('',*,*,#1358,.T.);
#1783=ORIENTED_EDGE('',*,*,#1359,.T.);
#1784=ORIENTED_EDGE('',*,*,#1360,.T.);
#1785=ORIENTED_EDGE('',*,*,#1361,.T.);
#1786=ORIENTED_EDGE('',*,*,#1362,.T.);
#1787=ORIENTED_EDGE('',*,*,#1363,.T.);
#1788=ORIENTED_EDGE('',*,*,#1364,.T.);
#1789=ORIENTED_EDGE('',*,*,#1365,.T.);
#1790=ORIENTED_EDGE('',*,*,#1366,.T.);
#1791=ORIENTED_EDGE('',*,*,#1367,.T.);
#1792=ORIENTED_EDGE('',*,*,#1368,.T.);
#1793=ORIENTED_EDGE('',*,*,#1369,.T.);
#1794=ORIENTED_EDGE('',*,*,#1370,.T.);
#1795=ORIENTED_EDGE('',*,*,#1371,.T.);
#1796=ORIENTED_EDGE('',*,*,#1372,.T.);
#1797=ORIENTED_EDGE('',*,*,#1373,.T.);
#1798=ORIENTED_EDGE('',*,*,#1374,.T.);
#1799=ORIENTED_EDGE('',*,*,#1375,.T.);
#1800=ORIENTED_EDGE('',*,*,#1376,.T.);
#1801=ORIENTED_EDGE('',*,*,#1377,.T.);
#1802=ORIENTED_EDGE('',*,*,#1378,.T.);
#1803=ORIENTED_EDGE('',*,*,#1379,.T.);
#1804=ORIENTED_EDGE('',*,*,#1380,.T.);
#1805=ORIENTED_EDGE('',*,*,#1381,.T.);
#1806=ORIENTED_EDGE('',*,*,#1382,.T.);
#1807=ORIENTED_EDGE('',*,*,#1383,.T.);
#1808=ORIENTED_EDGE('',*,*,#1384,.T.);
#1809=ORIENTED_EDGE('',*,*,#1385,.T.);
#1810=ORIENTED_EDGE('',*,*,#1386,.T.);
#1811=ORIENTED_EDGE('',*,*,#1387,.T.);
#1812=ORIENTED_EDGE('',*,*,#1388,.T.);
#1813=ORIENTED_EDGE('',*,*,#1389,.T.);
#1814=ORIENTED_EDGE('',*,*,#1390,.T.);
#1815=ORIENTED_EDGE('',*,*,#1391,.T.);
#1816=ORIENTED_EDGE('',*,*,#1392,.T.);
#1817=ORIENTED_EDGE('',*,*,#1393,.T.);
#1818=ORIENTED_EDGE('',*,*,#1394,.F.);
#1819=ORIENTED_EDGE('',*,*,#1395,.F.);
#1820=ORIENTED_EDGE('',*,*,#1396,.F.);
#1821=ORIENTED_EDGE('',*,*,#1397,.T.);
#1822=ORIENTED_EDGE('',*,*,#1398,.F.);
#1823=ORIENTED_EDGE('',*,*,#1399,.T.);
#1824=ORIENTED_EDGE('',*,*,#1400,.F.);
#1825=ORIENTED_EDGE('',*,*,#1330,.F.);
#1826=ORIENTED_EDGE('',*,*,#1401,.T.);
#1827=ORIENTED_EDGE('',*,*,#1402,.F.);
#1828=ORIENTED_EDGE('',*,*,#1401,.F.);
#1829=ORIENTED_EDGE('',*,*,#1329,.F.);
#1830=ORIENTED_EDGE('',*,*,#1335,.F.);
#1831=ORIENTED_EDGE('',*,*,#1403,.T.);
#1832=ORIENTED_EDGE('',*,*,#1404,.F.);
#1833=ORIENTED_EDGE('',*,*,#1403,.F.);
#1834=ORIENTED_EDGE('',*,*,#1334,.F.);
#1835=ORIENTED_EDGE('',*,*,#1322,.F.);
#1836=ORIENTED_EDGE('',*,*,#1405,.T.);
#1837=ORIENTED_EDGE('',*,*,#1406,.F.);
#1838=ORIENTED_EDGE('',*,*,#1405,.F.);
#1839=ORIENTED_EDGE('',*,*,#1321,.F.);
#1840=ORIENTED_EDGE('',*,*,#1326,.F.);
#1841=ORIENTED_EDGE('',*,*,#1407,.T.);
#1842=ORIENTED_EDGE('',*,*,#1408,.F.);
#1843=ORIENTED_EDGE('',*,*,#1407,.F.);
#1844=ORIENTED_EDGE('',*,*,#1325,.F.);
#1845=ORIENTED_EDGE('',*,*,#1285,.F.);
#1846=ORIENTED_EDGE('',*,*,#1282,.T.);
#1847=ORIENTED_EDGE('',*,*,#1277,.T.);
#1848=ORIENTED_EDGE('',*,*,#1289,.T.);
#1849=ORIENTED_EDGE('',*,*,#1298,.F.);
#1850=ORIENTED_EDGE('',*,*,#1295,.T.);
#1851=ORIENTED_EDGE('',*,*,#1291,.T.);
#1852=ORIENTED_EDGE('',*,*,#1301,.T.);
#1853=ORIENTED_EDGE('',*,*,#1310,.F.);
#1854=ORIENTED_EDGE('',*,*,#1307,.T.);
#1855=ORIENTED_EDGE('',*,*,#1303,.T.);
#1856=ORIENTED_EDGE('',*,*,#1313,.T.);
#1857=ORIENTED_EDGE('',*,*,#1318,.F.);
#1858=ORIENTED_EDGE('',*,*,#1315,.T.);
#1859=ORIENTED_EDGE('',*,*,#1270,.T.);
#1860=ORIENTED_EDGE('',*,*,#1275,.T.);
#1861=ORIENTED_EDGE('',*,*,#1409,.T.);
#1862=ORIENTED_EDGE('',*,*,#1410,.F.);
#1863=ORIENTED_EDGE('',*,*,#1411,.T.);
#1864=ORIENTED_EDGE('',*,*,#1412,.F.);
#1865=ORIENTED_EDGE('',*,*,#1413,.T.);
#1866=ORIENTED_EDGE('',*,*,#1414,.F.);
#1867=ORIENTED_EDGE('',*,*,#1415,.T.);
#1868=ORIENTED_EDGE('',*,*,#1416,.F.);
#1869=ORIENTED_EDGE('',*,*,#1417,.T.);
#1870=ORIENTED_EDGE('',*,*,#1418,.F.);
#1871=ORIENTED_EDGE('',*,*,#1419,.T.);
#1872=ORIENTED_EDGE('',*,*,#1420,.F.);
#1873=ORIENTED_EDGE('',*,*,#1421,.F.);
#1874=ORIENTED_EDGE('',*,*,#1422,.F.);
#1875=ORIENTED_EDGE('',*,*,#1423,.F.);
#1876=ORIENTED_EDGE('',*,*,#1424,.F.);
#1877=ORIENTED_EDGE('',*,*,#1425,.F.);
#1878=ORIENTED_EDGE('',*,*,#1426,.F.);
#1879=ORIENTED_EDGE('',*,*,#1427,.F.);
#1880=ORIENTED_EDGE('',*,*,#1428,.F.);
#1881=ORIENTED_EDGE('',*,*,#1429,.F.);
#1882=ORIENTED_EDGE('',*,*,#1430,.F.);
#1883=ORIENTED_EDGE('',*,*,#1431,.F.);
#1884=ORIENTED_EDGE('',*,*,#1432,.F.);
#1885=ORIENTED_EDGE('',*,*,#1433,.F.);
#1886=ORIENTED_EDGE('',*,*,#1434,.F.);
#1887=ORIENTED_EDGE('',*,*,#1435,.F.);
#1888=ORIENTED_EDGE('',*,*,#1436,.F.);
#1889=ORIENTED_EDGE('',*,*,#1437,.F.);
#1890=ORIENTED_EDGE('',*,*,#1438,.F.);
#1891=ORIENTED_EDGE('',*,*,#1439,.F.);
#1892=ORIENTED_EDGE('',*,*,#1440,.F.);
#1893=ORIENTED_EDGE('',*,*,#1441,.F.);
#1894=ORIENTED_EDGE('',*,*,#1442,.F.);
#1895=ORIENTED_EDGE('',*,*,#1443,.F.);
#1896=ORIENTED_EDGE('',*,*,#1444,.F.);
#1897=ORIENTED_EDGE('',*,*,#1445,.F.);
#1898=ORIENTED_EDGE('',*,*,#1446,.F.);
#1899=ORIENTED_EDGE('',*,*,#1447,.F.);
#1900=ORIENTED_EDGE('',*,*,#1448,.F.);
#1901=ORIENTED_EDGE('',*,*,#1449,.F.);
#1902=ORIENTED_EDGE('',*,*,#1450,.F.);
#1903=ORIENTED_EDGE('',*,*,#1451,.F.);
#1904=ORIENTED_EDGE('',*,*,#1452,.F.);
#1905=ORIENTED_EDGE('',*,*,#1453,.F.);
#1906=ORIENTED_EDGE('',*,*,#1454,.F.);
#1907=ORIENTED_EDGE('',*,*,#1455,.F.);
#1908=ORIENTED_EDGE('',*,*,#1456,.F.);
#1909=ORIENTED_EDGE('',*,*,#1457,.F.);
#1910=ORIENTED_EDGE('',*,*,#1458,.F.);
#1911=ORIENTED_EDGE('',*,*,#1459,.F.);
#1912=ORIENTED_EDGE('',*,*,#1460,.F.);
#1913=ORIENTED_EDGE('',*,*,#1461,.F.);
#1914=ORIENTED_EDGE('',*,*,#1462,.F.);
#1915=ORIENTED_EDGE('',*,*,#1463,.F.);
#1916=ORIENTED_EDGE('',*,*,#1464,.F.);
#1917=ORIENTED_EDGE('',*,*,#1465,.F.);
#1918=ORIENTED_EDGE('',*,*,#1466,.F.);
#1919=ORIENTED_EDGE('',*,*,#1467,.F.);
#1920=ORIENTED_EDGE('',*,*,#1468,.F.);
#1921=ORIENTED_EDGE('',*,*,#1469,.F.);
#1922=ORIENTED_EDGE('',*,*,#1470,.F.);
#1923=ORIENTED_EDGE('',*,*,#1471,.F.);
#1924=ORIENTED_EDGE('',*,*,#1472,.F.);
#1925=ORIENTED_EDGE('',*,*,#1406,.T.);
#1926=ORIENTED_EDGE('',*,*,#1404,.T.);
#1927=ORIENTED_EDGE('',*,*,#1408,.T.);
#1928=ORIENTED_EDGE('',*,*,#1402,.T.);
#1929=ORIENTED_EDGE('',*,*,#1473,.T.);
#1930=ORIENTED_EDGE('',*,*,#1474,.T.);
#1931=ORIENTED_EDGE('',*,*,#1475,.T.);
#1932=ORIENTED_EDGE('',*,*,#1476,.T.);
#1933=ORIENTED_EDGE('',*,*,#1474,.F.);
#1934=ORIENTED_EDGE('',*,*,#1476,.F.);
#1935=ORIENTED_EDGE('',*,*,#1477,.T.);
#1936=ORIENTED_EDGE('',*,*,#1478,.T.);
#1937=ORIENTED_EDGE('',*,*,#1477,.F.);
#1938=ORIENTED_EDGE('',*,*,#1475,.F.);
#1939=ORIENTED_EDGE('',*,*,#1479,.F.);
#1940=ORIENTED_EDGE('',*,*,#1480,.F.);
#1941=ORIENTED_EDGE('',*,*,#1481,.F.);
#1942=ORIENTED_EDGE('',*,*,#1482,.F.);
#1943=ORIENTED_EDGE('',*,*,#1483,.F.);
#1944=ORIENTED_EDGE('',*,*,#1484,.F.);
#1945=ORIENTED_EDGE('',*,*,#1485,.F.);
#1946=ORIENTED_EDGE('',*,*,#1486,.F.);
#1947=ORIENTED_EDGE('',*,*,#1473,.F.);
#1948=ORIENTED_EDGE('',*,*,#1487,.T.);
#1949=ORIENTED_EDGE('',*,*,#1488,.T.);
#1950=ORIENTED_EDGE('',*,*,#1479,.T.);
#1951=ORIENTED_EDGE('',*,*,#1489,.T.);
#1952=ORIENTED_EDGE('',*,*,#1480,.T.);
#1953=ORIENTED_EDGE('',*,*,#1488,.F.);
#1954=ORIENTED_EDGE('',*,*,#1490,.T.);
#1955=ORIENTED_EDGE('',*,*,#1491,.T.);
#1956=ORIENTED_EDGE('',*,*,#1492,.T.);
#1957=ORIENTED_EDGE('',*,*,#1489,.F.);
#1958=ORIENTED_EDGE('',*,*,#1486,.T.);
#1959=ORIENTED_EDGE('',*,*,#1493,.T.);
#1960=ORIENTED_EDGE('',*,*,#1481,.T.);
#1961=ORIENTED_EDGE('',*,*,#1491,.F.);
#1962=ORIENTED_EDGE('',*,*,#1494,.T.);
#1963=ORIENTED_EDGE('',*,*,#1495,.T.);
#1964=ORIENTED_EDGE('',*,*,#1496,.T.);
#1965=ORIENTED_EDGE('',*,*,#1493,.F.);
#1966=ORIENTED_EDGE('',*,*,#1485,.T.);
#1967=ORIENTED_EDGE('',*,*,#1497,.T.);
#1968=ORIENTED_EDGE('',*,*,#1482,.T.);
#1969=ORIENTED_EDGE('',*,*,#1495,.F.);
#1970=ORIENTED_EDGE('',*,*,#1498,.T.);
#1971=ORIENTED_EDGE('',*,*,#1499,.T.);
#1972=ORIENTED_EDGE('',*,*,#1500,.T.);
#1973=ORIENTED_EDGE('',*,*,#1497,.F.);
#1974=ORIENTED_EDGE('',*,*,#1484,.T.);
#1975=ORIENTED_EDGE('',*,*,#1501,.T.);
#1976=ORIENTED_EDGE('',*,*,#1502,.T.);
#1977=ORIENTED_EDGE('',*,*,#1501,.F.);
#1978=ORIENTED_EDGE('',*,*,#1483,.T.);
#1979=ORIENTED_EDGE('',*,*,#1499,.F.);
#1980=ORIENTED_EDGE('',*,*,#1498,.F.);
#1981=ORIENTED_EDGE('',*,*,#1503,.F.);
#1982=ORIENTED_EDGE('',*,*,#1504,.F.);
#1983=ORIENTED_EDGE('',*,*,#1505,.T.);
#1984=ORIENTED_EDGE('',*,*,#1494,.F.);
#1985=ORIENTED_EDGE('',*,*,#1506,.F.);
#1986=ORIENTED_EDGE('',*,*,#1507,.F.);
#1987=ORIENTED_EDGE('',*,*,#1503,.T.);
#1988=ORIENTED_EDGE('',*,*,#1490,.F.);
#1989=ORIENTED_EDGE('',*,*,#1508,.F.);
#1990=ORIENTED_EDGE('',*,*,#1509,.F.);
#1991=ORIENTED_EDGE('',*,*,#1506,.T.);
#1992=ORIENTED_EDGE('',*,*,#1487,.F.);
#1993=ORIENTED_EDGE('',*,*,#1510,.F.);
#1994=ORIENTED_EDGE('',*,*,#1511,.F.);
#1995=ORIENTED_EDGE('',*,*,#1508,.T.);
#1996=ORIENTED_EDGE('',*,*,#1492,.F.);
#1997=ORIENTED_EDGE('',*,*,#1512,.F.);
#1998=ORIENTED_EDGE('',*,*,#1513,.F.);
#1999=ORIENTED_EDGE('',*,*,#1510,.T.);
#2000=ORIENTED_EDGE('',*,*,#1496,.F.);
#2001=ORIENTED_EDGE('',*,*,#1514,.F.);
#2002=ORIENTED_EDGE('',*,*,#1515,.F.);
#2003=ORIENTED_EDGE('',*,*,#1512,.T.);
#2004=ORIENTED_EDGE('',*,*,#1500,.F.);
#2005=ORIENTED_EDGE('',*,*,#1516,.F.);
#2006=ORIENTED_EDGE('',*,*,#1517,.F.);
#2007=ORIENTED_EDGE('',*,*,#1514,.T.);
#2008=ORIENTED_EDGE('',*,*,#1502,.F.);
#2009=ORIENTED_EDGE('',*,*,#1505,.F.);
#2010=ORIENTED_EDGE('',*,*,#1518,.F.);
#2011=ORIENTED_EDGE('',*,*,#1516,.T.);
#2012=ORIENTED_EDGE('',*,*,#1519,.F.);
#2013=ORIENTED_EDGE('',*,*,#1520,.F.);
#2014=ORIENTED_EDGE('',*,*,#1521,.F.);
#2015=ORIENTED_EDGE('',*,*,#1522,.F.);
#2016=ORIENTED_EDGE('',*,*,#1523,.F.);
#2017=ORIENTED_EDGE('',*,*,#1524,.F.);
#2018=ORIENTED_EDGE('',*,*,#1525,.F.);
#2019=ORIENTED_EDGE('',*,*,#1526,.F.);
#2020=ORIENTED_EDGE('',*,*,#1513,.T.);
#2021=ORIENTED_EDGE('',*,*,#1515,.T.);
#2022=ORIENTED_EDGE('',*,*,#1517,.T.);
#2023=ORIENTED_EDGE('',*,*,#1518,.T.);
#2024=ORIENTED_EDGE('',*,*,#1504,.T.);
#2025=ORIENTED_EDGE('',*,*,#1507,.T.);
#2026=ORIENTED_EDGE('',*,*,#1509,.T.);
#2027=ORIENTED_EDGE('',*,*,#1511,.T.);
#2028=ORIENTED_EDGE('',*,*,#1527,.F.);
#2029=ORIENTED_EDGE('',*,*,#1528,.F.);
#2030=ORIENTED_EDGE('',*,*,#1529,.F.);
#2031=ORIENTED_EDGE('',*,*,#1530,.F.);
#2032=ORIENTED_EDGE('',*,*,#1531,.F.);
#2033=ORIENTED_EDGE('',*,*,#1532,.F.);
#2034=ORIENTED_EDGE('',*,*,#1533,.F.);
#2035=ORIENTED_EDGE('',*,*,#1534,.F.);
#2036=ORIENTED_EDGE('',*,*,#1535,.T.);
#2037=ORIENTED_EDGE('',*,*,#1337,.F.);
#2038=ORIENTED_EDGE('',*,*,#1536,.T.);
#2039=ORIENTED_EDGE('',*,*,#1519,.T.);
#2040=ORIENTED_EDGE('',*,*,#1537,.T.);
#2041=ORIENTED_EDGE('',*,*,#1338,.T.);
#2042=ORIENTED_EDGE('',*,*,#1535,.F.);
#2043=ORIENTED_EDGE('',*,*,#1526,.T.);
#2044=ORIENTED_EDGE('',*,*,#1538,.T.);
#2045=ORIENTED_EDGE('',*,*,#1520,.T.);
#2046=ORIENTED_EDGE('',*,*,#1536,.F.);
#2047=ORIENTED_EDGE('',*,*,#1344,.T.);
#2048=ORIENTED_EDGE('',*,*,#1539,.T.);
#2049=ORIENTED_EDGE('',*,*,#1339,.F.);
#2050=ORIENTED_EDGE('',*,*,#1537,.F.);
#2051=ORIENTED_EDGE('',*,*,#1525,.T.);
#2052=ORIENTED_EDGE('',*,*,#1540,.T.);
#2053=ORIENTED_EDGE('',*,*,#1521,.T.);
#2054=ORIENTED_EDGE('',*,*,#1538,.F.);
#2055=ORIENTED_EDGE('',*,*,#1343,.F.);
#2056=ORIENTED_EDGE('',*,*,#1541,.T.);
#2057=ORIENTED_EDGE('',*,*,#1340,.F.);
#2058=ORIENTED_EDGE('',*,*,#1539,.F.);
#2059=ORIENTED_EDGE('',*,*,#1524,.T.);
#2060=ORIENTED_EDGE('',*,*,#1542,.T.);
#2061=ORIENTED_EDGE('',*,*,#1522,.T.);
#2062=ORIENTED_EDGE('',*,*,#1540,.F.);
#2063=ORIENTED_EDGE('',*,*,#1342,.F.);
#2064=ORIENTED_EDGE('',*,*,#1542,.F.);
#2065=ORIENTED_EDGE('',*,*,#1341,.F.);
#2066=ORIENTED_EDGE('',*,*,#1541,.F.);
#2067=ORIENTED_EDGE('',*,*,#1523,.T.);
#2068=ORIENTED_EDGE('',*,*,#1478,.F.);
#2069=ORIENTED_EDGE('',*,*,#1543,.F.);
#2070=ORIENTED_EDGE('',*,*,#1544,.T.);
#2071=ORIENTED_EDGE('',*,*,#1414,.T.);
#2072=ORIENTED_EDGE('',*,*,#1545,.T.);
#2073=ORIENTED_EDGE('',*,*,#1546,.F.);
#2074=ORIENTED_EDGE('',*,*,#1544,.F.);
#2075=ORIENTED_EDGE('',*,*,#1547,.T.);
#2076=ORIENTED_EDGE('',*,*,#1548,.F.);
#2077=ORIENTED_EDGE('',*,*,#1415,.F.);
#2078=ORIENTED_EDGE('',*,*,#1543,.T.);
#2079=ORIENTED_EDGE('',*,*,#1549,.F.);
#2080=ORIENTED_EDGE('',*,*,#1550,.T.);
#2081=ORIENTED_EDGE('',*,*,#1547,.F.);
#2082=ORIENTED_EDGE('',*,*,#1551,.F.);
#2083=ORIENTED_EDGE('',*,*,#1552,.T.);
#2084=ORIENTED_EDGE('',*,*,#1416,.T.);
#2085=ORIENTED_EDGE('',*,*,#1548,.T.);
#2086=ORIENTED_EDGE('',*,*,#1550,.F.);
#2087=ORIENTED_EDGE('',*,*,#1552,.F.);
#2088=ORIENTED_EDGE('',*,*,#1553,.F.);
#2089=ORIENTED_EDGE('',*,*,#1554,.T.);
#2090=ORIENTED_EDGE('',*,*,#1555,.F.);
#2091=ORIENTED_EDGE('',*,*,#1556,.F.);
#2092=ORIENTED_EDGE('',*,*,#1409,.F.);
#2093=ORIENTED_EDGE('',*,*,#1546,.T.);
#2094=ORIENTED_EDGE('',*,*,#1557,.T.);
#2095=ORIENTED_EDGE('',*,*,#1558,.T.);
#2096=ORIENTED_EDGE('',*,*,#1553,.T.);
#2097=ORIENTED_EDGE('',*,*,#1551,.T.);
#2098=ORIENTED_EDGE('',*,*,#1549,.T.);
#2099=ORIENTED_EDGE('',*,*,#1559,.T.);
#2100=ORIENTED_EDGE('',*,*,#1560,.T.);
#2101=ORIENTED_EDGE('',*,*,#1561,.T.);
#2102=ORIENTED_EDGE('',*,*,#1562,.T.);
#2103=ORIENTED_EDGE('',*,*,#1558,.F.);
#2104=ORIENTED_EDGE('',*,*,#1563,.F.);
#2105=ORIENTED_EDGE('',*,*,#1559,.F.);
#2106=ORIENTED_EDGE('',*,*,#1564,.F.);
#2107=ORIENTED_EDGE('',*,*,#1565,.F.);
#2108=ORIENTED_EDGE('',*,*,#1554,.F.);
#2109=ORIENTED_EDGE('',*,*,#1545,.F.);
#2110=ORIENTED_EDGE('',*,*,#1413,.F.);
#2111=ORIENTED_EDGE('',*,*,#1566,.F.);
#2112=ORIENTED_EDGE('',*,*,#1560,.F.);
#2113=ORIENTED_EDGE('',*,*,#1563,.T.);
#2114=ORIENTED_EDGE('',*,*,#1557,.F.);
#2115=ORIENTED_EDGE('',*,*,#1565,.T.);
#2116=ORIENTED_EDGE('',*,*,#1567,.T.);
#2117=ORIENTED_EDGE('',*,*,#1568,.T.);
#2118=ORIENTED_EDGE('',*,*,#1555,.T.);
#2119=ORIENTED_EDGE('',*,*,#1564,.T.);
#2120=ORIENTED_EDGE('',*,*,#1562,.F.);
#2121=ORIENTED_EDGE('',*,*,#1569,.F.);
#2122=ORIENTED_EDGE('',*,*,#1567,.F.);
#2123=ORIENTED_EDGE('',*,*,#1570,.F.);
#2124=ORIENTED_EDGE('',*,*,#1571,.F.);
#2125=ORIENTED_EDGE('',*,*,#1572,.F.);
#2126=ORIENTED_EDGE('',*,*,#1573,.F.);
#2127=ORIENTED_EDGE('',*,*,#1574,.F.);
#2128=ORIENTED_EDGE('',*,*,#1575,.F.);
#2129=ORIENTED_EDGE('',*,*,#1576,.F.);
#2130=ORIENTED_EDGE('',*,*,#1577,.F.);
#2131=ORIENTED_EDGE('',*,*,#1396,.T.);
#2132=ORIENTED_EDGE('',*,*,#1578,.T.);
#2133=ORIENTED_EDGE('',*,*,#1422,.T.);
#2134=ORIENTED_EDGE('',*,*,#1579,.T.);
#2135=ORIENTED_EDGE('',*,*,#1578,.F.);
#2136=ORIENTED_EDGE('',*,*,#1395,.T.);
#2137=ORIENTED_EDGE('',*,*,#1580,.F.);
#2138=ORIENTED_EDGE('',*,*,#1423,.T.);
#2139=ORIENTED_EDGE('',*,*,#1420,.T.);
#2140=ORIENTED_EDGE('',*,*,#1581,.T.);
#2141=ORIENTED_EDGE('',*,*,#1398,.T.);
#2142=ORIENTED_EDGE('',*,*,#1582,.T.);
#2143=ORIENTED_EDGE('',*,*,#1581,.F.);
#2144=ORIENTED_EDGE('',*,*,#1419,.F.);
#2145=ORIENTED_EDGE('',*,*,#1583,.F.);
#2146=ORIENTED_EDGE('',*,*,#1399,.F.);
#2147=ORIENTED_EDGE('',*,*,#1400,.T.);
#2148=ORIENTED_EDGE('',*,*,#1583,.T.);
#2149=ORIENTED_EDGE('',*,*,#1418,.T.);
#2150=ORIENTED_EDGE('',*,*,#1584,.T.);
#2151=ORIENTED_EDGE('',*,*,#1424,.T.);
#2152=ORIENTED_EDGE('',*,*,#1580,.T.);
#2153=ORIENTED_EDGE('',*,*,#1394,.T.);
#2154=ORIENTED_EDGE('',*,*,#1585,.T.);
#2155=ORIENTED_EDGE('',*,*,#1584,.F.);
#2156=ORIENTED_EDGE('',*,*,#1417,.F.);
#2157=ORIENTED_EDGE('',*,*,#1585,.F.);
#2158=ORIENTED_EDGE('',*,*,#1393,.F.);
#2159=ORIENTED_EDGE('',*,*,#1579,.F.);
#2160=ORIENTED_EDGE('',*,*,#1421,.T.);
#2161=ORIENTED_EDGE('',*,*,#1582,.F.);
#2162=ORIENTED_EDGE('',*,*,#1397,.F.);
#2163=ORIENTED_EDGE('',*,*,#1534,.T.);
#2164=ORIENTED_EDGE('',*,*,#1586,.T.);
#2165=ORIENTED_EDGE('',*,*,#1570,.T.);
#2166=ORIENTED_EDGE('',*,*,#1587,.T.);
#2167=ORIENTED_EDGE('',*,*,#1586,.F.);
#2168=ORIENTED_EDGE('',*,*,#1533,.T.);
#2169=ORIENTED_EDGE('',*,*,#1588,.F.);
#2170=ORIENTED_EDGE('',*,*,#1571,.T.);
#2171=ORIENTED_EDGE('',*,*,#1572,.T.);
#2172=ORIENTED_EDGE('',*,*,#1588,.T.);
#2173=ORIENTED_EDGE('',*,*,#1532,.T.);
#2174=ORIENTED_EDGE('',*,*,#1589,.T.);
#2175=ORIENTED_EDGE('',*,*,#1576,.T.);
#2176=ORIENTED_EDGE('',*,*,#1590,.T.);
#2177=ORIENTED_EDGE('',*,*,#1528,.T.);
#2178=ORIENTED_EDGE('',*,*,#1591,.T.);
#2179=ORIENTED_EDGE('',*,*,#1590,.F.);
#2180=ORIENTED_EDGE('',*,*,#1575,.T.);
#2181=ORIENTED_EDGE('',*,*,#1592,.F.);
#2182=ORIENTED_EDGE('',*,*,#1529,.T.);
#2183=ORIENTED_EDGE('',*,*,#1530,.T.);
#2184=ORIENTED_EDGE('',*,*,#1592,.T.);
#2185=ORIENTED_EDGE('',*,*,#1574,.T.);
#2186=ORIENTED_EDGE('',*,*,#1593,.T.);
#2187=ORIENTED_EDGE('',*,*,#1589,.F.);
#2188=ORIENTED_EDGE('',*,*,#1531,.T.);
#2189=ORIENTED_EDGE('',*,*,#1593,.F.);
#2190=ORIENTED_EDGE('',*,*,#1573,.T.);
#2191=ORIENTED_EDGE('',*,*,#1587,.F.);
#2192=ORIENTED_EDGE('',*,*,#1577,.T.);
#2193=ORIENTED_EDGE('',*,*,#1591,.F.);
#2194=ORIENTED_EDGE('',*,*,#1527,.T.);
#2195=ORIENTED_EDGE('',*,*,#1594,.T.);
#2196=ORIENTED_EDGE('',*,*,#1569,.T.);
#2197=ORIENTED_EDGE('',*,*,#1595,.T.);
#2198=ORIENTED_EDGE('',*,*,#1596,.T.);
#2199=ORIENTED_EDGE('',*,*,#1568,.F.);
#2200=ORIENTED_EDGE('',*,*,#1594,.F.);
#2201=ORIENTED_EDGE('',*,*,#1597,.T.);
#2202=ORIENTED_EDGE('',*,*,#1595,.F.);
#2203=ORIENTED_EDGE('',*,*,#1561,.F.);
#2204=ORIENTED_EDGE('',*,*,#1598,.T.);
#2205=ORIENTED_EDGE('',*,*,#1597,.F.);
#2206=ORIENTED_EDGE('',*,*,#1599,.T.);
#2207=ORIENTED_EDGE('',*,*,#1410,.T.);
#2208=ORIENTED_EDGE('',*,*,#1556,.T.);
#2209=ORIENTED_EDGE('',*,*,#1596,.F.);
#2210=ORIENTED_EDGE('',*,*,#1600,.F.);
#2211=ORIENTED_EDGE('',*,*,#1411,.F.);
#2212=ORIENTED_EDGE('',*,*,#1599,.F.);
#2213=ORIENTED_EDGE('',*,*,#1598,.F.);
#2214=ORIENTED_EDGE('',*,*,#1566,.T.);
#2215=ORIENTED_EDGE('',*,*,#1412,.T.);
#2216=ORIENTED_EDGE('',*,*,#1600,.T.);
#2217=ORIENTED_EDGE('',*,*,#1470,.T.);
#2218=ORIENTED_EDGE('',*,*,#1601,.T.);
#2219=ORIENTED_EDGE('',*,*,#1349,.F.);
#2220=ORIENTED_EDGE('',*,*,#1602,.F.);
#2221=ORIENTED_EDGE('',*,*,#1469,.T.);
#2222=ORIENTED_EDGE('',*,*,#1603,.T.);
#2223=ORIENTED_EDGE('',*,*,#1350,.F.);
#2224=ORIENTED_EDGE('',*,*,#1601,.F.);
#2225=ORIENTED_EDGE('',*,*,#1468,.T.);
#2226=ORIENTED_EDGE('',*,*,#1604,.T.);
#2227=ORIENTED_EDGE('',*,*,#1351,.F.);
#2228=ORIENTED_EDGE('',*,*,#1603,.F.);
#2229=ORIENTED_EDGE('',*,*,#1467,.T.);
#2230=ORIENTED_EDGE('',*,*,#1605,.T.);
#2231=ORIENTED_EDGE('',*,*,#1352,.F.);
#2232=ORIENTED_EDGE('',*,*,#1604,.F.);
#2233=ORIENTED_EDGE('',*,*,#1462,.T.);
#2234=ORIENTED_EDGE('',*,*,#1606,.T.);
#2235=ORIENTED_EDGE('',*,*,#1357,.F.);
#2236=ORIENTED_EDGE('',*,*,#1607,.F.);
#2237=ORIENTED_EDGE('',*,*,#1461,.T.);
#2238=ORIENTED_EDGE('',*,*,#1608,.T.);
#2239=ORIENTED_EDGE('',*,*,#1358,.F.);
#2240=ORIENTED_EDGE('',*,*,#1606,.F.);
#2241=ORIENTED_EDGE('',*,*,#1460,.T.);
#2242=ORIENTED_EDGE('',*,*,#1609,.T.);
#2243=ORIENTED_EDGE('',*,*,#1359,.F.);
#2244=ORIENTED_EDGE('',*,*,#1608,.F.);
#2245=ORIENTED_EDGE('',*,*,#1459,.T.);
#2246=ORIENTED_EDGE('',*,*,#1610,.T.);
#2247=ORIENTED_EDGE('',*,*,#1360,.F.);
#2248=ORIENTED_EDGE('',*,*,#1609,.F.);
#2249=ORIENTED_EDGE('',*,*,#1454,.T.);
#2250=ORIENTED_EDGE('',*,*,#1611,.T.);
#2251=ORIENTED_EDGE('',*,*,#1365,.F.);
#2252=ORIENTED_EDGE('',*,*,#1612,.F.);
#2253=ORIENTED_EDGE('',*,*,#1453,.T.);
#2254=ORIENTED_EDGE('',*,*,#1613,.T.);
#2255=ORIENTED_EDGE('',*,*,#1366,.F.);
#2256=ORIENTED_EDGE('',*,*,#1611,.F.);
#2257=ORIENTED_EDGE('',*,*,#1452,.T.);
#2258=ORIENTED_EDGE('',*,*,#1614,.T.);
#2259=ORIENTED_EDGE('',*,*,#1367,.F.);
#2260=ORIENTED_EDGE('',*,*,#1613,.F.);
#2261=ORIENTED_EDGE('',*,*,#1451,.T.);
#2262=ORIENTED_EDGE('',*,*,#1615,.T.);
#2263=ORIENTED_EDGE('',*,*,#1368,.F.);
#2264=ORIENTED_EDGE('',*,*,#1614,.F.);
#2265=ORIENTED_EDGE('',*,*,#1446,.T.);
#2266=ORIENTED_EDGE('',*,*,#1616,.T.);
#2267=ORIENTED_EDGE('',*,*,#1373,.F.);
#2268=ORIENTED_EDGE('',*,*,#1617,.F.);
#2269=ORIENTED_EDGE('',*,*,#1445,.T.);
#2270=ORIENTED_EDGE('',*,*,#1618,.T.);
#2271=ORIENTED_EDGE('',*,*,#1374,.F.);
#2272=ORIENTED_EDGE('',*,*,#1616,.F.);
#2273=ORIENTED_EDGE('',*,*,#1444,.T.);
#2274=ORIENTED_EDGE('',*,*,#1619,.T.);
#2275=ORIENTED_EDGE('',*,*,#1375,.F.);
#2276=ORIENTED_EDGE('',*,*,#1618,.F.);
#2277=ORIENTED_EDGE('',*,*,#1443,.T.);
#2278=ORIENTED_EDGE('',*,*,#1620,.T.);
#2279=ORIENTED_EDGE('',*,*,#1376,.F.);
#2280=ORIENTED_EDGE('',*,*,#1619,.F.);
#2281=ORIENTED_EDGE('',*,*,#1438,.T.);
#2282=ORIENTED_EDGE('',*,*,#1621,.T.);
#2283=ORIENTED_EDGE('',*,*,#1381,.F.);
#2284=ORIENTED_EDGE('',*,*,#1622,.F.);
#2285=ORIENTED_EDGE('',*,*,#1437,.T.);
#2286=ORIENTED_EDGE('',*,*,#1623,.T.);
#2287=ORIENTED_EDGE('',*,*,#1382,.F.);
#2288=ORIENTED_EDGE('',*,*,#1621,.F.);
#2289=ORIENTED_EDGE('',*,*,#1436,.T.);
#2290=ORIENTED_EDGE('',*,*,#1624,.T.);
#2291=ORIENTED_EDGE('',*,*,#1383,.F.);
#2292=ORIENTED_EDGE('',*,*,#1623,.F.);
#2293=ORIENTED_EDGE('',*,*,#1435,.T.);
#2294=ORIENTED_EDGE('',*,*,#1625,.T.);
#2295=ORIENTED_EDGE('',*,*,#1384,.F.);
#2296=ORIENTED_EDGE('',*,*,#1624,.F.);
#2297=ORIENTED_EDGE('',*,*,#1430,.T.);
#2298=ORIENTED_EDGE('',*,*,#1626,.T.);
#2299=ORIENTED_EDGE('',*,*,#1389,.F.);
#2300=ORIENTED_EDGE('',*,*,#1627,.F.);
#2301=ORIENTED_EDGE('',*,*,#1429,.T.);
#2302=ORIENTED_EDGE('',*,*,#1628,.T.);
#2303=ORIENTED_EDGE('',*,*,#1390,.F.);
#2304=ORIENTED_EDGE('',*,*,#1626,.F.);
#2305=ORIENTED_EDGE('',*,*,#1428,.T.);
#2306=ORIENTED_EDGE('',*,*,#1629,.T.);
#2307=ORIENTED_EDGE('',*,*,#1391,.F.);
#2308=ORIENTED_EDGE('',*,*,#1628,.F.);
#2309=ORIENTED_EDGE('',*,*,#1427,.T.);
#2310=ORIENTED_EDGE('',*,*,#1630,.T.);
#2311=ORIENTED_EDGE('',*,*,#1392,.F.);
#2312=ORIENTED_EDGE('',*,*,#1629,.F.);
#2313=ORIENTED_EDGE('',*,*,#1466,.T.);
#2314=ORIENTED_EDGE('',*,*,#1631,.T.);
#2315=ORIENTED_EDGE('',*,*,#1345,.F.);
#2316=ORIENTED_EDGE('',*,*,#1605,.F.);
#2317=ORIENTED_EDGE('',*,*,#1465,.T.);
#2318=ORIENTED_EDGE('',*,*,#1632,.T.);
#2319=ORIENTED_EDGE('',*,*,#1346,.F.);
#2320=ORIENTED_EDGE('',*,*,#1631,.F.);
#2321=ORIENTED_EDGE('',*,*,#1458,.T.);
#2322=ORIENTED_EDGE('',*,*,#1633,.T.);
#2323=ORIENTED_EDGE('',*,*,#1353,.F.);
#2324=ORIENTED_EDGE('',*,*,#1610,.F.);
#2325=ORIENTED_EDGE('',*,*,#1457,.T.);
#2326=ORIENTED_EDGE('',*,*,#1634,.T.);
#2327=ORIENTED_EDGE('',*,*,#1354,.F.);
#2328=ORIENTED_EDGE('',*,*,#1633,.F.);
#2329=ORIENTED_EDGE('',*,*,#1450,.T.);
#2330=ORIENTED_EDGE('',*,*,#1635,.T.);
#2331=ORIENTED_EDGE('',*,*,#1361,.F.);
#2332=ORIENTED_EDGE('',*,*,#1615,.F.);
#2333=ORIENTED_EDGE('',*,*,#1449,.T.);
#2334=ORIENTED_EDGE('',*,*,#1636,.T.);
#2335=ORIENTED_EDGE('',*,*,#1362,.F.);
#2336=ORIENTED_EDGE('',*,*,#1635,.F.);
#2337=ORIENTED_EDGE('',*,*,#1442,.T.);
#2338=ORIENTED_EDGE('',*,*,#1637,.T.);
#2339=ORIENTED_EDGE('',*,*,#1369,.F.);
#2340=ORIENTED_EDGE('',*,*,#1620,.F.);
#2341=ORIENTED_EDGE('',*,*,#1441,.T.);
#2342=ORIENTED_EDGE('',*,*,#1638,.T.);
#2343=ORIENTED_EDGE('',*,*,#1370,.F.);
#2344=ORIENTED_EDGE('',*,*,#1637,.F.);
#2345=ORIENTED_EDGE('',*,*,#1434,.T.);
#2346=ORIENTED_EDGE('',*,*,#1639,.T.);
#2347=ORIENTED_EDGE('',*,*,#1377,.F.);
#2348=ORIENTED_EDGE('',*,*,#1625,.F.);
#2349=ORIENTED_EDGE('',*,*,#1433,.T.);
#2350=ORIENTED_EDGE('',*,*,#1640,.T.);
#2351=ORIENTED_EDGE('',*,*,#1378,.F.);
#2352=ORIENTED_EDGE('',*,*,#1639,.F.);
#2353=ORIENTED_EDGE('',*,*,#1426,.T.);
#2354=ORIENTED_EDGE('',*,*,#1641,.T.);
#2355=ORIENTED_EDGE('',*,*,#1385,.F.);
#2356=ORIENTED_EDGE('',*,*,#1630,.F.);
#2357=ORIENTED_EDGE('',*,*,#1425,.T.);
#2358=ORIENTED_EDGE('',*,*,#1642,.T.);
#2359=ORIENTED_EDGE('',*,*,#1386,.F.);
#2360=ORIENTED_EDGE('',*,*,#1641,.F.);
#2361=ORIENTED_EDGE('',*,*,#1471,.T.);
#2362=ORIENTED_EDGE('',*,*,#1602,.T.);
#2363=ORIENTED_EDGE('',*,*,#1348,.F.);
#2364=ORIENTED_EDGE('',*,*,#1643,.F.);
#2365=ORIENTED_EDGE('',*,*,#1472,.T.);
#2366=ORIENTED_EDGE('',*,*,#1643,.T.);
#2367=ORIENTED_EDGE('',*,*,#1347,.F.);
#2368=ORIENTED_EDGE('',*,*,#1632,.F.);
#2369=ORIENTED_EDGE('',*,*,#1463,.T.);
#2370=ORIENTED_EDGE('',*,*,#1607,.T.);
#2371=ORIENTED_EDGE('',*,*,#1356,.F.);
#2372=ORIENTED_EDGE('',*,*,#1644,.F.);
#2373=ORIENTED_EDGE('',*,*,#1464,.T.);
#2374=ORIENTED_EDGE('',*,*,#1644,.T.);
#2375=ORIENTED_EDGE('',*,*,#1355,.F.);
#2376=ORIENTED_EDGE('',*,*,#1634,.F.);
#2377=ORIENTED_EDGE('',*,*,#1455,.T.);
#2378=ORIENTED_EDGE('',*,*,#1612,.T.);
#2379=ORIENTED_EDGE('',*,*,#1364,.F.);
#2380=ORIENTED_EDGE('',*,*,#1645,.F.);
#2381=ORIENTED_EDGE('',*,*,#1456,.T.);
#2382=ORIENTED_EDGE('',*,*,#1645,.T.);
#2383=ORIENTED_EDGE('',*,*,#1363,.F.);
#2384=ORIENTED_EDGE('',*,*,#1636,.F.);
#2385=ORIENTED_EDGE('',*,*,#1447,.T.);
#2386=ORIENTED_EDGE('',*,*,#1617,.T.);
#2387=ORIENTED_EDGE('',*,*,#1372,.F.);
#2388=ORIENTED_EDGE('',*,*,#1646,.F.);
#2389=ORIENTED_EDGE('',*,*,#1448,.T.);
#2390=ORIENTED_EDGE('',*,*,#1646,.T.);
#2391=ORIENTED_EDGE('',*,*,#1371,.F.);
#2392=ORIENTED_EDGE('',*,*,#1638,.F.);
#2393=ORIENTED_EDGE('',*,*,#1439,.T.);
#2394=ORIENTED_EDGE('',*,*,#1622,.T.);
#2395=ORIENTED_EDGE('',*,*,#1380,.F.);
#2396=ORIENTED_EDGE('',*,*,#1647,.F.);
#2397=ORIENTED_EDGE('',*,*,#1440,.T.);
#2398=ORIENTED_EDGE('',*,*,#1647,.T.);
#2399=ORIENTED_EDGE('',*,*,#1379,.F.);
#2400=ORIENTED_EDGE('',*,*,#1640,.F.);
#2401=ORIENTED_EDGE('',*,*,#1431,.T.);
#2402=ORIENTED_EDGE('',*,*,#1627,.T.);
#2403=ORIENTED_EDGE('',*,*,#1388,.F.);
#2404=ORIENTED_EDGE('',*,*,#1648,.F.);
#2405=ORIENTED_EDGE('',*,*,#1432,.T.);
#2406=ORIENTED_EDGE('',*,*,#1648,.T.);
#2407=ORIENTED_EDGE('',*,*,#1387,.F.);
#2408=ORIENTED_EDGE('',*,*,#1642,.F.);
#2409=CYLINDRICAL_SURFACE('',#2604,1.5);
#2410=CYLINDRICAL_SURFACE('',#2607,1.5);
#2411=CYLINDRICAL_SURFACE('',#2609,1.5);
#2412=CYLINDRICAL_SURFACE('',#2612,1.5);
#2413=CYLINDRICAL_SURFACE('',#2615,1.5);
#2414=CYLINDRICAL_SURFACE('',#2617,1.5);
#2415=CYLINDRICAL_SURFACE('',#2620,1.5);
#2416=CYLINDRICAL_SURFACE('',#2623,1.5);
#2417=CYLINDRICAL_SURFACE('',#2625,1.5);
#2418=CYLINDRICAL_SURFACE('',#2628,1.5);
#2419=CYLINDRICAL_SURFACE('',#2631,1.5);
#2420=CYLINDRICAL_SURFACE('',#2633,1.5);
#2421=CYLINDRICAL_SURFACE('',#2691,1.5);
#2422=CYLINDRICAL_SURFACE('',#2693,1.5);
#2423=CYLINDRICAL_SURFACE('',#2695,1.5);
#2424=CYLINDRICAL_SURFACE('',#2697,1.5);
#2425=CYLINDRICAL_SURFACE('',#2737,0.834959810970255);
#2426=CYLINDRICAL_SURFACE('',#2765,1.);
#2427=CYLINDRICAL_SURFACE('',#2770,1.);
#2428=CYLINDRICAL_SURFACE('',#2772,0.999999999999998);
#2429=CYLINDRICAL_SURFACE('',#2776,1.);
#2430=CYLINDRICAL_SURFACE('',#2778,1.);
#2431=CYLINDRICAL_SURFACE('',#2784,1.);
#2432=CYLINDRICAL_SURFACE('',#2797,3.);
#2433=CYLINDRICAL_SURFACE('',#2799,3.);
#2434=CYLINDRICAL_SURFACE('',#2801,3.);
#2435=CYLINDRICAL_SURFACE('',#2802,3.);
#2436=CYLINDRICAL_SURFACE('',#2805,1.);
#2437=CYLINDRICAL_SURFACE('',#2807,1.);
#2438=CYLINDRICAL_SURFACE('',#2808,1.);
#2439=CYLINDRICAL_SURFACE('',#2810,1.);
#2440=CYLINDRICAL_SURFACE('',#2818,0.5);
#2441=CYLINDRICAL_SURFACE('',#2820,0.5);
#2442=CYLINDRICAL_SURFACE('',#2822,0.499999999999998);
#2443=CYLINDRICAL_SURFACE('',#2824,0.499999999999998);
#2444=CYLINDRICAL_SURFACE('',#2826,0.499999999999998);
#2445=CYLINDRICAL_SURFACE('',#2828,0.5);
#2446=CYLINDRICAL_SURFACE('',#2830,0.499999999999998);
#2447=CYLINDRICAL_SURFACE('',#2832,0.499999999999998);
#2448=CYLINDRICAL_SURFACE('',#2834,0.499999999999998);
#2449=CYLINDRICAL_SURFACE('',#2836,0.499999999999998);
#2450=CYLINDRICAL_SURFACE('',#2838,0.5);
#2451=CYLINDRICAL_SURFACE('',#2840,0.499999999999998);
#2452=CYLINDRICAL_SURFACE('',#2842,0.499999999999998);
#2453=CYLINDRICAL_SURFACE('',#2844,0.499999999999998);
#2454=CYLINDRICAL_SURFACE('',#2846,0.499999999999998);
#2455=CYLINDRICAL_SURFACE('',#2848,0.499999999999998);
#2456=CYLINDRICAL_SURFACE('',#2850,0.499999999999998);
#2457=CYLINDRICAL_SURFACE('',#2852,0.499999999999998);
#2458=CYLINDRICAL_SURFACE('',#2854,0.5);
#2459=CYLINDRICAL_SURFACE('',#2856,0.499999999999998);
#2460=CYLINDRICAL_SURFACE('',#2857,0.499999999999998);
#2461=CYLINDRICAL_SURFACE('',#2859,0.5);
#2462=CYLINDRICAL_SURFACE('',#2861,0.499999999999998);
#2463=CYLINDRICAL_SURFACE('',#2863,0.499999999999998);
#2464=CYLINDRICAL_SURFACE('',#2865,0.499999999999998);
#2465=CYLINDRICAL_SURFACE('',#2867,0.499999999999998);
#2466=ADVANCED_FACE('',(#134),#2409,.T.);
#2467=ADVANCED_FACE('',(#135),#2410,.T.);
#2468=ADVANCED_FACE('',(#136),#2411,.T.);
#2469=ADVANCED_FACE('',(#137),#2412,.T.);
#2470=ADVANCED_FACE('',(#138),#112,.F.);
#2471=ADVANCED_FACE('',(#139),#2413,.T.);
#2472=ADVANCED_FACE('',(#140),#2414,.T.);
#2473=ADVANCED_FACE('',(#141),#2415,.T.);
#2474=ADVANCED_FACE('',(#142),#113,.F.);
#2475=ADVANCED_FACE('',(#143),#2416,.T.);
#2476=ADVANCED_FACE('',(#144),#2417,.T.);
#2477=ADVANCED_FACE('',(#145),#2418,.T.);
#2478=ADVANCED_FACE('',(#146),#114,.F.);
#2479=ADVANCED_FACE('',(#147),#2419,.T.);
#2480=ADVANCED_FACE('',(#148),#2420,.T.);
#2481=ADVANCED_FACE('',(#149),#115,.F.);
#2482=ADVANCED_FACE('',(#150),#107,.T.);
#2483=ADVANCED_FACE('',(#151),#108,.T.);
#2484=ADVANCED_FACE('',(#152),#109,.T.);
#2485=ADVANCED_FACE('',(#153),#110,.T.);
#2486=ADVANCED_FACE('',(#154,#19,#20,#21,#22,#23,#24,#25,#26),#43,.F.);
#2487=ADVANCED_FACE('',(#155),#2421,.F.);
#2488=ADVANCED_FACE('',(#156),#2422,.F.);
#2489=ADVANCED_FACE('',(#157),#2423,.F.);
#2490=ADVANCED_FACE('',(#158),#2424,.F.);
#2491=ADVANCED_FACE('',(#159,#27,#28,#29,#30,#31,#32,#33,#34,#35,#36,#37,
#38),#44,.F.);
#2492=ADVANCED_FACE('',(#160),#111,.T.);
#2493=ADVANCED_FACE('',(#161),#2425,.F.);
#2494=ADVANCED_FACE('',(#162,#39),#45,.T.);
#2495=ADVANCED_FACE('',(#163),#46,.T.);
#2496=ADVANCED_FACE('',(#164),#47,.T.);
#2497=ADVANCED_FACE('',(#165),#48,.T.);
#2498=ADVANCED_FACE('',(#166),#49,.T.);
#2499=ADVANCED_FACE('',(#167),#50,.T.);
#2500=ADVANCED_FACE('',(#168),#51,.T.);
#2501=ADVANCED_FACE('',(#169),#52,.T.);
#2502=ADVANCED_FACE('',(#170),#53,.T.);
#2503=ADVANCED_FACE('',(#171),#54,.T.);
#2504=ADVANCED_FACE('',(#172),#55,.T.);
#2505=ADVANCED_FACE('',(#173),#56,.T.);
#2506=ADVANCED_FACE('',(#174),#57,.T.);
#2507=ADVANCED_FACE('',(#175),#58,.T.);
#2508=ADVANCED_FACE('',(#176),#59,.T.);
#2509=ADVANCED_FACE('',(#177),#60,.T.);
#2510=ADVANCED_FACE('',(#178),#61,.T.);
#2511=ADVANCED_FACE('',(#179,#40,#41),#62,.T.);
#2512=ADVANCED_FACE('',(#180),#2426,.T.);
#2513=ADVANCED_FACE('',(#181),#116,.T.);
#2514=ADVANCED_FACE('',(#182),#117,.T.);
#2515=ADVANCED_FACE('',(#183),#2427,.T.);
#2516=ADVANCED_FACE('',(#184),#2428,.T.);
#2517=ADVANCED_FACE('',(#185),#118,.T.);
#2518=ADVANCED_FACE('',(#186),#119,.T.);
#2519=ADVANCED_FACE('',(#187),#2429,.T.);
#2520=ADVANCED_FACE('',(#188),#63,.T.);
#2521=ADVANCED_FACE('',(#189),#2430,.F.);
#2522=ADVANCED_FACE('',(#190),#64,.F.);
#2523=ADVANCED_FACE('',(#191),#65,.T.);
#2524=ADVANCED_FACE('',(#192),#2431,.F.);
#2525=ADVANCED_FACE('',(#193),#66,.T.);
#2526=ADVANCED_FACE('',(#194),#67,.T.);
#2527=ADVANCED_FACE('',(#195),#68,.T.);
#2528=ADVANCED_FACE('',(#196),#69,.T.);
#2529=ADVANCED_FACE('',(#197),#70,.T.);
#2530=ADVANCED_FACE('',(#198),#71,.T.);
#2531=ADVANCED_FACE('',(#199,#42),#72,.F.);
#2532=ADVANCED_FACE('',(#200),#2432,.F.);
#2533=ADVANCED_FACE('',(#201),#73,.T.);
#2534=ADVANCED_FACE('',(#202),#2433,.F.);
#2535=ADVANCED_FACE('',(#203),#74,.F.);
#2536=ADVANCED_FACE('',(#204),#2434,.F.);
#2537=ADVANCED_FACE('',(#205),#2435,.F.);
#2538=ADVANCED_FACE('',(#206),#75,.F.);
#2539=ADVANCED_FACE('',(#207),#76,.T.);
#2540=ADVANCED_FACE('',(#208),#2436,.F.);
#2541=ADVANCED_FACE('',(#209),#77,.T.);
#2542=ADVANCED_FACE('',(#210),#2437,.F.);
#2543=ADVANCED_FACE('',(#211),#2438,.F.);
#2544=ADVANCED_FACE('',(#212),#78,.T.);
#2545=ADVANCED_FACE('',(#213),#2439,.F.);
#2546=ADVANCED_FACE('',(#214),#79,.T.);
#2547=ADVANCED_FACE('',(#215),#80,.T.);
#2548=ADVANCED_FACE('',(#216),#81,.T.);
#2549=ADVANCED_FACE('',(#217),#15,.F.);
#2550=ADVANCED_FACE('',(#218),#16,.F.);
#2551=ADVANCED_FACE('',(#219),#2440,.F.);
#2552=ADVANCED_FACE('',(#220),#82,.F.);
#2553=ADVANCED_FACE('',(#221),#2441,.F.);
#2554=ADVANCED_FACE('',(#222),#83,.T.);
#2555=ADVANCED_FACE('',(#223),#2442,.F.);
#2556=ADVANCED_FACE('',(#224),#84,.T.);
#2557=ADVANCED_FACE('',(#225),#2443,.F.);
#2558=ADVANCED_FACE('',(#226),#85,.T.);
#2559=ADVANCED_FACE('',(#227),#2444,.F.);
#2560=ADVANCED_FACE('',(#228),#86,.T.);
#2561=ADVANCED_FACE('',(#229),#2445,.F.);
#2562=ADVANCED_FACE('',(#230),#87,.T.);
#2563=ADVANCED_FACE('',(#231),#2446,.F.);
#2564=ADVANCED_FACE('',(#232),#88,.T.);
#2565=ADVANCED_FACE('',(#233),#2447,.F.);
#2566=ADVANCED_FACE('',(#234),#89,.T.);
#2567=ADVANCED_FACE('',(#235),#2448,.F.);
#2568=ADVANCED_FACE('',(#236),#90,.T.);
#2569=ADVANCED_FACE('',(#237),#2449,.F.);
#2570=ADVANCED_FACE('',(#238),#91,.T.);
#2571=ADVANCED_FACE('',(#239),#2450,.F.);
#2572=ADVANCED_FACE('',(#240),#92,.T.);
#2573=ADVANCED_FACE('',(#241),#2451,.F.);
#2574=ADVANCED_FACE('',(#242),#93,.T.);
#2575=ADVANCED_FACE('',(#243),#2452,.F.);
#2576=ADVANCED_FACE('',(#244),#94,.T.);
#2577=ADVANCED_FACE('',(#245),#2453,.F.);
#2578=ADVANCED_FACE('',(#246),#95,.T.);
#2579=ADVANCED_FACE('',(#247),#2454,.F.);
#2580=ADVANCED_FACE('',(#248),#96,.T.);
#2581=ADVANCED_FACE('',(#249),#2455,.F.);
#2582=ADVANCED_FACE('',(#250),#97,.T.);
#2583=ADVANCED_FACE('',(#251),#2456,.F.);
#2584=ADVANCED_FACE('',(#252),#98,.T.);
#2585=ADVANCED_FACE('',(#253),#2457,.F.);
#2586=ADVANCED_FACE('',(#254),#99,.T.);
#2587=ADVANCED_FACE('',(#255),#2458,.F.);
#2588=ADVANCED_FACE('',(#256),#100,.T.);
#2589=ADVANCED_FACE('',(#257),#2459,.F.);
#2590=ADVANCED_FACE('',(#258),#2460,.F.);
#2591=ADVANCED_FACE('',(#259),#101,.T.);
#2592=ADVANCED_FACE('',(#260),#2461,.F.);
#2593=ADVANCED_FACE('',(#261),#102,.T.);
#2594=ADVANCED_FACE('',(#262),#2462,.F.);
#2595=ADVANCED_FACE('',(#263),#103,.T.);
#2596=ADVANCED_FACE('',(#264),#2463,.F.);
#2597=ADVANCED_FACE('',(#265),#104,.T.);
#2598=ADVANCED_FACE('',(#266),#2464,.F.);
#2599=ADVANCED_FACE('',(#267),#105,.T.);
#2600=ADVANCED_FACE('',(#268),#2465,.F.);
#2601=ADVANCED_FACE('',(#269),#106,.T.);
#2602=CLOSED_SHELL('',(#2466,#2467,#2468,#2469,#2470,#2471,#2472,#2473,
#2474,#2475,#2476,#2477,#2478,#2479,#2480,#2481,#2482,#2483,#2484,#2485,
#2486,#2487,#2488,#2489,#2490,#2491,#2492,#2493,#2494,#2495,#2496,#2497,
#2498,#2499,#2500,#2501,#2502,#2503,#2504,#2505,#2506,#2507,#2508,#2509,
#2510,#2511,#2512,#2513,#2514,#2515,#2516,#2517,#2518,#2519,#2520,#2521,
#2522,#2523,#2524,#2525,#2526,#2527,#2528,#2529,#2530,#2531,#2532,#2533,
#2534,#2535,#2536,#2537,#2538,#2539,#2540,#2541,#2542,#2543,#2544,#2545,
#2546,#2547,#2548,#2549,#2550,#2551,#2552,#2553,#2554,#2555,#2556,#2557,
#2558,#2559,#2560,#2561,#2562,#2563,#2564,#2565,#2566,#2567,#2568,#2569,
#2570,#2571,#2572,#2573,#2574,#2575,#2576,#2577,#2578,#2579,#2580,#2581,
#2582,#2583,#2584,#2585,#2586,#2587,#2588,#2589,#2590,#2591,#2592,#2593,
#2594,#2595,#2596,#2597,#2598,#2599,#2600,#2601));
#2603=AXIS2_PLACEMENT_3D('',#3630,#2869,#2870);
#2604=AXIS2_PLACEMENT_3D('',#3631,#2871,#2872);
#2605=AXIS2_PLACEMENT_3D('',#3634,#2873,#2874);
#2606=AXIS2_PLACEMENT_3D('',#3638,#2876,#2877);
#2607=AXIS2_PLACEMENT_3D('',#3640,#2879,#2880);
#2608=AXIS2_PLACEMENT_3D('',#3657,#2881,#2882);
#2609=AXIS2_PLACEMENT_3D('',#3659,#2884,#2885);
#2610=AXIS2_PLACEMENT_3D('',#3662,#2886,#2887);
#2611=AXIS2_PLACEMENT_3D('',#3666,#2889,#2890);
#2612=AXIS2_PLACEMENT_3D('',#3668,#2892,#2893);
#2613=AXIS2_PLACEMENT_3D('',#3689,#2895,#2896);
#2614=AXIS2_PLACEMENT_3D('',#3709,#2897,#2898);
#2615=AXIS2_PLACEMENT_3D('',#3710,#2899,#2900);
#2616=AXIS2_PLACEMENT_3D('',#3730,#2901,#2902);
#2617=AXIS2_PLACEMENT_3D('',#3732,#2904,#2905);
#2618=AXIS2_PLACEMENT_3D('',#3735,#2906,#2907);
#2619=AXIS2_PLACEMENT_3D('',#3739,#2909,#2910);
#2620=AXIS2_PLACEMENT_3D('',#3741,#2912,#2913);
#2621=AXIS2_PLACEMENT_3D('',#3759,#2915,#2916);
#2622=AXIS2_PLACEMENT_3D('',#3779,#2917,#2918);
#2623=AXIS2_PLACEMENT_3D('',#3780,#2919,#2920);
#2624=AXIS2_PLACEMENT_3D('',#3797,#2921,#2922);
#2625=AXIS2_PLACEMENT_3D('',#3799,#2924,#2925);
#2626=AXIS2_PLACEMENT_3D('',#3802,#2926,#2927);
#2627=AXIS2_PLACEMENT_3D('',#3806,#2929,#2930);
#2628=AXIS2_PLACEMENT_3D('',#3808,#2932,#2933);
#2629=AXIS2_PLACEMENT_3D('',#3826,#2935,#2936);
#2630=AXIS2_PLACEMENT_3D('',#3846,#2937,#2938);
#2631=AXIS2_PLACEMENT_3D('',#3847,#2939,#2940);
#2632=AXIS2_PLACEMENT_3D('',#3864,#2941,#2942);
#2633=AXIS2_PLACEMENT_3D('',#3866,#2944,#2945);
#2634=AXIS2_PLACEMENT_3D('',#3884,#2947,#2948);
#2635=AXIS2_PLACEMENT_3D('',#3904,#2949,#2950);
#2636=AXIS2_PLACEMENT_3D('',#3905,#2951,#2952);
#2637=AXIS2_PLACEMENT_3D('',#3906,#2953,#2954);
#2638=AXIS2_PLACEMENT_3D('',#3908,#2955,#2956);
#2639=AXIS2_PLACEMENT_3D('',#3910,#2957,#2958);
#2640=AXIS2_PLACEMENT_3D('',#3911,#2959,#2960);
#2641=AXIS2_PLACEMENT_3D('',#3912,#2961,#2962);
#2642=AXIS2_PLACEMENT_3D('',#3913,#2963,#2964);
#2643=AXIS2_PLACEMENT_3D('',#3915,#2965,#2966);
#2644=AXIS2_PLACEMENT_3D('',#3917,#2967,#2968);
#2645=AXIS2_PLACEMENT_3D('',#3918,#2969,#2970);
#2646=AXIS2_PLACEMENT_3D('',#3919,#2971,#2972);
#2647=AXIS2_PLACEMENT_3D('',#3921,#2973,#2974);
#2648=AXIS2_PLACEMENT_3D('',#3923,#2975,#2976);
#2649=AXIS2_PLACEMENT_3D('',#3925,#2977,#2978);
#2650=AXIS2_PLACEMENT_3D('',#3926,#2979,#2980);
#2651=AXIS2_PLACEMENT_3D('',#3927,#2981,#2982);
#2652=AXIS2_PLACEMENT_3D('',#3928,#2983,#2984);
#2653=AXIS2_PLACEMENT_3D('',#3930,#2985,#2986);
#2654=AXIS2_PLACEMENT_3D('',#3932,#2987,#2988);
#2655=AXIS2_PLACEMENT_3D('',#3934,#2989,#2990);
#2656=AXIS2_PLACEMENT_3D('',#3935,#2991,#2992);
#2657=AXIS2_PLACEMENT_3D('',#3936,#2993,#2994);
#2658=AXIS2_PLACEMENT_3D('',#3937,#2995,#2996);
#2659=AXIS2_PLACEMENT_3D('',#3942,#2998,#2999);
#2660=AXIS2_PLACEMENT_3D('',#3946,#3001,#3002);
#2661=AXIS2_PLACEMENT_3D('',#3950,#3004,#3005);
#2662=AXIS2_PLACEMENT_3D('',#3953,#3007,#3008);
#2663=AXIS2_PLACEMENT_3D('',#3958,#3010,#3011);
#2664=AXIS2_PLACEMENT_3D('',#3962,#3013,#3014);
#2665=AXIS2_PLACEMENT_3D('',#3966,#3016,#3017);
#2666=AXIS2_PLACEMENT_3D('',#3969,#3019,#3020);
#2667=AXIS2_PLACEMENT_3D('',#3974,#3022,#3023);
#2668=AXIS2_PLACEMENT_3D('',#3978,#3025,#3026);
#2669=AXIS2_PLACEMENT_3D('',#3982,#3028,#3029);
#2670=AXIS2_PLACEMENT_3D('',#3985,#3031,#3032);
#2671=AXIS2_PLACEMENT_3D('',#3990,#3034,#3035);
#2672=AXIS2_PLACEMENT_3D('',#3994,#3037,#3038);
#2673=AXIS2_PLACEMENT_3D('',#3998,#3040,#3041);
#2674=AXIS2_PLACEMENT_3D('',#4001,#3043,#3044);
#2675=AXIS2_PLACEMENT_3D('',#4006,#3046,#3047);
#2676=AXIS2_PLACEMENT_3D('',#4010,#3049,#3050);
#2677=AXIS2_PLACEMENT_3D('',#4014,#3052,#3053);
#2678=AXIS2_PLACEMENT_3D('',#4017,#3055,#3056);
#2679=AXIS2_PLACEMENT_3D('',#4022,#3058,#3059);
#2680=AXIS2_PLACEMENT_3D('',#4026,#3061,#3062);
#2681=AXIS2_PLACEMENT_3D('',#4030,#3064,#3065);
#2682=AXIS2_PLACEMENT_3D('',#4033,#3067,#3068);
#2683=AXIS2_PLACEMENT_3D('',#4038,#3070,#3071);
#2684=AXIS2_PLACEMENT_3D('',#4042,#3073,#3074);
#2685=AXIS2_PLACEMENT_3D('',#4046,#3076,#3077);
#2686=AXIS2_PLACEMENT_3D('',#4049,#3079,#3080);
#2687=AXIS2_PLACEMENT_3D('',#4054,#3082,#3083);
#2688=AXIS2_PLACEMENT_3D('',#4058,#3085,#3086);
#2689=AXIS2_PLACEMENT_3D('',#4062,#3088,#3089);
#2690=AXIS2_PLACEMENT_3D('',#4065,#3091,#3092);
#2691=AXIS2_PLACEMENT_3D('',#4066,#3093,#3094);
#2692=AXIS2_PLACEMENT_3D('',#4069,#3096,#3097);
#2693=AXIS2_PLACEMENT_3D('',#4070,#3098,#3099);
#2694=AXIS2_PLACEMENT_3D('',#4073,#3101,#3102);
#2695=AXIS2_PLACEMENT_3D('',#4074,#3103,#3104);
#2696=AXIS2_PLACEMENT_3D('',#4077,#3106,#3107);
#2697=AXIS2_PLACEMENT_3D('',#4078,#3108,#3109);
#2698=AXIS2_PLACEMENT_3D('',#4081,#3111,#3112);
#2699=AXIS2_PLACEMENT_3D('',#4082,#3113,#3114);
#2700=AXIS2_PLACEMENT_3D('',#4087,#3116,#3117);
#2701=AXIS2_PLACEMENT_3D('',#4091,#3119,#3120);
#2702=AXIS2_PLACEMENT_3D('',#4095,#3122,#3123);
#2703=AXIS2_PLACEMENT_3D('',#4098,#3125,#3126);
#2704=AXIS2_PLACEMENT_3D('',#4103,#3128,#3129);
#2705=AXIS2_PLACEMENT_3D('',#4107,#3131,#3132);
#2706=AXIS2_PLACEMENT_3D('',#4111,#3134,#3135);
#2707=AXIS2_PLACEMENT_3D('',#4114,#3137,#3138);
#2708=AXIS2_PLACEMENT_3D('',#4117,#3139,#3140);
#2709=AXIS2_PLACEMENT_3D('',#4121,#3142,#3143);
#2710=AXIS2_PLACEMENT_3D('',#4125,#3145,#3146);
#2711=AXIS2_PLACEMENT_3D('',#4129,#3148,#3149);
#2712=AXIS2_PLACEMENT_3D('',#4133,#3151,#3152);
#2713=AXIS2_PLACEMENT_3D('',#4137,#3154,#3155);
#2714=AXIS2_PLACEMENT_3D('',#4141,#3157,#3158);
#2715=AXIS2_PLACEMENT_3D('',#4145,#3160,#3161);
#2716=AXIS2_PLACEMENT_3D('',#4149,#3163,#3164);
#2717=AXIS2_PLACEMENT_3D('',#4153,#3166,#3167);
#2718=AXIS2_PLACEMENT_3D('',#4157,#3169,#3170);
#2719=AXIS2_PLACEMENT_3D('',#4161,#3172,#3173);
#2720=AXIS2_PLACEMENT_3D('',#4165,#3175,#3176);
#2721=AXIS2_PLACEMENT_3D('',#4169,#3178,#3179);
#2722=AXIS2_PLACEMENT_3D('',#4173,#3181,#3182);
#2723=AXIS2_PLACEMENT_3D('',#4177,#3184,#3185);
#2724=AXIS2_PLACEMENT_3D('',#4181,#3187,#3188);
#2725=AXIS2_PLACEMENT_3D('',#4185,#3190,#3191);
#2726=AXIS2_PLACEMENT_3D('',#4189,#3193,#3194);
#2727=AXIS2_PLACEMENT_3D('',#4193,#3196,#3197);
#2728=AXIS2_PLACEMENT_3D('',#4197,#3199,#3200);
#2729=AXIS2_PLACEMENT_3D('',#4201,#3202,#3203);
#2730=AXIS2_PLACEMENT_3D('',#4205,#3205,#3206);
#2731=AXIS2_PLACEMENT_3D('',#4209,#3208,#3209);
#2732=AXIS2_PLACEMENT_3D('',#4211,#3211,#3212);
#2733=AXIS2_PLACEMENT_3D('',#4213,#3213,#3214);
#2734=AXIS2_PLACEMENT_3D('',#4215,#3215,#3216);
#2735=AXIS2_PLACEMENT_3D('',#4217,#3217,#3218);
#2736=AXIS2_PLACEMENT_3D('',#4218,#3219,#3220);
#2737=AXIS2_PLACEMENT_3D('',#4219,#3221,#3222);
#2738=AXIS2_PLACEMENT_3D('',#4222,#3224,#3225);
#2739=AXIS2_PLACEMENT_3D('',#4223,#3226,#3227);
#2740=AXIS2_PLACEMENT_3D('',#4240,#3236,#3237);
#2741=AXIS2_PLACEMENT_3D('',#4246,#3241,#3242);
#2742=AXIS2_PLACEMENT_3D('',#4250,#3245,#3246);
#2743=AXIS2_PLACEMENT_3D('',#4254,#3249,#3250);
#2744=AXIS2_PLACEMENT_3D('',#4258,#3253,#3254);
#2745=AXIS2_PLACEMENT_3D('',#4262,#3257,#3258);
#2746=AXIS2_PLACEMENT_3D('',#4266,#3261,#3262);
#2747=AXIS2_PLACEMENT_3D('',#4270,#3265,#3266);
#2748=AXIS2_PLACEMENT_3D('',#4272,#3268,#3269);
#2749=AXIS2_PLACEMENT_3D('',#4278,#3273,#3274);
#2750=AXIS2_PLACEMENT_3D('',#4282,#3277,#3278);
#2751=AXIS2_PLACEMENT_3D('',#4286,#3281,#3282);
#2752=AXIS2_PLACEMENT_3D('',#4290,#3285,#3286);
#2753=AXIS2_PLACEMENT_3D('',#4294,#3289,#3290);
#2754=AXIS2_PLACEMENT_3D('',#4298,#3293,#3294);
#2755=AXIS2_PLACEMENT_3D('',#4302,#3297,#3298);
#2756=AXIS2_PLACEMENT_3D('',#4304,#3300,#3301);
#2757=AXIS2_PLACEMENT_3D('',#4309,#3303,#3304);
#2758=AXIS2_PLACEMENT_3D('',#4313,#3306,#3307);
#2759=AXIS2_PLACEMENT_3D('',#4317,#3309,#3310);
#2760=AXIS2_PLACEMENT_3D('',#4320,#3312,#3313);
#2761=AXIS2_PLACEMENT_3D('',#4325,#3315,#3316);
#2762=AXIS2_PLACEMENT_3D('',#4329,#3318,#3319);
#2763=AXIS2_PLACEMENT_3D('',#4333,#3321,#3322);
#2764=AXIS2_PLACEMENT_3D('',#4336,#3324,#3325);
#2765=AXIS2_PLACEMENT_3D('',#4337,#3326,#3327);
#2766=AXIS2_PLACEMENT_3D('',#4338,#3328,#3329);
#2767=AXIS2_PLACEMENT_3D('',#4339,#3330,#3331);
#2768=AXIS2_PLACEMENT_3D('',#4349,#3332,#3333);
#2769=AXIS2_PLACEMENT_3D('',#4359,#3334,#3335);
#2770=AXIS2_PLACEMENT_3D('',#4360,#3336,#3337);
#2771=AXIS2_PLACEMENT_3D('',#4361,#3338,#3339);
#2772=AXIS2_PLACEMENT_3D('',#4362,#3340,#3341);
#2773=AXIS2_PLACEMENT_3D('',#4363,#3342,#3343);
#2774=AXIS2_PLACEMENT_3D('',#4373,#3344,#3345);
#2775=AXIS2_PLACEMENT_3D('',#4383,#3346,#3347);
#2776=AXIS2_PLACEMENT_3D('',#4384,#3348,#3349);
#2777=AXIS2_PLACEMENT_3D('',#4385,#3350,#3351);
#2778=AXIS2_PLACEMENT_3D('',#4386,#3352,#3353);
#2779=AXIS2_PLACEMENT_3D('',#4389,#3354,#3355);
#2780=AXIS2_PLACEMENT_3D('',#4393,#3358,#3359);
#2781=AXIS2_PLACEMENT_3D('',#4394,#3360,#3361);
#2782=AXIS2_PLACEMENT_3D('',#4398,#3364,#3365);
#2783=AXIS2_PLACEMENT_3D('',#4401,#3367,#3368);
#2784=AXIS2_PLACEMENT_3D('',#4402,#3369,#3370);
#2785=AXIS2_PLACEMENT_3D('',#4404,#3371,#3372);
#2786=AXIS2_PLACEMENT_3D('',#4406,#3374,#3375);
#2787=AXIS2_PLACEMENT_3D('',#4414,#3380,#3381);
#2788=AXIS2_PLACEMENT_3D('',#4418,#3384,#3385);
#2789=AXIS2_PLACEMENT_3D('',#4427,#3390,#3391);
#2790=AXIS2_PLACEMENT_3D('',#4432,#3395,#3396);
#2791=AXIS2_PLACEMENT_3D('',#4434,#3398,#3399);
#2792=AXIS2_PLACEMENT_3D('',#4438,#3402,#3403);
#2793=AXIS2_PLACEMENT_3D('',#4442,#3405,#3406);
#2794=AXIS2_PLACEMENT_3D('',#4446,#3408,#3409);
#2795=AXIS2_PLACEMENT_3D('',#4450,#3411,#3412);
#2796=AXIS2_PLACEMENT_3D('',#4454,#3414,#3415);
#2797=AXIS2_PLACEMENT_3D('',#4456,#3417,#3418);
#2798=AXIS2_PLACEMENT_3D('',#4459,#3421,#3422);
#2799=AXIS2_PLACEMENT_3D('',#4461,#3424,#3425);
#2800=AXIS2_PLACEMENT_3D('',#4464,#3428,#3429);
#2801=AXIS2_PLACEMENT_3D('',#4466,#3431,#3432);
#2802=AXIS2_PLACEMENT_3D('',#4468,#3434,#3435);
#2803=AXIS2_PLACEMENT_3D('',#4470,#3437,#3438);
#2804=AXIS2_PLACEMENT_3D('',#4471,#3439,#3440);
#2805=AXIS2_PLACEMENT_3D('',#4472,#3441,#3442);
#2806=AXIS2_PLACEMENT_3D('',#4475,#3445,#3446);
#2807=AXIS2_PLACEMENT_3D('',#4477,#3448,#3449);
#2808=AXIS2_PLACEMENT_3D('',#4479,#3451,#3452);
#2809=AXIS2_PLACEMENT_3D('',#4482,#3455,#3456);
#2810=AXIS2_PLACEMENT_3D('',#4484,#3458,#3459);
#2811=AXIS2_PLACEMENT_3D('',#4486,#3461,#3462);
#2812=AXIS2_PLACEMENT_3D('',#4487,#3463,#3464);
#2813=AXIS2_PLACEMENT_3D('',#4488,#3465,#3466);
#2814=AXIS2_PLACEMENT_3D('',#4494,#3470,#3471);
#2815=AXIS2_PLACEMENT_3D('',#4495,#3472,#3473);
#2816=AXIS2_PLACEMENT_3D('',#4496,#3474,#3475);
#2817=AXIS2_PLACEMENT_3D('',#4497,#3476,#3477);
#2818=AXIS2_PLACEMENT_3D('',#4498,#3478,#3479);
#2819=AXIS2_PLACEMENT_3D('',#4500,#3481,#3482);
#2820=AXIS2_PLACEMENT_3D('',#4502,#3484,#3485);
#2821=AXIS2_PLACEMENT_3D('',#4503,#3486,#3487);
#2822=AXIS2_PLACEMENT_3D('',#4506,#3490,#3491);
#2823=AXIS2_PLACEMENT_3D('',#4508,#3493,#3494);
#2824=AXIS2_PLACEMENT_3D('',#4510,#3496,#3497);
#2825=AXIS2_PLACEMENT_3D('',#4512,#3499,#3500);
#2826=AXIS2_PLACEMENT_3D('',#4515,#3503,#3504);
#2827=AXIS2_PLACEMENT_3D('',#4517,#3506,#3507);
#2828=AXIS2_PLACEMENT_3D('',#4519,#3509,#3510);
#2829=AXIS2_PLACEMENT_3D('',#4521,#3512,#3513);
#2830=AXIS2_PLACEMENT_3D('',#4524,#3516,#3517);
#2831=AXIS2_PLACEMENT_3D('',#4526,#3519,#3520);
#2832=AXIS2_PLACEMENT_3D('',#4528,#3522,#3523);
#2833=AXIS2_PLACEMENT_3D('',#4530,#3525,#3526);
#2834=AXIS2_PLACEMENT_3D('',#4533,#3529,#3530);
#2835=AXIS2_PLACEMENT_3D('',#4535,#3532,#3533);
#2836=AXIS2_PLACEMENT_3D('',#4537,#3535,#3536);
#2837=AXIS2_PLACEMENT_3D('',#4539,#3538,#3539);
#2838=AXIS2_PLACEMENT_3D('',#4542,#3542,#3543);
#2839=AXIS2_PLACEMENT_3D('',#4544,#3545,#3546);
#2840=AXIS2_PLACEMENT_3D('',#4546,#3548,#3549);
#2841=AXIS2_PLACEMENT_3D('',#4548,#3551,#3552);
#2842=AXIS2_PLACEMENT_3D('',#4551,#3555,#3556);
#2843=AXIS2_PLACEMENT_3D('',#4553,#3558,#3559);
#2844=AXIS2_PLACEMENT_3D('',#4555,#3561,#3562);
#2845=AXIS2_PLACEMENT_3D('',#4557,#3564,#3565);
#2846=AXIS2_PLACEMENT_3D('',#4559,#3567,#3568);
#2847=AXIS2_PLACEMENT_3D('',#4561,#3570,#3571);
#2848=AXIS2_PLACEMENT_3D('',#4563,#3573,#3574);
#2849=AXIS2_PLACEMENT_3D('',#4565,#3576,#3577);
#2850=AXIS2_PLACEMENT_3D('',#4567,#3579,#3580);
#2851=AXIS2_PLACEMENT_3D('',#4569,#3582,#3583);
#2852=AXIS2_PLACEMENT_3D('',#4571,#3585,#3586);
#2853=AXIS2_PLACEMENT_3D('',#4573,#3588,#3589);
#2854=AXIS2_PLACEMENT_3D('',#4575,#3591,#3592);
#2855=AXIS2_PLACEMENT_3D('',#4577,#3594,#3595);
#2856=AXIS2_PLACEMENT_3D('',#4579,#3597,#3598);
#2857=AXIS2_PLACEMENT_3D('',#4581,#3600,#3601);
#2858=AXIS2_PLACEMENT_3D('',#4583,#3603,#3604);
#2859=AXIS2_PLACEMENT_3D('',#4584,#3605,#3606);
#2860=AXIS2_PLACEMENT_3D('',#4586,#3608,#3609);
#2861=AXIS2_PLACEMENT_3D('',#4587,#3610,#3611);
#2862=AXIS2_PLACEMENT_3D('',#4589,#3613,#3614);
#2863=AXIS2_PLACEMENT_3D('',#4590,#3615,#3616);
#2864=AXIS2_PLACEMENT_3D('',#4592,#3618,#3619);
#2865=AXIS2_PLACEMENT_3D('',#4593,#3620,#3621);
#2866=AXIS2_PLACEMENT_3D('',#4595,#3623,#3624);
#2867=AXIS2_PLACEMENT_3D('',#4596,#3625,#3626);
#2868=AXIS2_PLACEMENT_3D('',#4598,#3628,#3629);
#2869=DIRECTION('axis',(0.,0.,1.));
#2870=DIRECTION('refdir',(1.,0.,0.));
#2871=DIRECTION('center_axis',(0.,0.153003084099754,-0.988225711189485));
#2872=DIRECTION('ref_axis',(0.707106781186549,0.698781101724982,0.108189518309392));
#2873=DIRECTION('center_axis',(0.,0.153003084099754,-0.988225711189485));
#2874=DIRECTION('ref_axis',(0.,0.988225711189485,0.153003084099754));
#2875=DIRECTION('',(0.,-0.153003084099754,0.988225711189485));
#2876=DIRECTION('center_axis',(0.,-0.153003084099755,0.988225711189485));
#2877=DIRECTION('ref_axis',(1.,0.,0.));
#2878=DIRECTION('',(0.,-0.153003084099754,0.988225711189485));
#2879=DIRECTION('center_axis',(0.,-0.153003084099754,0.988225711189485));
#2880=DIRECTION('ref_axis',(0.707106781186548,0.698781101724983,0.108189518309392));
#2881=DIRECTION('center_axis',(0.,0.153003084099754,-0.988225711189485));
#2882=DIRECTION('ref_axis',(0.,0.988225711189485,0.153003084099754));
#2883=DIRECTION('',(0.,-0.153003084099754,0.988225711189485));
#2884=DIRECTION('center_axis',(1.,0.,0.));
#2885=DIRECTION('ref_axis',(0.,0.590591583415591,0.806970620034376));
#2886=DIRECTION('center_axis',(1.,2.92573583490436E-15,4.5298012481655E-16));
#2887=DIRECTION('ref_axis',(-2.96059473233375E-15,0.988225711189485,0.153003084099754));
#2888=DIRECTION('',(-1.,0.,0.));
#2889=DIRECTION('center_axis',(-1.,0.,0.));
#2890=DIRECTION('ref_axis',(0.,-0.153003084099754,0.988225711189485));
#2891=DIRECTION('',(-1.,0.,0.));
#2892=DIRECTION('center_axis',(-1.,0.,0.));
#2893=DIRECTION('ref_axis',(0.,0.590591583415591,0.806970620034376));
#2894=DIRECTION('',(-1.,0.,0.));
#2895=DIRECTION('center_axis',(-1.,0.,0.));
#2896=DIRECTION('ref_axis',(0.,-0.153003084099746,0.988225711189486));
#2897=DIRECTION('center_axis',(0.,0.988225711189485,0.153003084099754));
#2898=DIRECTION('ref_axis',(0.707106781186545,-0.108189518309392,0.698781101724986));
#2899=DIRECTION('center_axis',(-1.,0.,0.));
#2900=DIRECTION('ref_axis',(0.,0.590591583415591,0.806970620034376));
#2901=DIRECTION('center_axis',(1.,0.,0.));
#2902=DIRECTION('ref_axis',(0.,0.988225711189485,0.153003084099754));
#2903=DIRECTION('',(-1.,0.,0.));
#2904=DIRECTION('center_axis',(0.,-0.153003084099754,0.988225711189485));
#2905=DIRECTION('ref_axis',(-0.707106781186546,0.698781101724985,0.108189518309392));
#2906=DIRECTION('center_axis',(0.,-0.153003084099753,0.988225711189485));
#2907=DIRECTION('ref_axis',(0.,0.988225711189485,0.153003084099753));
#2908=DIRECTION('',(0.,0.153003084099754,-0.988225711189485));
#2909=DIRECTION('center_axis',(0.,0.153003084099754,-0.988225711189485));
#2910=DIRECTION('ref_axis',(-1.,0.,0.));
#2911=DIRECTION('',(0.,0.153003084099754,-0.988225711189485));
#2912=DIRECTION('center_axis',(0.,0.153003084099754,-0.988225711189485));
#2913=DIRECTION('ref_axis',(-0.707106781186546,0.698781101724985,0.108189518309392));
#2914=DIRECTION('',(0.,0.153003084099754,-0.988225711189485));
#2915=DIRECTION('center_axis',(0.,0.153003084099754,-0.988225711189485));
#2916=DIRECTION('ref_axis',(-1.,8.04577354598701E-15,1.24569534324551E-15));
#2917=DIRECTION('center_axis',(0.,0.988225711189485,0.153003084099754));
#2918=DIRECTION('ref_axis',(-0.707106781186546,-0.108189518309392,0.698781101724985));
#2919=DIRECTION('center_axis',(0.,0.153003084099754,-0.988225711189485));
#2920=DIRECTION('ref_axis',(-0.707106781186546,0.698781101724985,0.108189518309392));
#2921=DIRECTION('center_axis',(0.,-0.153003084099754,0.988225711189485));
#2922=DIRECTION('ref_axis',(0.,0.988225711189485,0.153003084099754));
#2923=DIRECTION('',(0.,0.153003084099754,-0.988225711189485));
#2924=DIRECTION('center_axis',(-1.,0.,0.));
#2925=DIRECTION('ref_axis',(0.,0.806970620034375,-0.590591583415592));
#2926=DIRECTION('center_axis',(-1.,0.,0.));
#2927=DIRECTION('ref_axis',(0.,0.988225711189485,0.153003084099754));
#2928=DIRECTION('',(1.,0.,0.));
#2929=DIRECTION('center_axis',(1.,0.,0.));
#2930=DIRECTION('ref_axis',(0.,0.153003084099754,-0.988225711189485));
#2931=DIRECTION('',(1.,0.,0.));
#2932=DIRECTION('center_axis',(1.,0.,0.));
#2933=DIRECTION('ref_axis',(0.,0.806970620034375,-0.590591583415592));
#2934=DIRECTION('',(1.,0.,0.));
#2935=DIRECTION('center_axis',(1.,0.,0.));
#2936=DIRECTION('ref_axis',(0.,0.15300308409975,-0.988225711189486));
#2937=DIRECTION('center_axis',(0.,0.988225711189485,0.153003084099754));
#2938=DIRECTION('ref_axis',(-0.707106781186547,0.108189518309392,-0.698781101724984));
#2939=DIRECTION('center_axis',(1.,0.,0.));
#2940=DIRECTION('ref_axis',(0.,0.806970620034375,-0.590591583415592));
#2941=DIRECTION('center_axis',(-1.,0.,0.));
#2942=DIRECTION('ref_axis',(0.,0.988225711189485,0.153003084099754));
#2943=DIRECTION('',(1.,0.,0.));
#2944=DIRECTION('center_axis',(0.,-0.153003084099754,0.988225711189485));
#2945=DIRECTION('ref_axis',(0.707106781186548,0.698781101724983,0.108189518309392));
#2946=DIRECTION('',(0.,-0.153003084099754,0.988225711189485));
#2947=DIRECTION('center_axis',(0.,-0.153003084099754,0.988225711189485));
#2948=DIRECTION('ref_axis',(1.,-2.19430187617827E-15,-3.39735093612411E-16));
#2949=DIRECTION('center_axis',(0.,0.988225711189485,0.153003084099754));
#2950=DIRECTION('ref_axis',(0.707106781186546,0.108189518309392,-0.698781101724985));
#2951=DIRECTION('center_axis',(0.,-0.988225711189485,-0.153003084099754));
#2952=DIRECTION('ref_axis',(0.,0.153003084099754,-0.988225711189485));
#2953=DIRECTION('center_axis',(0.,0.988225711189485,0.153003084099754));
#2954=DIRECTION('ref_axis',(-1.,1.55711917905689E-17,-1.00572169324837E-16));
#2955=DIRECTION('center_axis',(-1.,0.,0.));
#2956=DIRECTION('ref_axis',(0.,-0.153003084099754,0.988225711189485));
#2957=DIRECTION('center_axis',(0.,-0.988225711189485,-0.153003084099754));
#2958=DIRECTION('ref_axis',(-1.,1.55711917905688E-17,-1.00572169324837E-16));
#2959=DIRECTION('center_axis',(0.,-0.988225711189485,-0.153003084099754));
#2960=DIRECTION('ref_axis',(-1.,1.55711917905688E-17,-1.00572169324837E-16));
#2961=DIRECTION('center_axis',(0.,-0.988225711189485,-0.153003084099754));
#2962=DIRECTION('ref_axis',(0.,0.153003084099754,-0.988225711189485));
#2963=DIRECTION('center_axis',(0.,0.988225711189485,0.153003084099754));
#2964=DIRECTION('ref_axis',(-1.,1.55711917905689E-17,-1.00572169324838E-16));
#2965=DIRECTION('center_axis',(-1.,0.,0.));
#2966=DIRECTION('ref_axis',(0.,-0.153003084099754,0.988225711189485));
#2967=DIRECTION('center_axis',(0.,-0.988225711189485,-0.153003084099754));
#2968=DIRECTION('ref_axis',(-1.,1.55711917905689E-17,-1.00572169324838E-16));
#2969=DIRECTION('center_axis',(0.,-0.988225711189485,-0.153003084099754));
#2970=DIRECTION('ref_axis',(-1.,1.55711917905689E-17,-1.00572169324838E-16));
#2971=DIRECTION('center_axis',(0.,-0.988225711189485,-0.153003084099754));
#2972=DIRECTION('ref_axis',(0.,0.153003084099754,-0.988225711189485));
#2973=DIRECTION('center_axis',(0.,0.988225711189485,0.153003084099754));
#2974=DIRECTION('ref_axis',(-1.,1.55711917905689E-17,-1.00572169324837E-16));
#2975=DIRECTION('center_axis',(-1.,0.,0.));
#2976=DIRECTION('ref_axis',(0.,-0.153003084099754,0.988225711189485));
#2977=DIRECTION('center_axis',(0.,-0.988225711189485,-0.153003084099754));
#2978=DIRECTION('ref_axis',(-1.,1.55711917905688E-17,-1.00572169324837E-16));
#2979=DIRECTION('center_axis',(0.,-0.988225711189485,-0.153003084099754));
#2980=DIRECTION('ref_axis',(-1.,1.55711917905688E-17,-1.00572169324837E-16));
#2981=DIRECTION('center_axis',(0.,0.988225711189485,0.153003084099754));
#2982=DIRECTION('ref_axis',(-1.,1.55711917905689E-17,-1.00572169324837E-16));
#2983=DIRECTION('center_axis',(0.,-0.988225711189485,-0.153003084099754));
#2984=DIRECTION('ref_axis',(0.,0.153003084099754,-0.988225711189485));
#2985=DIRECTION('center_axis',(0.,0.988225711189485,0.153003084099754));
#2986=DIRECTION('ref_axis',(-1.,1.55711917905689E-17,-1.00572169324838E-16));
#2987=DIRECTION('center_axis',(-1.,0.,0.));
#2988=DIRECTION('ref_axis',(0.,-0.153003084099754,0.988225711189485));
#2989=DIRECTION('center_axis',(0.,-0.988225711189485,-0.153003084099754));
#2990=DIRECTION('ref_axis',(-1.,1.55711917905689E-17,-1.00572169324838E-16));
#2991=DIRECTION('center_axis',(0.,-0.988225711189485,-0.153003084099754));
#2992=DIRECTION('ref_axis',(-1.,1.55711917905689E-17,-1.00572169324838E-16));
#2993=DIRECTION('center_axis',(0.,0.988225711189485,0.153003084099754));
#2994=DIRECTION('ref_axis',(-1.,1.55711917905689E-17,-1.00572169324838E-16));
#2995=DIRECTION('center_axis',(0.,-0.988225711189485,-0.153003084099754));
#2996=DIRECTION('ref_axis',(0.,0.153003084099754,-0.988225711189485));
#2997=DIRECTION('',(1.32169407693471E-16,0.153003084099754,-0.988225711189485));
#2998=DIRECTION('center_axis',(0.,-0.988225711189485,-0.153003084099754));
#2999=DIRECTION('ref_axis',(-0.707106781186549,0.108189518309391,-0.698781101724982));
#3000=DIRECTION('',(1.,0.,0.));
#3001=DIRECTION('center_axis',(0.,-0.988225711189485,-0.153003084099754));
#3002=DIRECTION('ref_axis',(1.,0.,0.));
#3003=DIRECTION('',(0.,-0.153003084099754,0.988225711189485));
#3004=DIRECTION('center_axis',(0.,-0.988225711189485,-0.153003084099754));
#3005=DIRECTION('ref_axis',(0.,-0.153003084099754,0.988225711189485));
#3006=DIRECTION('',(-1.,-1.72893177410897E-17,1.11669306675739E-16));
#3007=DIRECTION('center_axis',(0.,-0.988225711189485,-0.153003084099754));
#3008=DIRECTION('ref_axis',(-0.707106781186549,-0.108189518309392,0.698781101724983));
#3009=DIRECTION('',(0.,0.153003084099754,-0.988225711189485));
#3010=DIRECTION('center_axis',(0.,-0.988225711189485,-0.153003084099754));
#3011=DIRECTION('ref_axis',(0.,0.153003084099754,-0.988225711189485));
#3012=DIRECTION('',(1.,0.,0.));
#3013=DIRECTION('center_axis',(0.,-0.988225711189485,-0.153003084099754));
#3014=DIRECTION('ref_axis',(1.,0.,0.));
#3015=DIRECTION('',(3.41607084500048E-16,-0.153003084099754,0.988225711189485));
#3016=DIRECTION('center_axis',(0.,-0.988225711189485,-0.153003084099754));
#3017=DIRECTION('ref_axis',(0.,-0.153003084099754,0.988225711189485));
#3018=DIRECTION('',(-1.,0.,0.));
#3019=DIRECTION('center_axis',(0.,-0.988225711189485,-0.153003084099754));
#3020=DIRECTION('ref_axis',(-1.,0.,0.));
#3021=DIRECTION('',(0.,0.153003084099754,-0.988225711189485));
#3022=DIRECTION('center_axis',(0.,-0.988225711189485,-0.153003084099754));
#3023=DIRECTION('ref_axis',(0.,0.153003084099754,-0.988225711189485));
#3024=DIRECTION('',(1.,0.,0.));
#3025=DIRECTION('center_axis',(0.,-0.988225711189485,-0.153003084099754));
#3026=DIRECTION('ref_axis',(1.,0.,0.));
#3027=DIRECTION('',(0.,-0.153003084099754,0.988225711189485));
#3028=DIRECTION('center_axis',(0.,-0.988225711189485,-0.153003084099754));
#3029=DIRECTION('ref_axis',(0.,-0.153003084099754,0.988225711189485));
#3030=DIRECTION('',(-1.,0.,0.));
#3031=DIRECTION('center_axis',(0.,-0.988225711189485,-0.153003084099754));
#3032=DIRECTION('ref_axis',(-1.,0.,0.));
#3033=DIRECTION('',(0.,0.153003084099754,-0.988225711189485));
#3034=DIRECTION('center_axis',(0.,-0.988225711189485,-0.153003084099754));
#3035=DIRECTION('ref_axis',(0.,0.153003084099754,-0.988225711189485));
#3036=DIRECTION('',(1.,0.,0.));
#3037=DIRECTION('center_axis',(0.,-0.988225711189485,-0.153003084099754));
#3038=DIRECTION('ref_axis',(1.,0.,0.));
#3039=DIRECTION('',(0.,-0.153003084099754,0.988225711189485));
#3040=DIRECTION('center_axis',(0.,-0.988225711189485,-0.153003084099754));
#3041=DIRECTION('ref_axis',(0.,-0.153003084099754,0.988225711189485));
#3042=DIRECTION('',(-1.,0.,0.));
#3043=DIRECTION('center_axis',(0.,-0.988225711189485,-0.153003084099754));
#3044=DIRECTION('ref_axis',(-1.,0.,0.));
#3045=DIRECTION('',(0.,0.153003084099754,-0.988225711189485));
#3046=DIRECTION('center_axis',(0.,-0.988225711189485,-0.153003084099754));
#3047=DIRECTION('ref_axis',(0.,0.153003084099754,-0.988225711189485));
#3048=DIRECTION('',(1.,0.,0.));
#3049=DIRECTION('center_axis',(0.,-0.988225711189485,-0.153003084099754));
#3050=DIRECTION('ref_axis',(1.,0.,0.));
#3051=DIRECTION('',(0.,-0.153003084099754,0.988225711189485));
#3052=DIRECTION('center_axis',(0.,-0.988225711189485,-0.153003084099754));
#3053=DIRECTION('ref_axis',(0.,-0.153003084099754,0.988225711189485));
#3054=DIRECTION('',(-1.,0.,0.));
#3055=DIRECTION('center_axis',(0.,-0.988225711189485,-0.153003084099754));
#3056=DIRECTION('ref_axis',(-1.,0.,0.));
#3057=DIRECTION('',(1.,0.,0.));
#3058=DIRECTION('center_axis',(0.,-0.988225711189485,-0.153003084099754));
#3059=DIRECTION('ref_axis',(1.,0.,0.));
#3060=DIRECTION('',(0.,-0.153003084099754,0.988225711189485));
#3061=DIRECTION('center_axis',(0.,-0.988225711189485,-0.153003084099754));
#3062=DIRECTION('ref_axis',(0.,-0.153003084099754,0.988225711189485));
#3063=DIRECTION('',(-1.,0.,0.));
#3064=DIRECTION('center_axis',(0.,-0.988225711189485,-0.153003084099754));
#3065=DIRECTION('ref_axis',(-1.,0.,0.));
#3066=DIRECTION('',(0.,0.153003084099754,-0.988225711189485));
#3067=DIRECTION('center_axis',(0.,-0.988225711189485,-0.153003084099754));
#3068=DIRECTION('ref_axis',(0.,0.153003084099754,-0.988225711189485));
#3069=DIRECTION('',(0.,0.153003084099754,-0.988225711189485));
#3070=DIRECTION('center_axis',(0.,-0.988225711189485,-0.153003084099754));
#3071=DIRECTION('ref_axis',(0.,0.153003084099754,-0.988225711189485));
#3072=DIRECTION('',(1.,0.,0.));
#3073=DIRECTION('center_axis',(0.,-0.988225711189485,-0.153003084099754));
#3074=DIRECTION('ref_axis',(1.,0.,0.));
#3075=DIRECTION('',(0.,-0.153003084099754,0.988225711189485));
#3076=DIRECTION('center_axis',(0.,-0.988225711189485,-0.153003084099754));
#3077=DIRECTION('ref_axis',(0.,-0.153003084099754,0.988225711189485));
#3078=DIRECTION('',(-1.,0.,0.));
#3079=DIRECTION('center_axis',(0.,-0.988225711189485,-0.153003084099754));
#3080=DIRECTION('ref_axis',(-1.,0.,0.));
#3081=DIRECTION('',(1.,0.,0.));
#3082=DIRECTION('center_axis',(0.,0.988225711189485,0.153003084099754));
#3083=DIRECTION('ref_axis',(0.707106781186547,0.108189518309392,-0.698781101724984));
#3084=DIRECTION('',(0.,0.153003084099754,-0.988225711189485));
#3085=DIRECTION('center_axis',(0.,0.988225711189485,0.153003084099754));
#3086=DIRECTION('ref_axis',(0.707106781186547,-0.108189518309392,0.698781101724984));
#3087=DIRECTION('',(-1.,0.,0.));
#3088=DIRECTION('center_axis',(0.,0.988225711189485,0.153003084099754));
#3089=DIRECTION('ref_axis',(-0.707106781186546,-0.108189518309392,0.698781101724985));
#3090=DIRECTION('',(0.,0.153003084099754,-0.988225711189485));
#3091=DIRECTION('center_axis',(0.,0.988225711189485,0.153003084099754));
#3092=DIRECTION('ref_axis',(-0.707106781186548,0.108189518309392,-0.698781101724984));
#3093=DIRECTION('center_axis',(0.,-0.988225711189485,-0.153003084099754));
#3094=DIRECTION('ref_axis',(-1.,0.,0.));
#3095=DIRECTION('',(0.,-0.988225711189485,-0.153003084099754));
#3096=DIRECTION('center_axis',(0.,0.988225711189485,0.153003084099754));
#3097=DIRECTION('ref_axis',(-1.,0.,0.));
#3098=DIRECTION('center_axis',(0.,-0.988225711189485,-0.153003084099754));
#3099=DIRECTION('ref_axis',(-1.,0.,0.));
#3100=DIRECTION('',(0.,-0.988225711189485,-0.153003084099754));
#3101=DIRECTION('center_axis',(0.,0.988225711189485,0.153003084099754));
#3102=DIRECTION('ref_axis',(-1.,0.,0.));
#3103=DIRECTION('center_axis',(0.,-0.988225711189485,-0.153003084099754));
#3104=DIRECTION('ref_axis',(-1.,0.,0.));
#3105=DIRECTION('',(0.,-0.988225711189485,-0.153003084099754));
#3106=DIRECTION('center_axis',(0.,0.988225711189485,0.153003084099754));
#3107=DIRECTION('ref_axis',(-1.,0.,0.));
#3108=DIRECTION('center_axis',(0.,-0.988225711189485,-0.153003084099754));
#3109=DIRECTION('ref_axis',(-1.,0.,0.));
#3110=DIRECTION('',(0.,-0.988225711189485,-0.153003084099754));
#3111=DIRECTION('center_axis',(0.,0.988225711189485,0.153003084099754));
#3112=DIRECTION('ref_axis',(-1.,0.,0.));
#3113=DIRECTION('center_axis',(0.,0.988225711189485,0.153003084099754));
#3114=DIRECTION('ref_axis',(1.,0.,0.));
#3115=DIRECTION('',(1.,0.,0.));
#3116=DIRECTION('center_axis',(0.,-0.988225711189485,-0.153003084099754));
#3117=DIRECTION('ref_axis',(0.707106781186548,-0.108189518309392,0.698781101724984));
#3118=DIRECTION('',(0.,0.153003084099754,-0.988225711189485));
#3119=DIRECTION('center_axis',(0.,-0.988225711189485,-0.153003084099754));
#3120=DIRECTION('ref_axis',(0.707106781186548,0.108189518309392,-0.698781101724984));
#3121=DIRECTION('',(-1.,0.,0.));
#3122=DIRECTION('center_axis',(0.,-0.988225711189485,-0.153003084099754));
#3123=DIRECTION('ref_axis',(-0.707106781186547,0.108189518309392,-0.698781101724984));
#3124=DIRECTION('',(0.,-0.153003084099754,0.988225711189485));
#3125=DIRECTION('center_axis',(0.,-0.988225711189485,-0.153003084099754));
#3126=DIRECTION('ref_axis',(-0.707106781186546,-0.108189518309392,0.698781101724986));
#3127=DIRECTION('',(-1.,0.,0.));
#3128=DIRECTION('center_axis',(0.,-0.988225711189485,-0.153003084099754));
#3129=DIRECTION('ref_axis',(-0.707106781186548,0.108189518309392,-0.698781101724984));
#3130=DIRECTION('',(0.,-0.153003084099754,0.988225711189485));
#3131=DIRECTION('center_axis',(0.,-0.988225711189485,-0.153003084099754));
#3132=DIRECTION('ref_axis',(-0.707106781186546,-0.108189518309392,0.698781101724985));
#3133=DIRECTION('',(-1.,0.,0.));
#3134=DIRECTION('center_axis',(0.,-0.988225711189485,-0.153003084099754));
#3135=DIRECTION('ref_axis',(0.707106781186547,-0.108189518309392,0.698781101724984));
#3136=DIRECTION('',(0.,-0.153003084099754,0.988225711189485));
#3137=DIRECTION('center_axis',(0.,-0.988225711189485,-0.153003084099754));
#3138=DIRECTION('ref_axis',(0.707106781186547,0.108189518309392,-0.698781101724984));
#3139=DIRECTION('center_axis',(0.,-0.988225711189485,-0.153003084099754));
#3140=DIRECTION('ref_axis',(0.,0.153003084099754,-0.988225711189485));
#3141=DIRECTION('',(0.,0.153003084099754,-0.988225711189485));
#3142=DIRECTION('center_axis',(0.,-0.988225711189485,-0.153003084099754));
#3143=DIRECTION('ref_axis',(-1.,0.,0.));
#3144=DIRECTION('',(-1.,0.,0.));
#3145=DIRECTION('center_axis',(0.,-0.988225711189485,-0.153003084099754));
#3146=DIRECTION('ref_axis',(0.,-0.153003084099754,0.988225711189485));
#3147=DIRECTION('',(0.,-0.153003084099754,0.988225711189485));
#3148=DIRECTION('center_axis',(0.,-0.988225711189485,-0.153003084099754));
#3149=DIRECTION('ref_axis',(1.,0.,0.));
#3150=DIRECTION('',(1.,0.,0.));
#3151=DIRECTION('center_axis',(0.,-0.988225711189485,-0.153003084099754));
#3152=DIRECTION('ref_axis',(1.,0.,0.));
#3153=DIRECTION('',(1.,0.,0.));
#3154=DIRECTION('center_axis',(0.,-0.988225711189485,-0.153003084099754));
#3155=DIRECTION('ref_axis',(0.,0.153003084099754,-0.988225711189485));
#3156=DIRECTION('',(0.,0.153003084099754,-0.988225711189485));
#3157=DIRECTION('center_axis',(0.,-0.988225711189485,-0.153003084099754));
#3158=DIRECTION('ref_axis',(-1.,0.,0.));
#3159=DIRECTION('',(-1.,0.,0.));
#3160=DIRECTION('center_axis',(0.,-0.988225711189485,-0.153003084099754));
#3161=DIRECTION('ref_axis',(0.,-0.153003084099754,0.988225711189485));
#3162=DIRECTION('',(0.,-0.153003084099754,0.988225711189485));
#3163=DIRECTION('center_axis',(0.,-0.988225711189485,-0.153003084099754));
#3164=DIRECTION('ref_axis',(0.,0.153003084099754,-0.988225711189485));
#3165=DIRECTION('',(0.,0.153003084099754,-0.988225711189485));
#3166=DIRECTION('center_axis',(0.,-0.988225711189485,-0.153003084099754));
#3167=DIRECTION('ref_axis',(-1.,0.,0.));
#3168=DIRECTION('',(-1.,0.,0.));
#3169=DIRECTION('center_axis',(0.,-0.988225711189485,-0.153003084099754));
#3170=DIRECTION('ref_axis',(0.,-0.153003084099754,0.988225711189485));
#3171=DIRECTION('',(0.,-0.153003084099754,0.988225711189485));
#3172=DIRECTION('center_axis',(0.,-0.988225711189485,-0.153003084099754));
#3173=DIRECTION('ref_axis',(1.,0.,0.));
#3174=DIRECTION('',(1.,0.,0.));
#3175=DIRECTION('center_axis',(0.,-0.988225711189485,-0.153003084099754));
#3176=DIRECTION('ref_axis',(0.,0.153003084099754,-0.988225711189485));
#3177=DIRECTION('',(0.,0.153003084099754,-0.988225711189485));
#3178=DIRECTION('center_axis',(0.,-0.988225711189485,-0.153003084099754));
#3179=DIRECTION('ref_axis',(-1.,0.,0.));
#3180=DIRECTION('',(-1.,0.,0.));
#3181=DIRECTION('center_axis',(0.,-0.988225711189485,-0.153003084099754));
#3182=DIRECTION('ref_axis',(0.,-0.153003084099754,0.988225711189485));
#3183=DIRECTION('',(0.,-0.153003084099754,0.988225711189485));
#3184=DIRECTION('center_axis',(0.,-0.988225711189485,-0.153003084099754));
#3185=DIRECTION('ref_axis',(1.,0.,0.));
#3186=DIRECTION('',(1.,0.,0.));
#3187=DIRECTION('center_axis',(0.,-0.988225711189485,-0.153003084099754));
#3188=DIRECTION('ref_axis',(0.,0.153003084099754,-0.988225711189485));
#3189=DIRECTION('',(0.,0.153003084099754,-0.988225711189485));
#3190=DIRECTION('center_axis',(0.,-0.988225711189485,-0.153003084099754));
#3191=DIRECTION('ref_axis',(-1.,0.,0.));
#3192=DIRECTION('',(-1.,0.,0.));
#3193=DIRECTION('center_axis',(0.,-0.988225711189485,-0.153003084099754));
#3194=DIRECTION('ref_axis',(0.,-0.153003084099754,0.988225711189485));
#3195=DIRECTION('',(0.,-0.153003084099754,0.988225711189485));
#3196=DIRECTION('center_axis',(0.,-0.988225711189485,-0.153003084099754));
#3197=DIRECTION('ref_axis',(1.,0.,0.));
#3198=DIRECTION('',(1.,0.,0.));
#3199=DIRECTION('center_axis',(0.,-0.988225711189485,-0.153003084099754));
#3200=DIRECTION('ref_axis',(0.,0.153003084099754,-0.988225711189485));
#3201=DIRECTION('',(0.,0.153003084099754,-0.988225711189485));
#3202=DIRECTION('center_axis',(0.,-0.988225711189485,-0.153003084099754));
#3203=DIRECTION('ref_axis',(-1.,0.,0.));
#3204=DIRECTION('',(-1.,0.,0.));
#3205=DIRECTION('center_axis',(0.,-0.988225711189485,-0.153003084099754));
#3206=DIRECTION('ref_axis',(0.,-0.153003084099754,0.988225711189485));
#3207=DIRECTION('',(3.41607084500048E-16,-0.153003084099754,0.988225711189485));
#3208=DIRECTION('center_axis',(0.,-0.988225711189485,-0.153003084099754));
#3209=DIRECTION('ref_axis',(1.,0.,0.));
#3210=DIRECTION('',(1.,0.,0.));
#3211=DIRECTION('center_axis',(0.,-0.988225711189485,-0.153003084099754));
#3212=DIRECTION('ref_axis',(0.,0.153003084099754,-0.988225711189485));
#3213=DIRECTION('center_axis',(0.,0.988225711189485,0.153003084099754));
#3214=DIRECTION('ref_axis',(-1.,0.,0.));
#3215=DIRECTION('center_axis',(-1.,0.,0.));
#3216=DIRECTION('ref_axis',(0.,-0.153003084099754,0.988225711189485));
#3217=DIRECTION('center_axis',(0.,-0.988225711189485,-0.153003084099754));
#3218=DIRECTION('ref_axis',(-1.,0.,0.));
#3219=DIRECTION('center_axis',(0.,-0.988225711189485,-0.153003084099754));
#3220=DIRECTION('ref_axis',(-1.,0.,0.));
#3221=DIRECTION('center_axis',(0.,-0.988225711189485,-0.153003084099754));
#3222=DIRECTION('ref_axis',(-1.,0.,0.));
#3223=DIRECTION('',(0.,-0.988225711189485,-0.153003084099754));
#3224=DIRECTION('center_axis',(0.,-0.988225711189485,-0.153003084099754));
#3225=DIRECTION('ref_axis',(-1.,0.,0.));
#3226=DIRECTION('center_axis',(0.,0.988225711189485,0.153003084099754));
#3227=DIRECTION('ref_axis',(-1.,0.,0.));
#3228=DIRECTION('',(0.457854989774377,0.136023855776295,-0.878559229078185));
#3229=DIRECTION('',(0.930795705394319,0.055928718735894,-0.36123584157729));
#3230=DIRECTION('',(-0.887198597634711,0.0705937474731094,-0.455955229351201));
#3231=DIRECTION('',(-0.44705292144026,0.136862407779137,-0.883975320225981));
#3232=DIRECTION('',(-0.33022472723484,-0.144419969276355,0.932788562321008));
#3233=DIRECTION('',(-0.924946307118135,-0.0581561339253423,0.375622407525671));
#3234=DIRECTION('',(0.91223326339581,-0.0626809535271724,0.404847590111581));
#3235=DIRECTION('',(0.333106116610023,-0.144264977600708,0.931787492572666));
#3236=DIRECTION('center_axis',(-0.628636941460932,0.748316212524223,-0.21175089587543));
#3237=DIRECTION('ref_axis',(-0.457854989774377,-0.136023855776295,0.878559229078185));
#3238=DIRECTION('',(-0.457854989774377,-0.136023855776295,0.878559229078185));
#3239=DIRECTION('',(0.48949800384055,0.592305130892778,0.639973699580073));
#3240=DIRECTION('',(0.0631590038983966,-0.22225495907137,-0.972940734780257));
#3241=DIRECTION('center_axis',(-0.258475680499629,0.799483440736044,-0.542232930186935));
#3242=DIRECTION('ref_axis',(-0.930795705394319,-0.055928718735894,0.36123584157729));
#3243=DIRECTION('',(-0.930795705394319,-0.055928718735894,0.36123584157729));
#3244=DIRECTION('',(0.922655457672454,0.37059809529596,0.106601867667696));
#3245=DIRECTION('center_axis',(0.666723449069025,0.734819692026933,-0.124578740846692));
#3246=DIRECTION('ref_axis',(-0.333106116610023,0.144264977600708,-0.931787492572666));
#3247=DIRECTION('',(-0.333106116610023,0.144264977600708,-0.931787492572666));
#3248=DIRECTION('',(0.541592942055575,-0.592503813855207,-0.596335740738907));
#3249=DIRECTION('center_axis',(-0.32625040103807,0.602795512802116,0.728147131813435));
#3250=DIRECTION('ref_axis',(0.887198597634711,-0.0705937474731094,0.455955229351201));
#3251=DIRECTION('',(0.887198597634711,-0.0705937474731094,0.455955229351201));
#3252=DIRECTION('',(0.516465437390655,0.758828780472059,-0.396790037561639));
#3253=DIRECTION('center_axis',(0.289681267218154,0.797475179077579,-0.529261846516512));
#3254=DIRECTION('ref_axis',(-0.91223326339581,0.0626809535271724,-0.404847590111581));
#3255=DIRECTION('',(-0.91223326339581,0.0626809535271724,-0.404847590111581));
#3256=DIRECTION('',(0.929971581155915,-0.365291937237552,-0.0414084391350784));
#3257=DIRECTION('center_axis',(-0.632512326137494,0.650414661495556,0.420581651282789));
#3258=DIRECTION('ref_axis',(0.44705292144026,-0.136862407779137,0.883975320225981));
#3259=DIRECTION('',(0.44705292144026,-0.136862407779137,0.883975320225981));
#3260=DIRECTION('',(-0.0590976057999686,0.500892572001797,-0.863489492873038));
#3261=DIRECTION('center_axis',(0.268769723879498,0.598711606295822,0.754524517833857));
#3262=DIRECTION('ref_axis',(0.924946307118135,0.0581561339253423,-0.375622407525671));
#3263=DIRECTION('',(0.924946307118135,0.0581561339253423,-0.375622407525671));
#3264=DIRECTION('',(0.536157979697862,-0.743763387813123,0.399187479456776));
#3265=DIRECTION('center_axis',(0.667439746165404,0.663054247551595,0.338944317023386));
#3266=DIRECTION('ref_axis',(0.33022472723484,0.144419969276355,-0.932788562321008));
#3267=DIRECTION('',(0.33022472723484,0.144419969276355,-0.932788562321008));
#3268=DIRECTION('center_axis',(-0.894507509991799,-0.0684004757361649,0.441789191229639));
#3269=DIRECTION('ref_axis',(0.44705292144026,-0.136862407779137,0.883975320225981));
#3270=DIRECTION('',(0.,0.988225711189485,0.153003084099754));
#3271=DIRECTION('',(-0.44705292144026,0.136862407779137,-0.883975320225981));
#3272=DIRECTION('',(0.,0.988225711189485,0.153003084099754));
#3273=DIRECTION('center_axis',(-0.4613877418777,-0.135744121647087,0.876752465113876));
#3274=DIRECTION('ref_axis',(0.887198597634711,-0.0705937474731094,0.455955229351201));
#3275=DIRECTION('',(0.,0.988225711189485,0.153003084099754));
#3276=DIRECTION('',(-0.887198597634711,0.0705937474731094,-0.455955229351201));
#3277=DIRECTION('center_axis',(-0.365539812906189,0.142414613592137,-0.91983624793542));
#3278=DIRECTION('ref_axis',(-0.930795705394319,-0.055928718735894,0.36123584157729));
#3279=DIRECTION('',(0.,0.988225711189485,0.153003084099754));
#3280=DIRECTION('',(0.930795705394319,0.055928718735894,-0.36123584157729));
#3281=DIRECTION('center_axis',(-0.889026888422788,0.0700532255059411,-0.452464072891438));
#3282=DIRECTION('ref_axis',(-0.457854989774377,-0.136023855776295,0.878559229078185));
#3283=DIRECTION('',(0.,0.988225711189485,0.153003084099754));
#3284=DIRECTION('',(0.457854989774377,0.136023855776295,-0.878559229078185));
#3285=DIRECTION('center_axis',(0.942889344025581,0.0509662631738258,-0.329184028988508));
#3286=DIRECTION('ref_axis',(-0.333106116610023,0.144264977600708,-0.931787492572666));
#3287=DIRECTION('',(0.,0.988225711189485,0.153003084099754));
#3288=DIRECTION('',(0.333106116610023,-0.144264977600708,0.931787492572666));
#3289=DIRECTION('center_axis',(0.409671176865337,0.139574502717942,-0.901492365490029));
#3290=DIRECTION('ref_axis',(-0.91223326339581,0.0626809535271724,-0.404847590111581));
#3291=DIRECTION('',(0.,0.988225711189485,0.153003084099754));
#3292=DIRECTION('',(0.91223326339581,-0.0626809535271724,0.404847590111581));
#3293=DIRECTION('center_axis',(0.380097788665659,-0.141519637615753,0.914055722163907));
#3294=DIRECTION('ref_axis',(0.924946307118135,0.0581561339253423,-0.375622407525671));
#3295=DIRECTION('',(0.,0.988225711189485,0.153003084099754));
#3296=DIRECTION('',(-0.924946307118135,-0.0581561339253423,0.375622407525671));
#3297=DIRECTION('center_axis',(0.943902341093969,-0.0505254017129306,0.326336565924003));
#3298=DIRECTION('ref_axis',(0.33022472723484,0.144419969276355,-0.932788562321008));
#3299=DIRECTION('',(-0.33022472723484,-0.144419969276355,0.932788562321008));
#3300=DIRECTION('center_axis',(0.,0.988225711189485,0.153003084099754));
#3301=DIRECTION('ref_axis',(-1.,0.,0.));
#3302=DIRECTION('',(1.32169407693471E-16,0.153003084099754,-0.988225711189485));
#3303=DIRECTION('center_axis',(0.,-0.988225711189485,-0.153003084099754));
#3304=DIRECTION('ref_axis',(1.,1.15604181075497E-15,-7.46671380724111E-15));
#3305=DIRECTION('',(-1.,-1.72893177410897E-17,1.11669306675739E-16));
#3306=DIRECTION('center_axis',(0.,-0.988225711189485,-0.153003084099754));
#3307=DIRECTION('ref_axis',(3.51682398245472E-12,0.153003084099754,-0.988225711189485));
#3308=DIRECTION('',(0.,-0.153003084099754,0.988225711189485));
#3309=DIRECTION('center_axis',(0.,-0.988225711189485,-0.153003084099754));
#3310=DIRECTION('ref_axis',(-4.39602997806799E-13,-0.153003084099754,0.988225711189485));
#3311=DIRECTION('',(1.,0.,0.));
#3312=DIRECTION('center_axis',(0.,-0.988225711189485,-0.153003084099754));
#3313=DIRECTION('ref_axis',(1.,1.15604181075498E-15,-7.46671380724122E-15));
#3314=DIRECTION('',(1.,0.,0.));
#3315=DIRECTION('center_axis',(0.,0.988225711189485,0.153003084099754));
#3316=DIRECTION('ref_axis',(-0.707106781186546,-0.108189518309392,0.698781101724985));
#3317=DIRECTION('',(5.04646829375071E-17,-0.153003084099754,0.988225711189485));
#3318=DIRECTION('center_axis',(0.,0.988225711189485,0.153003084099754));
#3319=DIRECTION('ref_axis',(-0.707106781186546,0.108189518309392,-0.698781101724985));
#3320=DIRECTION('',(-1.,-9.01154094462632E-18,5.82042937978322E-17));
#3321=DIRECTION('center_axis',(0.,0.988225711189485,0.153003084099754));
#3322=DIRECTION('ref_axis',(0.707106781186546,0.108189518309392,-0.698781101724985));
#3323=DIRECTION('',(0.,0.153003084099754,-0.988225711189485));
#3324=DIRECTION('center_axis',(0.,0.988225711189485,0.153003084099754));
#3325=DIRECTION('ref_axis',(0.707106781186544,-0.108189518309392,0.698781101724987));
#3326=DIRECTION('center_axis',(1.32169407693471E-16,0.153003084099754,-0.988225711189485));
#3327=DIRECTION('ref_axis',(-0.979795897113271,0.197645142237897,0.0306006168199508));
#3328=DIRECTION('center_axis',(0.,-0.153003084099754,0.988225711189485));
#3329=DIRECTION('ref_axis',(0.,0.988225711189485,0.153003084099754));
#3330=DIRECTION('center_axis',(0.,0.153003084099754,-0.988225711189485));
#3331=DIRECTION('ref_axis',(-0.979795897113271,0.197645142237897,0.0306006168199508));
#3332=DIRECTION('center_axis',(-1.,-4.68714640545685E-16,2.12033621955311E-15));
#3333=DIRECTION('ref_axis',(-1.38777878078145E-16,0.988225711189485,0.153003084099754));
#3334=DIRECTION('center_axis',(-1.,9.81355409923723E-17,2.73182815457115E-16));
#3335=DIRECTION('ref_axis',(2.7755575615629E-16,0.0477333481912818,0.998860114065253));
#3336=DIRECTION('center_axis',(1.,0.,0.));
#3337=DIRECTION('ref_axis',(0.,0.347556936284515,-0.93765888042535));
#3338=DIRECTION('center_axis',(-1.,-9.88677767413588E-15,5.80761954324176E-15));
#3339=DIRECTION('ref_axis',(-8.88178419700125E-15,0.988225711189485,0.153003084099754));
#3340=DIRECTION('center_axis',(-1.,-1.72893177410897E-17,1.11669306675739E-16));
#3341=DIRECTION('ref_axis',(0.,0.0477333481912818,0.998860114065253));
#3342=DIRECTION('center_axis',(-1.,6.13410986823225E-14,6.82040023371285E-14));
#3343=DIRECTION('ref_axis',(7.10542735760099E-14,0.0477333481912798,0.998860114065253));
#3344=DIRECTION('center_axis',(0.,0.153003084099754,-0.988225711189485));
#3345=DIRECTION('ref_axis',(0.,0.988225711189485,0.153003084099754));
#3346=DIRECTION('center_axis',(0.,-0.153003084099754,0.988225711189485));
#3347=DIRECTION('ref_axis',(0.979795897113271,0.197645142237896,0.0306006168199506));
#3348=DIRECTION('center_axis',(0.,-0.153003084099754,0.988225711189485));
#3349=DIRECTION('ref_axis',(0.979795897113271,0.197645142237896,0.0306006168199506));
#3350=DIRECTION('center_axis',(0.,0.988225711189485,0.153003084099754));
#3351=DIRECTION('ref_axis',(-1.,0.,0.));
#3352=DIRECTION('center_axis',(0.,-0.988225711189485,-0.153003084099754));
#3353=DIRECTION('ref_axis',(-0.707106781186547,0.108189518309392,-0.698781101724984));
#3354=DIRECTION('center_axis',(0.,-0.988225711189485,-0.153003084099754));
#3355=DIRECTION('ref_axis',(-0.707106781186547,0.108189518309392,-0.698781101724984));
#3356=DIRECTION('',(0.,-0.988225711189485,-0.153003084099754));
#3357=DIRECTION('',(0.,0.988225711189485,0.153003084099754));
#3358=DIRECTION('center_axis',(0.707106781186548,-0.698781101724983,-0.108189518309392));
#3359=DIRECTION('ref_axis',(-0.707106781186547,-0.698781101724984,-0.108189518309392));
#3360=DIRECTION('center_axis',(-1.,0.,0.));
#3361=DIRECTION('ref_axis',(0.,-0.153003084099754,0.988225711189485));
#3362=DIRECTION('',(0.,-0.153003084099754,0.988225711189485));
#3363=DIRECTION('',(0.,0.988225711189485,0.153003084099754));
#3364=DIRECTION('center_axis',(0.,-0.988225711189485,-0.153003084099754));
#3365=DIRECTION('ref_axis',(0.,0.153003084099754,-0.988225711189485));
#3366=DIRECTION('',(0.,0.153003084099754,-0.988225711189485));
#3367=DIRECTION('center_axis',(0.,-0.988225711189485,-0.153003084099754));
#3368=DIRECTION('ref_axis',(-0.707106781186546,-0.108189518309392,0.698781101724986));
#3369=DIRECTION('center_axis',(0.,0.988225711189485,0.153003084099754));
#3370=DIRECTION('ref_axis',(-0.707106781186546,-0.108189518309392,0.698781101724986));
#3371=DIRECTION('center_axis',(0.707106781186548,-0.698781101724983,-0.108189518309392));
#3372=DIRECTION('ref_axis',(-0.707106781186547,-0.698781101724984,-0.108189518309392));
#3373=DIRECTION('',(0.,-0.988225711189485,-0.153003084099754));
#3374=DIRECTION('center_axis',(0.,0.153003084099754,-0.988225711189485));
#3375=DIRECTION('ref_axis',(-1.,0.,0.));
#3376=DIRECTION('',(0.707106781186547,0.698781101724984,0.108189518309392));
#3377=DIRECTION('',(0.,0.988225711189485,0.153003084099754));
#3378=DIRECTION('',(-1.,0.,0.));
#3379=DIRECTION('',(0.,0.988225711189485,0.153003084099754));
#3380=DIRECTION('center_axis',(0.707106781186548,-0.698781101724983,-0.108189518309392));
#3381=DIRECTION('ref_axis',(0.,0.153003084099754,-0.988225711189485));
#3382=DIRECTION('',(-0.707106781186547,-0.698781101724984,-0.108189518309392));
#3383=DIRECTION('',(0.,-0.153003084099754,0.988225711189485));
#3384=DIRECTION('center_axis',(0.,-0.806970620034377,0.59059158341559));
#3385=DIRECTION('ref_axis',(1.,0.,0.));
#3386=DIRECTION('',(0.,-0.59059158341559,-0.806970620034377));
#3387=DIRECTION('',(1.,0.,0.));
#3388=DIRECTION('',(0.,0.59059158341559,0.806970620034377));
#3389=DIRECTION('',(-1.,0.,0.));
#3390=DIRECTION('center_axis',(1.,0.,0.));
#3391=DIRECTION('ref_axis',(0.,0.153003084099754,-0.988225711189485));
#3392=DIRECTION('',(0.,-0.988225711189485,-0.153003084099754));
#3393=DIRECTION('',(0.,0.153003084099754,-0.988225711189485));
#3394=DIRECTION('',(0.,0.806970620034376,-0.59059158341559));
#3395=DIRECTION('center_axis',(0.,-0.153003084099754,0.988225711189485));
#3396=DIRECTION('ref_axis',(1.,0.,0.));
#3397=DIRECTION('',(0.,-0.988225711189485,-0.153003084099754));
#3398=DIRECTION('center_axis',(0.,-0.59059158341559,-0.806970620034377));
#3399=DIRECTION('ref_axis',(-1.,0.,0.));
#3400=DIRECTION('',(1.,0.,0.));
#3401=DIRECTION('',(0.,-0.806970620034376,0.59059158341559));
#3402=DIRECTION('center_axis',(0.,0.988225711189485,0.153003084099754));
#3403=DIRECTION('ref_axis',(-1.,0.,0.));
#3404=DIRECTION('',(0.,0.153003084099754,-0.988225711189485));
#3405=DIRECTION('center_axis',(0.,-0.988225711189485,-0.153003084099754));
#3406=DIRECTION('ref_axis',(0.707106781186544,-0.108189518309392,0.698781101724987));
#3407=DIRECTION('',(0.,-0.153003084099754,0.988225711189485));
#3408=DIRECTION('center_axis',(0.,-0.988225711189485,-0.153003084099754));
#3409=DIRECTION('ref_axis',(0.707106781186546,0.108189518309392,-0.698781101724985));
#3410=DIRECTION('',(1.,9.01154094462632E-18,-5.82042937978322E-17));
#3411=DIRECTION('center_axis',(0.,-0.988225711189485,-0.153003084099754));
#3412=DIRECTION('ref_axis',(-0.707106781186546,0.108189518309392,-0.698781101724985));
#3413=DIRECTION('',(-5.04646829375071E-17,0.153003084099754,-0.988225711189485));
#3414=DIRECTION('center_axis',(0.,-0.988225711189485,-0.153003084099754));
#3415=DIRECTION('ref_axis',(-0.707106781186546,-0.108189518309392,0.698781101724985));
#3416=DIRECTION('',(-1.,0.,0.));
#3417=DIRECTION('center_axis',(0.,-0.988225711189485,-0.153003084099754));
#3418=DIRECTION('ref_axis',(0.707106781186547,-0.108189518309392,0.698781101724984));
#3419=DIRECTION('',(0.,-0.988225711189485,-0.153003084099754));
#3420=DIRECTION('',(0.,0.988225711189485,0.153003084099754));
#3421=DIRECTION('center_axis',(-1.,0.,0.));
#3422=DIRECTION('ref_axis',(0.,-0.153003084099754,0.988225711189485));
#3423=DIRECTION('',(0.,0.988225711189485,0.153003084099754));
#3424=DIRECTION('center_axis',(0.,0.988225711189485,0.153003084099754));
#3425=DIRECTION('ref_axis',(-0.707106781186546,-0.108189518309392,0.698781101724985));
#3426=DIRECTION('',(0.,0.988225711189485,0.153003084099754));
#3427=DIRECTION('',(0.,-0.988225711189485,-0.153003084099754));
#3428=DIRECTION('center_axis',(-1.,0.,0.));
#3429=DIRECTION('ref_axis',(0.,-0.153003084099754,0.988225711189485));
#3430=DIRECTION('',(0.,-0.988225711189485,-0.153003084099754));
#3431=DIRECTION('center_axis',(0.,-0.988225711189485,-0.153003084099754));
#3432=DIRECTION('ref_axis',(-0.707106781186548,0.108189518309392,-0.698781101724984));
#3433=DIRECTION('',(0.,0.988225711189485,0.153003084099754));
#3434=DIRECTION('center_axis',(0.,0.988225711189485,0.153003084099754));
#3435=DIRECTION('ref_axis',(0.707106781186547,0.108189518309392,-0.698781101724984));
#3436=DIRECTION('',(0.,-0.988225711189485,-0.153003084099754));
#3437=DIRECTION('center_axis',(0.,0.153003084099754,-0.988225711189485));
#3438=DIRECTION('ref_axis',(-1.,0.,0.));
#3439=DIRECTION('center_axis',(0.,0.153003084099754,-0.988225711189485));
#3440=DIRECTION('ref_axis',(-1.,0.,0.));
#3441=DIRECTION('center_axis',(0.,-0.988225711189485,-0.153003084099754));
#3442=DIRECTION('ref_axis',(0.707106781186544,-0.108189518309392,0.698781101724987));
#3443=DIRECTION('',(0.,-0.988225711189485,-0.153003084099754));
#3444=DIRECTION('',(0.,0.988225711189485,0.153003084099754));
#3445=DIRECTION('center_axis',(-1.,0.,0.));
#3446=DIRECTION('ref_axis',(0.,-0.153003084099754,0.988225711189485));
#3447=DIRECTION('',(0.,0.988225711189485,0.153003084099754));
#3448=DIRECTION('center_axis',(0.,0.988225711189485,0.153003084099754));
#3449=DIRECTION('ref_axis',(0.707106781186546,0.108189518309392,-0.698781101724985));
#3450=DIRECTION('',(0.,-0.988225711189485,-0.153003084099754));
#3451=DIRECTION('center_axis',(0.,0.988225711189485,0.153003084099754));
#3452=DIRECTION('ref_axis',(-0.707106781186546,-0.108189518309392,0.698781101724985));
#3453=DIRECTION('',(0.,0.988225711189485,0.153003084099754));
#3454=DIRECTION('',(0.,-0.988225711189485,-0.153003084099754));
#3455=DIRECTION('center_axis',(1.,0.,0.));
#3456=DIRECTION('ref_axis',(0.,0.153003084099754,-0.988225711189485));
#3457=DIRECTION('',(0.,-0.988225711189485,-0.153003084099754));
#3458=DIRECTION('center_axis',(0.,-0.988225711189485,-0.153003084099754));
#3459=DIRECTION('ref_axis',(-0.707106781186546,0.108189518309392,-0.698781101724985));
#3460=DIRECTION('',(0.,0.988225711189485,0.153003084099754));
#3461=DIRECTION('center_axis',(0.,-0.153003084099754,0.988225711189485));
#3462=DIRECTION('ref_axis',(1.,0.,0.));
#3463=DIRECTION('center_axis',(0.,0.153003084099754,-0.988225711189485));
#3464=DIRECTION('ref_axis',(-1.,0.,0.));
#3465=DIRECTION('center_axis',(-0.707106781186549,-0.698781101724982,-0.108189518309391));
#3466=DIRECTION('ref_axis',(0.,-0.153003084099754,0.988225711189485));
#3467=DIRECTION('',(-0.707106781186546,0.698781101724985,0.108189518309392));
#3468=DIRECTION('',(0.707106781186546,-0.698781101724985,-0.108189518309392));
#3469=DIRECTION('',(0.,-0.153003084099754,0.988225711189485));
#3470=DIRECTION('center_axis',(0.,-0.988225711189485,-0.153003084099754));
#3471=DIRECTION('ref_axis',(0.707106781186548,-0.108189518309392,0.698781101724984));
#3472=DIRECTION('center_axis',(0.,-0.988225711189485,-0.153003084099754));
#3473=DIRECTION('ref_axis',(0.707106781186548,-0.108189518309392,0.698781101724984));
#3474=DIRECTION('center_axis',(0.,-0.988225711189485,-0.153003084099754));
#3475=DIRECTION('ref_axis',(0.707106781186548,0.108189518309392,-0.698781101724984));
#3476=DIRECTION('center_axis',(0.,-0.988225711189485,-0.153003084099754));
#3477=DIRECTION('ref_axis',(0.707106781186548,0.108189518309392,-0.698781101724984));
#3478=DIRECTION('center_axis',(0.,-0.988225711189485,-0.153003084099754));
#3479=DIRECTION('ref_axis',(0.707106781186548,-0.108189518309392,0.698781101724984));
#3480=DIRECTION('',(0.,-0.988225711189485,-0.153003084099754));
#3481=DIRECTION('center_axis',(1.,0.,0.));
#3482=DIRECTION('ref_axis',(0.,0.153003084099754,-0.988225711189485));
#3483=DIRECTION('',(0.,0.988225711189485,0.153003084099754));
#3484=DIRECTION('center_axis',(0.,0.988225711189485,0.153003084099754));
#3485=DIRECTION('ref_axis',(0.707106781186548,0.108189518309392,-0.698781101724984));
#3486=DIRECTION('center_axis',(-1.,-5.22669374788326E-17,3.37584904027426E-16));
#3487=DIRECTION('ref_axis',(3.41607084500048E-16,-0.153003084099754,0.988225711189485));
#3488=DIRECTION('',(0.,0.988225711189485,0.153003084099754));
#3489=DIRECTION('',(0.,0.988225711189485,0.153003084099754));
#3490=DIRECTION('center_axis',(0.,0.988225711189485,0.153003084099754));
#3491=DIRECTION('ref_axis',(0.,-0.153003084099754,0.988225711189485));
#3492=DIRECTION('',(0.,0.988225711189485,0.153003084099754));
#3493=DIRECTION('center_axis',(0.,0.153003084099754,-0.988225711189485));
#3494=DIRECTION('ref_axis',(-1.,0.,0.));
#3495=DIRECTION('',(0.,0.988225711189485,0.153003084099754));
#3496=DIRECTION('center_axis',(0.,0.988225711189485,0.153003084099754));
#3497=DIRECTION('ref_axis',(-1.,0.,0.));
#3498=DIRECTION('',(0.,0.988225711189485,0.153003084099754));
#3499=DIRECTION('center_axis',(-1.,0.,0.));
#3500=DIRECTION('ref_axis',(0.,-0.153003084099754,0.988225711189485));
#3501=DIRECTION('',(0.,0.988225711189485,0.153003084099754));
#3502=DIRECTION('',(0.,0.988225711189485,0.153003084099754));
#3503=DIRECTION('center_axis',(0.,0.988225711189485,0.153003084099754));
#3504=DIRECTION('ref_axis',(0.,-0.153003084099754,0.988225711189485));
#3505=DIRECTION('',(0.,0.988225711189485,0.153003084099754));
#3506=DIRECTION('center_axis',(0.,0.153003084099754,-0.988225711189485));
#3507=DIRECTION('ref_axis',(-1.,0.,0.));
#3508=DIRECTION('',(0.,0.988225711189485,0.153003084099754));
#3509=DIRECTION('center_axis',(0.,0.988225711189485,0.153003084099754));
#3510=DIRECTION('ref_axis',(-1.,0.,0.));
#3511=DIRECTION('',(0.,0.988225711189485,0.153003084099754));
#3512=DIRECTION('center_axis',(-1.,0.,0.));
#3513=DIRECTION('ref_axis',(0.,-0.153003084099754,0.988225711189485));
#3514=DIRECTION('',(0.,0.988225711189485,0.153003084099754));
#3515=DIRECTION('',(0.,0.988225711189485,0.153003084099754));
#3516=DIRECTION('center_axis',(0.,0.988225711189485,0.153003084099754));
#3517=DIRECTION('ref_axis',(0.,-0.153003084099754,0.988225711189485));
#3518=DIRECTION('',(0.,0.988225711189485,0.153003084099754));
#3519=DIRECTION('center_axis',(0.,0.153003084099754,-0.988225711189485));
#3520=DIRECTION('ref_axis',(-1.,0.,0.));
#3521=DIRECTION('',(0.,0.988225711189485,0.153003084099754));
#3522=DIRECTION('center_axis',(0.,0.988225711189485,0.153003084099754));
#3523=DIRECTION('ref_axis',(-1.,0.,0.));
#3524=DIRECTION('',(0.,0.988225711189485,0.153003084099754));
#3525=DIRECTION('center_axis',(-1.,0.,0.));
#3526=DIRECTION('ref_axis',(0.,-0.153003084099754,0.988225711189485));
#3527=DIRECTION('',(0.,0.988225711189485,0.153003084099754));
#3528=DIRECTION('',(0.,0.988225711189485,0.153003084099754));
#3529=DIRECTION('center_axis',(0.,0.988225711189485,0.153003084099754));
#3530=DIRECTION('ref_axis',(0.,-0.153003084099754,0.988225711189485));
#3531=DIRECTION('',(0.,0.988225711189485,0.153003084099754));
#3532=DIRECTION('center_axis',(0.,0.153003084099754,-0.988225711189485));
#3533=DIRECTION('ref_axis',(-1.,0.,0.));
#3534=DIRECTION('',(0.,0.988225711189485,0.153003084099754));
#3535=DIRECTION('center_axis',(0.,0.988225711189485,0.153003084099754));
#3536=DIRECTION('ref_axis',(-1.,0.,0.));
#3537=DIRECTION('',(0.,0.988225711189485,0.153003084099754));
#3538=DIRECTION('center_axis',(0.,0.153003084099754,-0.988225711189485));
#3539=DIRECTION('ref_axis',(-1.,0.,0.));
#3540=DIRECTION('',(0.,0.988225711189485,0.153003084099754));
#3541=DIRECTION('',(0.,0.988225711189485,0.153003084099754));
#3542=DIRECTION('center_axis',(0.,0.988225711189485,0.153003084099754));
#3543=DIRECTION('ref_axis',(-1.,0.,0.));
#3544=DIRECTION('',(0.,0.988225711189485,0.153003084099754));
#3545=DIRECTION('center_axis',(1.,0.,0.));
#3546=DIRECTION('ref_axis',(0.,0.153003084099754,-0.988225711189485));
#3547=DIRECTION('',(0.,0.988225711189485,0.153003084099754));
#3548=DIRECTION('center_axis',(0.,0.988225711189485,0.153003084099754));
#3549=DIRECTION('ref_axis',(0.,0.153003084099754,-0.988225711189485));
#3550=DIRECTION('',(0.,0.988225711189485,0.153003084099754));
#3551=DIRECTION('center_axis',(-1.,0.,0.));
#3552=DIRECTION('ref_axis',(0.,-0.153003084099754,0.988225711189485));
#3553=DIRECTION('',(0.,0.988225711189485,0.153003084099754));
#3554=DIRECTION('',(0.,0.988225711189485,0.153003084099754));
#3555=DIRECTION('center_axis',(0.,0.988225711189485,0.153003084099754));
#3556=DIRECTION('ref_axis',(0.,-0.153003084099754,0.988225711189485));
#3557=DIRECTION('',(0.,0.988225711189485,0.153003084099754));
#3558=DIRECTION('center_axis',(0.,0.153003084099754,-0.988225711189485));
#3559=DIRECTION('ref_axis',(-1.,0.,0.));
#3560=DIRECTION('',(0.,0.988225711189485,0.153003084099754));
#3561=DIRECTION('center_axis',(0.,0.988225711189485,0.153003084099754));
#3562=DIRECTION('ref_axis',(-1.,0.,0.));
#3563=DIRECTION('',(0.,0.988225711189485,0.153003084099754));
#3564=DIRECTION('center_axis',(1.,0.,0.));
#3565=DIRECTION('ref_axis',(0.,0.153003084099754,-0.988225711189485));
#3566=DIRECTION('',(0.,0.988225711189485,0.153003084099754));
#3567=DIRECTION('center_axis',(0.,0.988225711189485,0.153003084099754));
#3568=DIRECTION('ref_axis',(0.,0.153003084099754,-0.988225711189485));
#3569=DIRECTION('',(0.,0.988225711189485,0.153003084099754));
#3570=DIRECTION('center_axis',(1.,0.,0.));
#3571=DIRECTION('ref_axis',(0.,0.153003084099754,-0.988225711189485));
#3572=DIRECTION('',(0.,0.988225711189485,0.153003084099754));
#3573=DIRECTION('center_axis',(0.,0.988225711189485,0.153003084099754));
#3574=DIRECTION('ref_axis',(0.,0.153003084099754,-0.988225711189485));
#3575=DIRECTION('',(0.,0.988225711189485,0.153003084099754));
#3576=DIRECTION('center_axis',(1.,0.,0.));
#3577=DIRECTION('ref_axis',(0.,0.153003084099754,-0.988225711189485));
#3578=DIRECTION('',(0.,0.988225711189485,0.153003084099754));
#3579=DIRECTION('center_axis',(0.,0.988225711189485,0.153003084099754));
#3580=DIRECTION('ref_axis',(0.,0.153003084099754,-0.988225711189485));
#3581=DIRECTION('',(0.,0.988225711189485,0.153003084099754));
#3582=DIRECTION('center_axis',(1.,0.,0.));
#3583=DIRECTION('ref_axis',(0.,0.153003084099754,-0.988225711189485));
#3584=DIRECTION('',(0.,0.988225711189485,0.153003084099754));
#3585=DIRECTION('center_axis',(0.,0.988225711189485,0.153003084099754));
#3586=DIRECTION('ref_axis',(0.,0.153003084099754,-0.988225711189485));
#3587=DIRECTION('',(0.,0.988225711189485,0.153003084099754));
#3588=DIRECTION('center_axis',(0.,-0.153003084099754,0.988225711189485));
#3589=DIRECTION('ref_axis',(1.,0.,0.));
#3590=DIRECTION('',(0.,0.988225711189485,0.153003084099754));
#3591=DIRECTION('center_axis',(0.,0.988225711189485,0.153003084099754));
#3592=DIRECTION('ref_axis',(1.,0.,0.));
#3593=DIRECTION('',(0.,0.988225711189485,0.153003084099754));
#3594=DIRECTION('center_axis',(1.,0.,0.));
#3595=DIRECTION('ref_axis',(0.,0.153003084099754,-0.988225711189485));
#3596=DIRECTION('',(0.,0.988225711189485,0.153003084099754));
#3597=DIRECTION('center_axis',(0.,0.988225711189485,0.153003084099754));
#3598=DIRECTION('ref_axis',(0.,0.153003084099754,-0.988225711189485));
#3599=DIRECTION('',(0.,0.988225711189485,0.153003084099754));
#3600=DIRECTION('center_axis',(0.,0.988225711189485,0.153003084099754));
#3601=DIRECTION('ref_axis',(1.,0.,0.));
#3602=DIRECTION('',(0.,0.988225711189485,0.153003084099754));
#3603=DIRECTION('center_axis',(0.,-0.153003084099754,0.988225711189485));
#3604=DIRECTION('ref_axis',(1.,0.,0.));
#3605=DIRECTION('center_axis',(0.,0.988225711189485,0.153003084099754));
#3606=DIRECTION('ref_axis',(1.,0.,0.));
#3607=DIRECTION('',(0.,0.988225711189485,0.153003084099754));
#3608=DIRECTION('center_axis',(0.,-0.153003084099754,0.988225711189485));
#3609=DIRECTION('ref_axis',(1.,0.,0.));
#3610=DIRECTION('center_axis',(0.,0.988225711189485,0.153003084099754));
#3611=DIRECTION('ref_axis',(1.,0.,0.));
#3612=DIRECTION('',(0.,0.988225711189485,0.153003084099754));
#3613=DIRECTION('center_axis',(0.,-0.153003084099754,0.988225711189485));
#3614=DIRECTION('ref_axis',(1.,0.,0.));
#3615=DIRECTION('center_axis',(0.,0.988225711189485,0.153003084099754));
#3616=DIRECTION('ref_axis',(1.,0.,0.));
#3617=DIRECTION('',(0.,0.988225711189485,0.153003084099754));
#3618=DIRECTION('center_axis',(0.,-0.153003084099754,0.988225711189485));
#3619=DIRECTION('ref_axis',(1.,0.,0.));
#3620=DIRECTION('center_axis',(0.,0.988225711189485,0.153003084099754));
#3621=DIRECTION('ref_axis',(0.,-0.153003084099754,0.988225711189485));
#3622=DIRECTION('',(0.,0.988225711189485,0.153003084099754));
#3623=DIRECTION('center_axis',(-1.,0.,0.));
#3624=DIRECTION('ref_axis',(0.,-0.153003084099754,0.988225711189485));
#3625=DIRECTION('center_axis',(0.,0.988225711189485,0.153003084099754));
#3626=DIRECTION('ref_axis',(1.,0.,0.));
#3627=DIRECTION('',(0.,0.988225711189485,0.153003084099754));
#3628=DIRECTION('center_axis',(0.,-0.153003084099754,0.988225711189485));
#3629=DIRECTION('ref_axis',(1.,0.,0.));
#3630=CARTESIAN_POINT('',(0.,0.,0.));
#3631=CARTESIAN_POINT('Origin',(44.2454849615588,-1.7289015336872,44.466717698768));
#3632=CARTESIAN_POINT('',(44.2454849615588,-5.68579787804445,79.8274866390734));
#3633=CARTESIAN_POINT('',(45.7454849615588,-7.16813644482868,79.5979820129238));
#3634=CARTESIAN_POINT('Origin',(44.2454849615588,-7.16813644482868,79.5979820129238));
#3635=CARTESIAN_POINT('',(45.7454849615588,2.93771725996008,14.3256737888583));
#3636=CARTESIAN_POINT('',(45.7454849615588,-1.72890153368719,44.466717698768));
#3637=CARTESIAN_POINT('',(44.2454849615588,4.42005582674431,14.555178415008));
#3638=CARTESIAN_POINT('Origin',(44.2454849615588,2.93771725996008,14.3256737888583));
#3639=CARTESIAN_POINT('',(44.2454849615588,-0.24656296690297,44.6962223249177));
#3640=CARTESIAN_POINT('Origin',(44.2454849615588,-1.7289015336872,44.466717698768));
#3641=CARTESIAN_POINT('',(44.4906478199193,-6.01173711178101,81.8008519036362));
#3642=CARTESIAN_POINT('Ctrl Pts',(44.2454849615588,-5.68579787804445,79.8274866390734));
#3643=CARTESIAN_POINT('Ctrl Pts',(44.2470476890832,-5.6864420576728,79.831647305998));
#3644=CARTESIAN_POINT('Ctrl Pts',(44.2486043692509,-5.68708899453931,79.8358098204513));
#3645=CARTESIAN_POINT('Ctrl Pts',(44.2988618384003,-5.70814455199035,79.9707820902642));
#3646=CARTESIAN_POINT('Ctrl Pts',(44.3415728120035,-5.73118511082816,80.1033868562446));
#3647=CARTESIAN_POINT('Ctrl Pts',(44.4323396777729,-5.79143096989027,80.4399756813537));
#3648=CARTESIAN_POINT('Ctrl Pts',(44.4720251114562,-5.82969281212095,80.6456895995861));
#3649=CARTESIAN_POINT('Ctrl Pts',(44.512488035547,-5.8921205925008,81.0041832953721));
#3650=CARTESIAN_POINT('Ctrl Pts',(44.5210060211447,-5.91710332858771,81.1546555322627));
#3651=CARTESIAN_POINT('Ctrl Pts',(44.5210060211447,-5.96394281431964,81.4571852778004));
#3652=CARTESIAN_POINT('Ctrl Pts',(44.512488035547,-5.98563304753453,81.6081672799076));
#3653=CARTESIAN_POINT('Ctrl Pts',(44.4940061371856,-6.0079708265991,81.7728696633391));
#3654=CARTESIAN_POINT('Ctrl Pts',(44.4923626791707,-6.00985922208165,81.78686604795));
#3655=CARTESIAN_POINT('Ctrl Pts',(44.4906478199193,-6.01173711178101,81.8008519036362));
#3656=CARTESIAN_POINT('',(45.7454849615588,-7.47414261302818,81.5744334353028));
#3657=CARTESIAN_POINT('Origin',(44.2454849615588,-7.47414261302819,81.5744334353028));
#3658=CARTESIAN_POINT('',(45.7454849615588,-1.72890153368719,44.466717698768));
#3659=CARTESIAN_POINT('Origin',(8.27169521855807,-7.70364723917782,83.056772002087));
#3660=CARTESIAN_POINT('',(-24.2545150384413,-6.22130867239359,83.2862766282366));
#3661=CARTESIAN_POINT('',(-24.2545150384413,-7.93315186532745,84.5391105688712));
#3662=CARTESIAN_POINT('Origin',(-24.2545150384413,-7.70364723917782,83.056772002087));
#3663=CARTESIAN_POINT('',(40.7454849615588,-7.93315186532745,84.5391105688712));
#3664=CARTESIAN_POINT('',(8.27169521855807,-7.93315186532744,84.5391105688712));
#3665=CARTESIAN_POINT('',(40.7454849615588,-6.22130867239359,83.2862766282366));
#3666=CARTESIAN_POINT('Origin',(40.7454849615588,-7.70364723917782,83.056772002087));
#3667=CARTESIAN_POINT('',(8.27169521855807,-6.22130867239359,83.2862766282366));
#3668=CARTESIAN_POINT('Origin',(8.27169521855807,-7.70364723917782,83.056772002087));
#3669=CARTESIAN_POINT('',(42.7454849615587,-6.27875241136651,83.525466710481));
#3670=CARTESIAN_POINT('',(42.2454849615588,-6.28868481150426,83.5546488224674));
#3671=CARTESIAN_POINT('Ctrl Pts',(42.7454849615587,-6.27875241136651,83.525466710481));
#3672=CARTESIAN_POINT('Ctrl Pts',(42.731376456461,-6.2792955452134,83.5271179102821));
#3673=CARTESIAN_POINT('Ctrl Pts',(42.7172559389921,-6.27981908659756,83.528699891555));
#3674=CARTESIAN_POINT('Ctrl Pts',(42.551075059902,-6.28573528200148,83.5464860127006));
#3675=CARTESIAN_POINT('Ctrl Pts',(42.3985520909161,-6.28868481150426,83.5546488224674));
#3676=CARTESIAN_POINT('Ctrl Pts',(42.2454849615588,-6.28868481150426,83.5546488224674));
#3677=CARTESIAN_POINT('Ctrl Pts',(42.2454849615588,-6.28868481150426,83.5546488224674));
#3678=CARTESIAN_POINT('Ctrl Pts',(42.0924178322015,-6.28868481150426,83.5546488224674));
#3679=CARTESIAN_POINT('Ctrl Pts',(41.9398948632155,-6.28573528200148,83.5464860127006));
#3680=CARTESIAN_POINT('Ctrl Pts',(41.5760705328087,-6.27278279406681,83.5075463726424));
#3681=CARTESIAN_POINT('Ctrl Pts',(41.3669245697974,-6.2604489354565,83.4692977065238));
#3682=CARTESIAN_POINT('Ctrl Pts',(41.0250810364916,-6.23861858087443,83.3808292997625));
#3683=CARTESIAN_POINT('Ctrl Pts',(40.8905123207619,-6.22963253988039,83.339000716324));
#3684=CARTESIAN_POINT('Ctrl Pts',(40.7539076881975,-6.22178836473292,83.2893589334722));
#3685=CARTESIAN_POINT('Ctrl Pts',(40.7496952010633,-6.22154777452467,83.2878209557574));
#3686=CARTESIAN_POINT('Ctrl Pts',(40.7454849615588,-6.22130867239358,83.2862766282366));
#3687=CARTESIAN_POINT('',(42.7454849615588,-7.93315186532744,84.5391105688712));
#3688=CARTESIAN_POINT('',(8.27169521855807,-7.93315186532744,84.5391105688712));
#3689=CARTESIAN_POINT('Origin',(42.7454849615588,-7.70364723917782,83.056772002087));
#3690=CARTESIAN_POINT('Ctrl Pts',(44.4056842038507,-6.00028216597275,81.8026254276571));
#3691=CARTESIAN_POINT('Ctrl Pts',(44.4056842038508,-6.2542977702635,83.4432770045874));
#3692=CARTESIAN_POINT('Ctrl Pts',(42.7454849615588,-6.2542977702635,83.4432770045874));
#3693=CARTESIAN_POINT('Ctrl Pts',(45.7454849615588,-6.14250083518287,81.7806062727623));
#3694=CARTESIAN_POINT('Ctrl Pts',(45.7454849615588,-6.60151008748213,84.7452834063308));
#3695=CARTESIAN_POINT('Ctrl Pts',(42.7454849615588,-6.60151008748213,84.7452834063308));
#3696=CARTESIAN_POINT('Ctrl Pts',(45.7454849615588,-7.47414261302818,81.5744334353028));
#3697=CARTESIAN_POINT('Ctrl Pts',(45.7454849615588,-7.93315186532745,84.5391105688713));
#3698=CARTESIAN_POINT('Ctrl Pts',(42.7454849615588,-7.93315186532745,84.5391105688713));
#3699=CARTESIAN_POINT('Ctrl Pts',(44.4906478199193,-6.011737111781,81.8008519036362));
#3700=CARTESIAN_POINT('Ctrl Pts',(44.4660522684332,-6.03867094483414,82.0014455286447));
#3701=CARTESIAN_POINT('Ctrl Pts',(44.4110481825125,-6.06628244280523,82.1972299253467));
#3702=CARTESIAN_POINT('Ctrl Pts',(44.2212660872337,-6.12656681065595,82.6127991959728));
#3703=CARTESIAN_POINT('Ctrl Pts',(44.0718059428241,-6.15802183626213,82.8214472787343));
#3704=CARTESIAN_POINT('Ctrl Pts',(43.6950898610511,-6.21323282459316,83.1763159913427));
#3705=CARTESIAN_POINT('Ctrl Pts',(43.4697530965418,-6.23612768914954,83.3166210456369));
#3706=CARTESIAN_POINT('Ctrl Pts',(43.0689936931153,-6.2640674758868,83.4675939288803));
#3707=CARTESIAN_POINT('Ctrl Pts',(42.9085683022694,-6.27247420672391,83.5063801256254));
#3708=CARTESIAN_POINT('Ctrl Pts',(42.7454849615587,-6.27875241136651,83.5254667104811));
#3709=CARTESIAN_POINT('Origin',(42.7454849615588,-7.47414261302818,81.5744334353028));
#3710=CARTESIAN_POINT('Origin',(8.27169521855807,-7.70364723917782,83.056772002087));
#3711=CARTESIAN_POINT('',(-25.7545150384412,-6.28868481150425,83.5546488224674));
#3712=CARTESIAN_POINT('Ctrl Pts',(-24.2545150384413,-6.22130867239359,83.2862766282366));
#3713=CARTESIAN_POINT('Ctrl Pts',(-24.2587252779417,-6.22154777452444,83.2878209557559));
#3714=CARTESIAN_POINT('Ctrl Pts',(-24.2629377650849,-6.2217883647332,83.2893589334739));
#3715=CARTESIAN_POINT('Ctrl Pts',(-24.3995423976456,-6.22963253988046,83.3390007163244));
#3716=CARTESIAN_POINT('Ctrl Pts',(-24.5341111133751,-6.2386185808745,83.3808292997627));
#3717=CARTESIAN_POINT('Ctrl Pts',(-24.87595464668,-6.26044893545651,83.4692977065239));
#3718=CARTESIAN_POINT('Ctrl Pts',(-25.0851006096913,-6.27278279406682,83.5075463726424));
#3719=CARTESIAN_POINT('Ctrl Pts',(-25.4489249400981,-6.28573528200148,83.5464860127006));
#3720=CARTESIAN_POINT('Ctrl Pts',(-25.601447909084,-6.28868481150425,83.5546488224674));
#3721=CARTESIAN_POINT('Ctrl Pts',(-25.7545150384413,-6.28868481150425,83.5546488224674));
#3722=CARTESIAN_POINT('',(-26.2545150384413,-6.27875241136651,83.525466710481));
#3723=CARTESIAN_POINT('Ctrl Pts',(-25.7545150384412,-6.28868481150425,83.5546488224674));
#3724=CARTESIAN_POINT('Ctrl Pts',(-25.9075821677985,-6.28868481150425,83.5546488224674));
#3725=CARTESIAN_POINT('Ctrl Pts',(-26.0601051367844,-6.28573528200148,83.5464860127006));
#3726=CARTESIAN_POINT('Ctrl Pts',(-26.2262860158746,-6.27981908659756,83.528699891555));
#3727=CARTESIAN_POINT('Ctrl Pts',(-26.2404065333435,-6.2792955452134,83.5271179102821));
#3728=CARTESIAN_POINT('Ctrl Pts',(-26.2545150384413,-6.27875241136651,83.525466710481));
#3729=CARTESIAN_POINT('',(-26.2545150384413,-7.93315186532744,84.5391105688712));
#3730=CARTESIAN_POINT('Origin',(-26.2545150384413,-7.70364723917782,83.056772002087));
#3731=CARTESIAN_POINT('',(8.27169521855807,-7.93315186532744,84.5391105688712));
#3732=CARTESIAN_POINT('Origin',(-27.7545150384413,-2.18409395175223,47.4067424291002));
#3733=CARTESIAN_POINT('',(-27.7545150384413,4.42005582674432,14.5551784150079));
#3734=CARTESIAN_POINT('',(-29.2545150384413,2.93771725996009,14.3256737888583));
#3735=CARTESIAN_POINT('Origin',(-27.7545150384413,2.93771725996009,14.3256737888583));
#3736=CARTESIAN_POINT('',(-29.2545150384413,-7.16813644482868,79.5979820129238));
#3737=CARTESIAN_POINT('',(-29.2545150384413,-2.18409395175222,47.4067424291002));
#3738=CARTESIAN_POINT('',(-27.7545150384413,-5.68579787804445,79.8274866390734));
#3739=CARTESIAN_POINT('Origin',(-27.7545150384413,-7.16813644482868,79.5979820129238));
#3740=CARTESIAN_POINT('',(-27.7545150384413,-0.701755384967999,47.6362470552499));
#3741=CARTESIAN_POINT('Origin',(-27.7545150384413,-2.18409395175223,47.4067424291002));
#3742=CARTESIAN_POINT('',(-27.9996778968018,-6.01173711178101,81.8008519036362));
#3743=CARTESIAN_POINT('Ctrl Pts',(-27.9996778968018,-6.011737111781,81.8008519036362));
#3744=CARTESIAN_POINT('Ctrl Pts',(-28.0013927560531,-6.00985922208165,81.78686604795));
#3745=CARTESIAN_POINT('Ctrl Pts',(-28.0030362140681,-6.0079708265991,81.7728696633392));
#3746=CARTESIAN_POINT('Ctrl Pts',(-28.0215181124295,-5.98563304753453,81.6081672799076));
#3747=CARTESIAN_POINT('Ctrl Pts',(-28.0300360980271,-5.96394281431964,81.4571852778004));
#3748=CARTESIAN_POINT('Ctrl Pts',(-28.0300360980271,-5.91710332858771,81.1546555322627));
#3749=CARTESIAN_POINT('Ctrl Pts',(-28.0215181124295,-5.89212059250079,81.0041832953721));
#3750=CARTESIAN_POINT('Ctrl Pts',(-27.9810551883387,-5.82969281212096,80.6456895995861));
#3751=CARTESIAN_POINT('Ctrl Pts',(-27.9413697546554,-5.79143096989027,80.4399756813538));
#3752=CARTESIAN_POINT('Ctrl Pts',(-27.8506028889781,-5.73118511088934,80.1033868565864));
#3753=CARTESIAN_POINT('Ctrl Pts',(-27.807891915413,-5.70814455204565,79.9707820906186));
#3754=CARTESIAN_POINT('Ctrl Pts',(-27.7576344461159,-5.68708899453189,79.8358098204038));
#3755=CARTESIAN_POINT('Ctrl Pts',(-27.7560777659839,-5.68644205768031,79.8316473060464));
#3756=CARTESIAN_POINT('Ctrl Pts',(-27.7545150384413,-5.68579787804445,79.8274866390734));
#3757=CARTESIAN_POINT('',(-29.2545150384413,-7.47414261302818,81.5744334353028));
#3758=CARTESIAN_POINT('',(-29.2545150384413,-2.18409395175222,47.4067424291002));
#3759=CARTESIAN_POINT('Origin',(-27.7545150384413,-7.47414261302819,81.5744334353028));
#3760=CARTESIAN_POINT('Ctrl Pts',(-26.2545150384413,-6.2542977702635,83.4432770045874));
#3761=CARTESIAN_POINT('Ctrl Pts',(-27.9147142807332,-6.2542977702635,83.4432770045874));
#3762=CARTESIAN_POINT('Ctrl Pts',(-27.9147142807332,-6.00028216597275,81.8026254276571));
#3763=CARTESIAN_POINT('Ctrl Pts',(-26.2545150384413,-6.60151008748212,84.7452834063308));
#3764=CARTESIAN_POINT('Ctrl Pts',(-29.2545150384413,-6.60151008748213,84.7452834063308));
#3765=CARTESIAN_POINT('Ctrl Pts',(-29.2545150384413,-6.14250083518286,81.7806062727623));
#3766=CARTESIAN_POINT('Ctrl Pts',(-26.2545150384413,-7.93315186532745,84.5391105688713));
#3767=CARTESIAN_POINT('Ctrl Pts',(-29.2545150384413,-7.93315186532745,84.5391105688713));
#3768=CARTESIAN_POINT('Ctrl Pts',(-29.2545150384413,-7.47414261302818,81.5744334353028));
#3769=CARTESIAN_POINT('Ctrl Pts',(-26.2545150384413,-6.27875241136651,83.525466710481));
#3770=CARTESIAN_POINT('Ctrl Pts',(-26.4568677756991,-6.27096245631065,83.5017842014423));
#3771=CARTESIAN_POINT('Ctrl Pts',(-26.6545715947159,-6.25990886544992,83.4478361490642));
#3772=CARTESIAN_POINT('Ctrl Pts',(-27.074471526933,-6.22691000277357,83.2609019644687));
#3773=CARTESIAN_POINT('Ctrl Pts',(-27.2854756428364,-6.20321288484413,83.113329997224));
#3774=CARTESIAN_POINT('Ctrl Pts',(-27.6446134802237,-6.14583595409675,82.7410089472387));
#3775=CARTESIAN_POINT('Ctrl Pts',(-27.7867695271742,-6.11250328511528,82.5181481565709));
#3776=CARTESIAN_POINT('Ctrl Pts',(-27.9402396856277,-6.05564423958566,82.1214171368634));
#3777=CARTESIAN_POINT('Ctrl Pts',(-27.9798554582357,-6.03344405546742,81.962517512587));
#3778=CARTESIAN_POINT('Ctrl Pts',(-27.9996778968018,-6.011737111781,81.8008519036363));
#3779=CARTESIAN_POINT('Origin',(-26.2545150384413,-7.47414261302818,81.5744334353028));
#3780=CARTESIAN_POINT('Origin',(-27.7545150384413,-2.18409395175223,47.4067424291002));
#3781=CARTESIAN_POINT('',(-27.9996778968018,4.70612892940677,12.5756408348128));
#3782=CARTESIAN_POINT('Ctrl Pts',(-27.7545150384413,4.42005582674431,14.5551784150079));
#3783=CARTESIAN_POINT('Ctrl Pts',(-27.7560777661449,4.42070000644653,14.5510177476063));
#3784=CARTESIAN_POINT('Ctrl Pts',(-27.7576344459592,4.42134211648216,14.5468544868078));
#3785=CARTESIAN_POINT('Ctrl Pts',(-27.8078919165669,4.44208841980726,14.4118343323355));
#3786=CARTESIAN_POINT('Ctrl Pts',(-27.8506028897942,4.46022671793617,14.2784705688078));
#3787=CARTESIAN_POINT('Ctrl Pts',(-27.9413697546555,4.50458708818307,13.9394222596618));
#3788=CARTESIAN_POINT('Ctrl Pts',(-27.9810551883388,4.53032520068786,13.7317693418158));
#3789=CARTESIAN_POINT('Ctrl Pts',(-28.0215181124295,4.57922990955351,13.3711819222736));
#3790=CARTESIAN_POINT('Ctrl Pts',(-28.0300360980272,4.60092014276839,13.2201999201664));
#3791=CARTESIAN_POINT('Ctrl Pts',(-28.0300360980272,4.6477596285003,12.9176701746288));
#3792=CARTESIAN_POINT('Ctrl Pts',(-28.0215181124295,4.67274236458722,12.7671979377383));
#3793=CARTESIAN_POINT('Ctrl Pts',(-28.0030362140682,4.70125695956102,12.6034518863201));
#3794=CARTESIAN_POINT('Ctrl Pts',(-28.0013927560532,4.70368952952213,12.5895397540947));
#3795=CARTESIAN_POINT('Ctrl Pts',(-27.9996778968018,4.70612892940677,12.5756408348128));
#3796=CARTESIAN_POINT('',(-29.2545150384413,3.24372342815959,12.3492223664793));
#3797=CARTESIAN_POINT('Origin',(-27.7545150384413,3.24372342815959,12.3492223664793));
#3798=CARTESIAN_POINT('',(-29.2545150384413,-2.18409395175222,47.4067424291002));
#3799=CARTESIAN_POINT('Origin',(5.55355034705773,3.47322805430922,10.8668837996951));
#3800=CARTESIAN_POINT('',(40.7454849615588,4.95556662109345,11.0963884258447));
#3801=CARTESIAN_POINT('',(40.7454849615588,3.70273268045886,9.38454523291088));
#3802=CARTESIAN_POINT('Origin',(40.7454849615588,3.47322805430922,10.8668837996951));
#3803=CARTESIAN_POINT('',(-24.2545150384412,3.70273268045886,9.38454523291088));
#3804=CARTESIAN_POINT('',(5.55355034705773,3.70273268045885,9.38454523291088));
#3805=CARTESIAN_POINT('',(-24.2545150384412,4.95556662109345,11.0963884258447));
#3806=CARTESIAN_POINT('Origin',(-24.2545150384412,3.47322805430922,10.8668837996951));
#3807=CARTESIAN_POINT('',(5.55355034705773,4.95556662109345,11.0963884258447));
#3808=CARTESIAN_POINT('Origin',(5.55355034705773,3.47322805430922,10.8668837996951));
#3809=CARTESIAN_POINT('',(-26.2545150384413,4.97314422899228,10.851026027968));
#3810=CARTESIAN_POINT('Ctrl Pts',(-26.2545150384413,4.97314422899228,10.8510260279679));
#3811=CARTESIAN_POINT('Ctrl Pts',(-26.2404065333434,4.97312585265389,10.8492878917625));
#3812=CARTESIAN_POINT('Ctrl Pts',(-26.2262860158745,4.9731052195595,10.8476216581041));
#3813=CARTESIAN_POINT('Ctrl Pts',(-26.0601051367844,4.97284459905418,10.8288792049451));
#3814=CARTESIAN_POINT('Ctrl Pts',(-25.9075821677985,4.97250162568493,10.8202066299616));
#3815=CARTESIAN_POINT('Ctrl Pts',(-25.601447909084,4.97250162568493,10.8202066299616));
#3816=CARTESIAN_POINT('Ctrl Pts',(-25.4489249400981,4.97284459905418,10.8288792049451));
#3817=CARTESIAN_POINT('Ctrl Pts',(-25.0851006096915,4.97341518263369,10.8699125687597));
#3818=CARTESIAN_POINT('Ctrl Pts',(-24.8759546466804,4.97360505374924,10.9101002344921));
#3819=CARTESIAN_POINT('Ctrl Pts',(-24.5341111167819,4.96766018759756,11.0010281277756));
#3820=CARTESIAN_POINT('Ctrl Pts',(-24.3995424011685,4.96357640735189,11.0436157085065));
#3821=CARTESIAN_POINT('Ctrl Pts',(-24.2629377646033,4.95604148672271,11.0933053734838));
#3822=CARTESIAN_POINT('Ctrl Pts',(-24.2587252784254,4.95580572325177,11.094844098148));
#3823=CARTESIAN_POINT('Ctrl Pts',(-24.2545150384412,4.95556662109345,11.0963884258447));
#3824=CARTESIAN_POINT('',(-26.2545150384413,3.70273268045885,9.38454523291088));
#3825=CARTESIAN_POINT('',(5.55355034705773,3.70273268045885,9.38454523291088));
#3826=CARTESIAN_POINT('Origin',(-26.2545150384413,3.47322805430922,10.8668837996951));
#3827=CARTESIAN_POINT('Ctrl Pts',(-27.9147142807332,4.71758387521502,12.5774143588337));
#3828=CARTESIAN_POINT('Ctrl Pts',(-27.9147142807333,4.97159947950577,10.9367627819034));
#3829=CARTESIAN_POINT('Ctrl Pts',(-26.2545150384413,4.97159947950577,10.9367627819034));
#3830=CARTESIAN_POINT('Ctrl Pts',(-29.2545150384413,4.5753652060049,12.5553952039389));
#3831=CARTESIAN_POINT('Ctrl Pts',(-29.2545150384413,5.03437445830416,9.59071807037042));
#3832=CARTESIAN_POINT('Ctrl Pts',(-26.2545150384413,5.03437445830416,9.59071807037042));
#3833=CARTESIAN_POINT('Ctrl Pts',(-29.2545150384413,3.24372342815959,12.3492223664793));
#3834=CARTESIAN_POINT('Ctrl Pts',(-29.2545150384413,3.70273268045885,9.38454523291088));
#3835=CARTESIAN_POINT('Ctrl Pts',(-26.2545150384413,3.70273268045885,9.38454523291088));
#3836=CARTESIAN_POINT('Ctrl Pts',(-27.9996778968018,4.70612892940677,12.5756408348128));
#3837=CARTESIAN_POINT('Ctrl Pts',(-27.9750823453157,4.74111628210658,12.3762941044458));
#3838=CARTESIAN_POINT('Ctrl Pts',(-27.920078259395,4.77400337223123,12.1813265068423));
#3839=CARTESIAN_POINT('Ctrl Pts',(-27.7302961641162,4.84221097366551,11.766983959181));
#3840=CARTESIAN_POINT('Ctrl Pts',(-27.5808360197067,4.87532450904127,11.5585926569372));
#3841=CARTESIAN_POINT('Ctrl Pts',(-27.2041199379336,4.93001191418457,11.2036428800115));
#3842=CARTESIAN_POINT('Ctrl Pts',(-26.9787831734243,4.95061767684189,11.0629834131106));
#3843=CARTESIAN_POINT('Ctrl Pts',(-26.5780237699978,4.96964070522596,10.910629983386));
#3844=CARTESIAN_POINT('Ctrl Pts',(-26.4175983791519,4.97335664516488,10.8711175300113));
#3845=CARTESIAN_POINT('Ctrl Pts',(-26.2545150384413,4.97314422899227,10.851026027968));
#3846=CARTESIAN_POINT('Origin',(-26.2545150384413,3.24372342815959,12.3492223664793));
#3847=CARTESIAN_POINT('Origin',(5.55355034705773,3.47322805430922,10.8668837996951));
#3848=CARTESIAN_POINT('',(42.7454849615588,4.97314422899228,10.8510260279679));
#3849=CARTESIAN_POINT('Ctrl Pts',(40.7454849615587,4.95556662109345,11.0963884258447));
#3850=CARTESIAN_POINT('Ctrl Pts',(40.7496952015428,4.95580572325176,11.0948440981481));
#3851=CARTESIAN_POINT('Ctrl Pts',(40.7539076877203,4.95604148672269,11.093305373484));
#3852=CARTESIAN_POINT('Ctrl Pts',(40.890512324286,4.9635764073519,11.0436157085065));
#3853=CARTESIAN_POINT('Ctrl Pts',(41.0250810398993,4.96766018759756,11.0010281277757));
#3854=CARTESIAN_POINT('Ctrl Pts',(41.366924569798,4.97360505374924,10.9101002344921));
#3855=CARTESIAN_POINT('Ctrl Pts',(41.576070532809,4.97341518263368,10.8699125687597));
#3856=CARTESIAN_POINT('Ctrl Pts',(41.9398948632156,4.97284459905418,10.8288792049451));
#3857=CARTESIAN_POINT('Ctrl Pts',(42.0924178322015,4.97250162568493,10.8202066299616));
#3858=CARTESIAN_POINT('Ctrl Pts',(42.398552090916,4.97250162568493,10.8202066299616));
#3859=CARTESIAN_POINT('Ctrl Pts',(42.5510750599019,4.97284459905418,10.8288792049451));
#3860=CARTESIAN_POINT('Ctrl Pts',(42.717255938992,4.9731052195595,10.8476216581041));
#3861=CARTESIAN_POINT('Ctrl Pts',(42.731376456461,4.97312585265389,10.8492878917625));
#3862=CARTESIAN_POINT('Ctrl Pts',(42.7454849615588,4.97314422899228,10.8510260279679));
#3863=CARTESIAN_POINT('',(42.7454849615588,3.70273268045885,9.38454523291088));
#3864=CARTESIAN_POINT('Origin',(42.7454849615588,3.47322805430922,10.8668837996951));
#3865=CARTESIAN_POINT('',(5.55355034705773,3.70273268045885,9.38454523291088));
#3866=CARTESIAN_POINT('Origin',(44.2454849615588,-1.7289015336872,44.466717698768));
#3867=CARTESIAN_POINT('',(44.4906478199193,4.70612892940677,12.5756408348128));
#3868=CARTESIAN_POINT('Ctrl Pts',(44.4906478199193,4.70612892940677,12.5756408348128));
#3869=CARTESIAN_POINT('Ctrl Pts',(44.4923626791707,4.70368952952213,12.5895397540947));
#3870=CARTESIAN_POINT('Ctrl Pts',(44.4940061371857,4.70125695956102,12.60345188632));
#3871=CARTESIAN_POINT('Ctrl Pts',(44.512488035547,4.67274236458722,12.7671979377382));
#3872=CARTESIAN_POINT('Ctrl Pts',(44.5210060211447,4.6477596285003,12.9176701746287));
#3873=CARTESIAN_POINT('Ctrl Pts',(44.5210060211447,4.60092014276839,13.2201999201664));
#3874=CARTESIAN_POINT('Ctrl Pts',(44.512488035547,4.5792299095535,13.3711819222736));
#3875=CARTESIAN_POINT('Ctrl Pts',(44.4720251114563,4.53032520068786,13.7317693418158));
#3876=CARTESIAN_POINT('Ctrl Pts',(44.4323396777731,4.50458708818307,13.9394222596618));
#3877=CARTESIAN_POINT('Ctrl Pts',(44.3415728127306,4.46022671784766,14.2784705694842));
#3878=CARTESIAN_POINT('Ctrl Pts',(44.2988618394283,4.44208841970013,14.4118343330327));
#3879=CARTESIAN_POINT('Ctrl Pts',(44.248604369111,4.42134211649647,14.5468544867146));
#3880=CARTESIAN_POINT('Ctrl Pts',(44.2470476892272,4.42070000643203,14.5510177477));
#3881=CARTESIAN_POINT('Ctrl Pts',(44.2454849615588,4.4200558267443,14.555178415008));
#3882=CARTESIAN_POINT('',(45.7454849615588,3.24372342815959,12.3492223664793));
#3883=CARTESIAN_POINT('',(45.7454849615588,-1.72890153368719,44.466717698768));
#3884=CARTESIAN_POINT('Origin',(44.2454849615588,3.24372342815959,12.3492223664793));
#3885=CARTESIAN_POINT('Ctrl Pts',(42.7454849615588,4.97159947950577,10.9367627819034));
#3886=CARTESIAN_POINT('Ctrl Pts',(44.4056842038508,4.97159947950577,10.9367627819034));
#3887=CARTESIAN_POINT('Ctrl Pts',(44.4056842038508,4.71758387521501,12.5774143588337));
#3888=CARTESIAN_POINT('Ctrl Pts',(42.7454849615588,5.03437445830415,9.59071807037042));
#3889=CARTESIAN_POINT('Ctrl Pts',(45.7454849615588,5.03437445830415,9.59071807037042));
#3890=CARTESIAN_POINT('Ctrl Pts',(45.7454849615588,4.57536520600489,12.5553952039389));
#3891=CARTESIAN_POINT('Ctrl Pts',(42.7454849615588,3.70273268045885,9.38454523291088));
#3892=CARTESIAN_POINT('Ctrl Pts',(45.7454849615588,3.70273268045885,9.38454523291088));
#3893=CARTESIAN_POINT('Ctrl Pts',(45.7454849615588,3.24372342815959,12.3492223664793));
#3894=CARTESIAN_POINT('Ctrl Pts',(42.7454849615588,4.97314422899227,10.851026027968));
#3895=CARTESIAN_POINT('Ctrl Pts',(42.9478376988166,4.9734077935831,10.8759554316482));
#3896=CARTESIAN_POINT('Ctrl Pts',(43.1455415178334,4.96762979487593,10.9307202831247));
#3897=CARTESIAN_POINT('Ctrl Pts',(43.5654414500505,4.94255416578314,11.118881190685));
#3898=CARTESIAN_POINT('Ctrl Pts',(43.776445565954,4.92051555762328,11.2667099384475));
#3899=CARTESIAN_POINT('Ctrl Pts',(44.1355834033412,4.86261504368815,11.6389499241156));
#3900=CARTESIAN_POINT('Ctrl Pts',(44.2777394502917,4.82699327280765,11.8614563021765));
#3901=CARTESIAN_POINT('Ctrl Pts',(44.4312096087452,4.76121746892482,12.2568067754029));
#3902=CARTESIAN_POINT('Ctrl Pts',(44.4708253813532,4.73432649390838,12.4149801430497));
#3903=CARTESIAN_POINT('Ctrl Pts',(44.4906478199193,4.70612892940677,12.5756408348128));
#3904=CARTESIAN_POINT('Origin',(42.7454849615588,3.24372342815959,12.3492223664793));
#3905=CARTESIAN_POINT('Origin',(42.2454849615588,-6.90352821538356,81.1568221217579));
#3906=CARTESIAN_POINT('Origin',(42.2454849615588,-5.91530250419408,81.3098252058576));
#3907=CARTESIAN_POINT('',(42.2454849615588,-7.13303284153319,82.6391606885421));
#3908=CARTESIAN_POINT('Origin',(42.2454849615588,-7.28603592563295,83.6273863997316));
#3909=CARTESIAN_POINT('',(43.7454849615588,-6.90352821538356,81.1568221217579));
#3910=CARTESIAN_POINT('Origin',(42.2454849615588,-6.90352821538356,81.1568221217579));
#3911=CARTESIAN_POINT('Origin',(42.2454849615588,-6.90352821538356,81.1568221217579));
#3912=CARTESIAN_POINT('Origin',(-25.7545150384412,-6.90352821538356,81.1568221217579));
#3913=CARTESIAN_POINT('Origin',(-25.7545150384412,-5.91530250419408,81.3098252058576));
#3914=CARTESIAN_POINT('',(-25.7545150384412,-7.13303284153319,82.6391606885421));
#3915=CARTESIAN_POINT('Origin',(-25.7545150384412,-7.28603592563295,83.6273863997316));
#3916=CARTESIAN_POINT('',(-24.2545150384412,-6.90352821538356,81.1568221217579));
#3917=CARTESIAN_POINT('Origin',(-25.7545150384412,-6.90352821538356,81.1568221217579));
#3918=CARTESIAN_POINT('Origin',(-25.7545150384412,-6.90352821538356,81.1568221217579));
#3919=CARTESIAN_POINT('Origin',(42.2454849615588,3.66133474170446,12.9198367641239));
#3920=CARTESIAN_POINT('',(42.2454849615588,4.26705274264456,15.5434041261974));
#3921=CARTESIAN_POINT('Origin',(42.2454849615588,4.64956045289394,13.0728398482237));
#3922=CARTESIAN_POINT('',(42.2454849615588,3.43183011555482,14.4021753309082));
#3923=CARTESIAN_POINT('Origin',(42.2454849615588,3.27882703145507,15.3904010420977));
#3924=CARTESIAN_POINT('',(43.7454849615588,3.66133474170446,12.9198367641239));
#3925=CARTESIAN_POINT('Origin',(42.2454849615588,3.66133474170446,12.9198367641239));
#3926=CARTESIAN_POINT('Origin',(42.2454849615588,3.66133474170446,12.9198367641239));
#3927=CARTESIAN_POINT('Origin',(42.2454849615588,4.64956045289394,13.0728398482237));
#3928=CARTESIAN_POINT('Origin',(-25.7545150384412,3.66133474170446,12.9198367641239));
#3929=CARTESIAN_POINT('',(-25.7545150384412,4.26705274264456,15.5434041261974));
#3930=CARTESIAN_POINT('Origin',(-25.7545150384412,4.64956045289394,13.0728398482237));
#3931=CARTESIAN_POINT('',(-25.7545150384412,3.43183011555482,14.4021753309082));
#3932=CARTESIAN_POINT('Origin',(-25.7545150384412,3.27882703145507,15.3904010420977));
#3933=CARTESIAN_POINT('',(-24.2545150384412,3.66133474170446,12.9198367641239));
#3934=CARTESIAN_POINT('Origin',(-25.7545150384412,3.66133474170446,12.9198367641239));
#3935=CARTESIAN_POINT('Origin',(-25.7545150384412,3.66133474170446,12.9198367641239));
#3936=CARTESIAN_POINT('Origin',(-25.7545150384412,4.64956045289394,13.0728398482237));
#3937=CARTESIAN_POINT('Origin',(8.29790547555739,-0.701755384967999,47.6362470552499));
#3938=CARTESIAN_POINT('',(-1.40409452444261,1.41810234523409,33.9443798267196));
#3939=CARTESIAN_POINT('',(-1.40409452444261,3.345941204891,21.492735865732));
#3940=CARTESIAN_POINT('',(-1.40409452444261,1.3220929099615,34.564491460491));
#3941=CARTESIAN_POINT('',(-0.404094524442615,3.49894428899075,20.5045101545426));
#3942=CARTESIAN_POINT('Origin',(-0.404094524442613,3.34594120489099,21.492735865732));
#3943=CARTESIAN_POINT('',(36.8959054755574,3.49894428899075,20.5045101545426));
#3944=CARTESIAN_POINT('',(22.5969054755574,3.49894428899075,20.5045101545426));
#3945=CARTESIAN_POINT('',(37.8959054755574,3.34594120489099,21.492735865732));
#3946=CARTESIAN_POINT('Origin',(36.8959054755574,3.34594120489099,21.492735865732));
#3947=CARTESIAN_POINT('',(37.8959054755574,1.41810234523409,33.9443798267196));
#3948=CARTESIAN_POINT('',(37.8959054755574,0.358173480133048,40.7903134409847));
#3949=CARTESIAN_POINT('',(36.8959054755574,1.26509926113434,34.932605537909));
#3950=CARTESIAN_POINT('Origin',(36.8959054755574,1.41810234523409,33.9443798267196));
#3951=CARTESIAN_POINT('',(-0.404094524442613,1.26509926113434,34.932605537909));
#3952=CARTESIAN_POINT('',(2.94690547555739,1.26509926113434,34.932605537909));
#3953=CARTESIAN_POINT('Origin',(-0.404094524442613,1.41810234523409,33.9443798267196));
#3954=CARTESIAN_POINT('',(1.29790547555739,-4.61098418371672,72.8854139761412));
#3955=CARTESIAN_POINT('',(1.29790547555739,-2.62194409041991,60.0384797306779));
#3956=CARTESIAN_POINT('',(1.29790547555739,-2.65636978434236,60.2608305156956));
#3957=CARTESIAN_POINT('',(1.79790547555739,-2.54544254837004,59.5443668750832));
#3958=CARTESIAN_POINT('Origin',(1.79790547555739,-2.62194409041991,60.0384797306779));
#3959=CARTESIAN_POINT('',(14.7979054755574,-2.54544254837004,59.5443668750832));
#3960=CARTESIAN_POINT('',(5.04790547555739,-2.54544254837004,59.5443668750832));
#3961=CARTESIAN_POINT('',(15.2979054755574,-2.62194409041991,60.0384797306779));
#3962=CARTESIAN_POINT('Origin',(14.7979054755574,-2.62194409041991,60.0384797306779));
#3963=CARTESIAN_POINT('',(15.2979054755574,-4.61098418371672,72.8854139761412));
#3964=CARTESIAN_POINT('',(15.2979054755574,-1.66184973769396,53.8373633929639));
#3965=CARTESIAN_POINT('',(14.7979054755574,-4.6874857257666,73.379526831736));
#3966=CARTESIAN_POINT('Origin',(14.7979054755574,-4.61098418371671,72.8854139761412));
#3967=CARTESIAN_POINT('',(1.79790547555739,-4.6874857257666,73.379526831736));
#3968=CARTESIAN_POINT('',(11.5479054755574,-4.6874857257666,73.379526831736));
#3969=CARTESIAN_POINT('Origin',(1.79790547555739,-4.61098418371671,72.8854139761412));
#3970=CARTESIAN_POINT('',(-17.7520945244426,-4.61098418371672,72.8854139761412));
#3971=CARTESIAN_POINT('',(-17.7520945244426,-2.62194409041991,60.0384797306779));
#3972=CARTESIAN_POINT('',(-17.7520945244426,-2.65636978434236,60.2608305156956));
#3973=CARTESIAN_POINT('',(-17.2520945244426,-2.54544254837004,59.5443668750832));
#3974=CARTESIAN_POINT('Origin',(-17.2520945244426,-2.62194409041991,60.0384797306779));
#3975=CARTESIAN_POINT('',(-4.25209452444261,-2.54544254837004,59.5443668750832));
#3976=CARTESIAN_POINT('',(-4.47709452444261,-2.54544254837004,59.5443668750832));
#3977=CARTESIAN_POINT('',(-3.75209452444261,-2.62194409041991,60.0384797306779));
#3978=CARTESIAN_POINT('Origin',(-4.25209452444261,-2.62194409041991,60.0384797306779));
#3979=CARTESIAN_POINT('',(-3.75209452444262,-4.61098418371672,72.8854139761412));
#3980=CARTESIAN_POINT('',(-3.75209452444262,-1.66184973769396,53.8373633929639));
#3981=CARTESIAN_POINT('',(-4.25209452444261,-4.6874857257666,73.379526831736));
#3982=CARTESIAN_POINT('Origin',(-4.25209452444261,-4.61098418371671,72.8854139761412));
#3983=CARTESIAN_POINT('',(-17.2520945244426,-4.6874857257666,73.379526831736));
#3984=CARTESIAN_POINT('',(2.02290547555739,-4.6874857257666,73.379526831736));
#3985=CARTESIAN_POINT('Origin',(-17.2520945244426,-4.61098418371671,72.8854139761412));
#3986=CARTESIAN_POINT('',(1.29790547555739,-1.6962754316164,54.0597141779815));
#3987=CARTESIAN_POINT('',(1.29790547555739,0.292764661680404,41.2127799325182));
#3988=CARTESIAN_POINT('',(1.29790547555739,-1.1990154082922,50.8479806166157));
#3989=CARTESIAN_POINT('',(1.79790547555739,0.36926620373028,40.7186670769235));
#3990=CARTESIAN_POINT('Origin',(1.79790547555739,0.292764661680402,41.2127799325182));
#3991=CARTESIAN_POINT('',(14.7979054755574,0.36926620373028,40.7186670769235));
#3992=CARTESIAN_POINT('',(5.04790547555739,0.369266203730279,40.7186670769235));
#3993=CARTESIAN_POINT('',(15.2979054755574,0.292764661680404,41.2127799325182));
#3994=CARTESIAN_POINT('Origin',(14.7979054755574,0.292764661680402,41.2127799325182));
#3995=CARTESIAN_POINT('',(15.2979054755574,-1.6962754316164,54.0597141779815));
#3996=CARTESIAN_POINT('',(15.2979054755574,-0.204495361643798,44.424513493884));
#3997=CARTESIAN_POINT('',(14.7979054755574,-1.77277697366628,54.5538270335763));
#3998=CARTESIAN_POINT('Origin',(14.7979054755574,-1.6962754316164,54.0597141779815));
#3999=CARTESIAN_POINT('',(1.79790547555739,-1.77277697366628,54.5538270335763));
#4000=CARTESIAN_POINT('',(11.5479054755574,-1.77277697366628,54.5538270335763));
#4001=CARTESIAN_POINT('Origin',(1.79790547555739,-1.6962754316164,54.0597141779815));
#4002=CARTESIAN_POINT('',(20.3479054755574,-1.6962754316164,54.0597141779815));
#4003=CARTESIAN_POINT('',(20.3479054755574,0.292764661680404,41.2127799325182));
#4004=CARTESIAN_POINT('',(20.3479054755574,-1.1990154082922,50.8479806166157));
#4005=CARTESIAN_POINT('',(20.8479054755574,0.36926620373028,40.7186670769235));
#4006=CARTESIAN_POINT('Origin',(20.8479054755574,0.292764661680402,41.2127799325182));
#4007=CARTESIAN_POINT('',(33.8479054755574,0.36926620373028,40.7186670769235));
#4008=CARTESIAN_POINT('',(14.5729054755574,0.369266203730279,40.7186670769235));
#4009=CARTESIAN_POINT('',(34.3479054755574,0.292764661680404,41.2127799325182));
#4010=CARTESIAN_POINT('Origin',(33.8479054755574,0.292764661680402,41.2127799325182));
#4011=CARTESIAN_POINT('',(34.3479054755574,-1.6962754316164,54.0597141779815));
#4012=CARTESIAN_POINT('',(34.3479054755574,-0.204495361643798,44.424513493884));
#4013=CARTESIAN_POINT('',(33.8479054755574,-1.77277697366628,54.5538270335763));
#4014=CARTESIAN_POINT('Origin',(33.8479054755574,-1.6962754316164,54.0597141779815));
#4015=CARTESIAN_POINT('',(20.8479054755574,-1.77277697366628,54.5538270335763));
#4016=CARTESIAN_POINT('',(21.0729054755574,-1.77277697366628,54.5538270335763));
#4017=CARTESIAN_POINT('Origin',(20.8479054755574,-1.6962754316164,54.0597141779815));
#4018=CARTESIAN_POINT('',(-17.2520945244426,0.36926620373028,40.7186670769235));
#4019=CARTESIAN_POINT('',(-4.25209452444261,0.36926620373028,40.7186670769235));
#4020=CARTESIAN_POINT('',(-4.47709452444261,0.369266203730279,40.7186670769235));
#4021=CARTESIAN_POINT('',(-3.75209452444261,0.292764661680404,41.2127799325182));
#4022=CARTESIAN_POINT('Origin',(-4.25209452444261,0.292764661680402,41.2127799325182));
#4023=CARTESIAN_POINT('',(-3.75209452444261,-1.6962754316164,54.0597141779815));
#4024=CARTESIAN_POINT('',(-3.75209452444261,-0.204495361643798,44.424513493884));
#4025=CARTESIAN_POINT('',(-4.25209452444261,-1.77277697366628,54.5538270335763));
#4026=CARTESIAN_POINT('Origin',(-4.25209452444261,-1.6962754316164,54.0597141779815));
#4027=CARTESIAN_POINT('',(-17.2520945244426,-1.77277697366628,54.5538270335763));
#4028=CARTESIAN_POINT('',(2.02290547555739,-1.77277697366628,54.5538270335763));
#4029=CARTESIAN_POINT('',(-17.7520945244426,-1.6962754316164,54.0597141779815));
#4030=CARTESIAN_POINT('Origin',(-17.2520945244426,-1.6962754316164,54.0597141779815));
#4031=CARTESIAN_POINT('',(-17.7520945244426,0.292764661680404,41.2127799325182));
#4032=CARTESIAN_POINT('',(-17.7520945244426,-1.1990154082922,50.8479806166157));
#4033=CARTESIAN_POINT('Origin',(-17.2520945244426,0.292764661680402,41.2127799325182));
#4034=CARTESIAN_POINT('',(20.3479054755574,-4.61098418371672,72.8854139761412));
#4035=CARTESIAN_POINT('',(20.3479054755574,-2.62194409041991,60.0384797306779));
#4036=CARTESIAN_POINT('',(20.3479054755574,-2.65636978434236,60.2608305156956));
#4037=CARTESIAN_POINT('',(20.8479054755574,-2.54544254837004,59.5443668750832));
#4038=CARTESIAN_POINT('Origin',(20.8479054755574,-2.62194409041991,60.0384797306779));
#4039=CARTESIAN_POINT('',(33.8479054755574,-2.54544254837004,59.5443668750832));
#4040=CARTESIAN_POINT('',(14.5729054755574,-2.54544254837004,59.5443668750832));
#4041=CARTESIAN_POINT('',(34.3479054755574,-2.62194409041991,60.0384797306779));
#4042=CARTESIAN_POINT('Origin',(33.8479054755574,-2.62194409041991,60.0384797306779));
#4043=CARTESIAN_POINT('',(34.3479054755574,-4.61098418371672,72.8854139761412));
#4044=CARTESIAN_POINT('',(34.3479054755574,-1.66184973769396,53.8373633929639));
#4045=CARTESIAN_POINT('',(33.8479054755574,-4.6874857257666,73.379526831736));
#4046=CARTESIAN_POINT('Origin',(33.8479054755574,-4.61098418371671,72.8854139761412));
#4047=CARTESIAN_POINT('',(20.8479054755574,-4.6874857257666,73.379526831736));
#4048=CARTESIAN_POINT('',(21.0729054755574,-4.6874857257666,73.379526831736));
#4049=CARTESIAN_POINT('Origin',(20.8479054755574,-4.61098418371671,72.8854139761412));
#4050=CARTESIAN_POINT('',(-16.0520945244426,3.43697803993035,20.9047415675743));
#4051=CARTESIAN_POINT('',(-7.05209452444262,3.43697803993035,20.9047415675743));
#4052=CARTESIAN_POINT('',(-4.97709452444261,3.43697803993035,20.9047415675743));
#4053=CARTESIAN_POINT('',(-4.05209452444261,2.97796878763109,23.8694187011428));
#4054=CARTESIAN_POINT('Origin',(-7.05209452444262,2.97796878763108,23.8694187011428));
#4055=CARTESIAN_POINT('',(-4.05209452444261,1.75394411483306,31.7752243906586));
#4056=CARTESIAN_POINT('',(-4.05209452444261,1.2911097854313,34.7646071670068));
#4057=CARTESIAN_POINT('',(-7.05209452444262,1.29493486253379,34.7399015242271));
#4058=CARTESIAN_POINT('Origin',(-7.05209452444262,1.75394411483305,31.7752243906586));
#4059=CARTESIAN_POINT('',(-16.0520945244426,1.29493486253379,34.7399015242271));
#4060=CARTESIAN_POINT('',(-4.97709452444261,1.29493486253379,34.7399015242271));
#4061=CARTESIAN_POINT('',(-19.0520945244426,1.75394411483306,31.7752243906586));
#4062=CARTESIAN_POINT('Origin',(-16.0520945244426,1.75394411483305,31.7752243906586));
#4063=CARTESIAN_POINT('',(-19.0520945244426,2.97796878763109,23.8694187011428));
#4064=CARTESIAN_POINT('',(-19.0520945244426,0.258338967757958,41.4351307175359));
#4065=CARTESIAN_POINT('Origin',(-16.0520945244426,2.97796878763108,23.8694187011428));
#4066=CARTESIAN_POINT('Origin',(42.2454849615588,4.64956045289394,13.0728398482237));
#4067=CARTESIAN_POINT('',(43.7454849615588,3.16722188610971,12.8433352220741));
#4068=CARTESIAN_POINT('',(43.7454849615588,4.64956045289394,13.0728398482237));
#4069=CARTESIAN_POINT('Origin',(42.2454849615588,3.16722188610971,12.8433352220741));
#4070=CARTESIAN_POINT('Origin',(-25.7545150384412,4.64956045289394,13.0728398482237));
#4071=CARTESIAN_POINT('',(-24.2545150384412,3.16722188610971,12.8433352220741));
#4072=CARTESIAN_POINT('',(-24.2545150384412,4.64956045289394,13.0728398482237));
#4073=CARTESIAN_POINT('Origin',(-25.7545150384412,3.16722188610971,12.8433352220741));
#4074=CARTESIAN_POINT('Origin',(42.2454849615588,-5.91530250419407,81.3098252058576));
#4075=CARTESIAN_POINT('',(43.7454849615588,-7.3976410709783,81.080320579708));
#4076=CARTESIAN_POINT('',(43.7454849615588,-5.91530250419407,81.3098252058576));
#4077=CARTESIAN_POINT('Origin',(42.2454849615588,-7.3976410709783,81.080320579708));
#4078=CARTESIAN_POINT('Origin',(-25.7545150384412,-5.91530250419407,81.3098252058576));
#4079=CARTESIAN_POINT('',(-24.2545150384412,-7.3976410709783,81.080320579708));
#4080=CARTESIAN_POINT('',(-24.2545150384412,-5.91530250419407,81.3098252058576));
#4081=CARTESIAN_POINT('Origin',(-25.7545150384412,-7.3976410709783,81.080320579708));
#4082=CARTESIAN_POINT('Origin',(8.29790547555739,-2.18409395175222,47.4067424291002));
#4083=CARTESIAN_POINT('',(-1.20409452444261,-0.14073776360001,34.2089880561647));
#4084=CARTESIAN_POINT('',(36.8959054755574,-0.14073776360001,34.2089880561647));
#4085=CARTESIAN_POINT('',(22.5729054755574,-0.14073776360001,34.2089880561647));
#4086=CARTESIAN_POINT('',(37.3959054755574,-0.0642362215501335,33.7148752005699));
#4087=CARTESIAN_POINT('Origin',(36.8959054755574,-0.0642362215501324,33.7148752005699));
#4088=CARTESIAN_POINT('',(37.3959054755574,1.86360263810677,21.2632312395824));
#4089=CARTESIAN_POINT('',(37.3959054755574,-0.229479552377868,34.7821589686546));
#4090=CARTESIAN_POINT('',(36.8959054755574,1.94010418015664,20.7691183839877));
#4091=CARTESIAN_POINT('Origin',(36.8959054755574,1.86360263810677,21.2632312395824));
#4092=CARTESIAN_POINT('',(-1.20409452444261,1.94010418015664,20.7691183839877));
#4093=CARTESIAN_POINT('',(3.44690547555739,1.94010418015664,20.7691183839877));
#4094=CARTESIAN_POINT('',(-2.20409452444261,1.78710109605689,21.7573440951772));
#4095=CARTESIAN_POINT('Origin',(-1.20409452444261,1.78710109605689,21.7573440951772));
#4096=CARTESIAN_POINT('',(-2.20409452444261,0.0122653204997447,33.2207623449752));
#4097=CARTESIAN_POINT('',(-2.20409452444261,-0.642205371736955,37.4478978245882));
#4098=CARTESIAN_POINT('Origin',(-1.20409452444261,0.0122653204997458,33.2207623449752));
#4099=CARTESIAN_POINT('',(-7.05209452444262,1.95463947314612,20.6752369414247));
#4100=CARTESIAN_POINT('',(-16.0520945244426,1.95463947314612,20.6752369414247));
#4101=CARTESIAN_POINT('',(-4.97709452444261,1.95463947314612,20.6752369414247));
#4102=CARTESIAN_POINT('',(-19.0520945244426,1.49563022084686,23.6399140749931));
#4103=CARTESIAN_POINT('Origin',(-16.0520945244426,1.49563022084686,23.6399140749931));
#4104=CARTESIAN_POINT('',(-19.0520945244426,0.271605548048827,31.545719764509));
#4105=CARTESIAN_POINT('',(-19.0520945244426,-1.22399959902627,41.2056260913862));
#4106=CARTESIAN_POINT('',(-16.0520945244426,-0.187403704250434,34.5103968980775));
#4107=CARTESIAN_POINT('Origin',(-16.0520945244426,0.271605548048828,31.545719764509));
#4108=CARTESIAN_POINT('',(-7.05209452444262,-0.187403704250434,34.5103968980775));
#4109=CARTESIAN_POINT('',(2.02290547555739,-0.187403704250434,34.5103968980775));
#4110=CARTESIAN_POINT('',(-4.05209452444261,0.271605548048827,31.545719764509));
#4111=CARTESIAN_POINT('Origin',(-7.05209452444262,0.271605548048828,31.545719764509));
#4112=CARTESIAN_POINT('',(-4.05209452444261,1.49563022084686,23.6399140749931));
#4113=CARTESIAN_POINT('',(-4.05209452444261,-0.191228781352929,34.5351025408572));
#4114=CARTESIAN_POINT('Origin',(-7.05209452444262,1.49563022084686,23.6399140749931));
#4115=CARTESIAN_POINT('',(20.3479054755574,-4.10428265720414,59.8089751045283));
#4116=CARTESIAN_POINT('',(20.8479054755574,-4.02778111515426,59.3148622489335));
#4117=CARTESIAN_POINT('Origin',(20.8479054755574,-4.10428265720414,59.8089751045283));
#4118=CARTESIAN_POINT('',(20.3479054755574,-6.09332275050094,72.6559093499916));
#4119=CARTESIAN_POINT('',(20.3479054755574,-4.13870835112658,60.0313258895459));
#4120=CARTESIAN_POINT('',(20.8479054755574,-6.16982429255082,73.1500222055863));
#4121=CARTESIAN_POINT('Origin',(20.8479054755574,-6.09332275050094,72.6559093499916));
#4122=CARTESIAN_POINT('',(33.8479054755574,-6.16982429255082,73.1500222055863));
#4123=CARTESIAN_POINT('',(21.0729054755574,-6.16982429255082,73.1500222055863));
#4124=CARTESIAN_POINT('',(34.3479054755574,-6.09332275050094,72.6559093499916));
#4125=CARTESIAN_POINT('Origin',(33.8479054755574,-6.09332275050094,72.6559093499916));
#4126=CARTESIAN_POINT('',(34.3479054755574,-4.10428265720414,59.8089751045283));
#4127=CARTESIAN_POINT('',(34.3479054755574,-3.14418830447818,53.6078587668143));
#4128=CARTESIAN_POINT('',(33.8479054755574,-4.02778111515426,59.3148622489335));
#4129=CARTESIAN_POINT('Origin',(33.8479054755574,-4.10428265720414,59.8089751045283));
#4130=CARTESIAN_POINT('',(14.5729054755574,-4.02778111515426,59.3148622489335));
#4131=CARTESIAN_POINT('',(-4.25209452444261,-1.11307236305395,40.4891624507738));
#4132=CARTESIAN_POINT('',(-3.75209452444261,-1.18957390510382,40.9832753063686));
#4133=CARTESIAN_POINT('Origin',(-4.25209452444261,-1.18957390510382,40.9832753063686));
#4134=CARTESIAN_POINT('',(-17.2520945244426,-1.11307236305395,40.4891624507738));
#4135=CARTESIAN_POINT('',(-4.47709452444261,-1.11307236305395,40.4891624507738));
#4136=CARTESIAN_POINT('',(-17.7520945244426,-1.18957390510382,40.9832753063686));
#4137=CARTESIAN_POINT('Origin',(-17.2520945244426,-1.18957390510382,40.9832753063686));
#4138=CARTESIAN_POINT('',(-17.7520945244426,-3.17861399840063,53.8302095518319));
#4139=CARTESIAN_POINT('',(-17.7520945244426,-2.68135397507642,50.6184759904661));
#4140=CARTESIAN_POINT('',(-17.2520945244426,-3.2551155404505,54.3243224074266));
#4141=CARTESIAN_POINT('Origin',(-17.2520945244426,-3.17861399840063,53.8302095518319));
#4142=CARTESIAN_POINT('',(-4.25209452444261,-3.2551155404505,54.3243224074266));
#4143=CARTESIAN_POINT('',(2.02290547555739,-3.2551155404505,54.3243224074266));
#4144=CARTESIAN_POINT('',(-3.75209452444261,-3.17861399840063,53.8302095518319));
#4145=CARTESIAN_POINT('Origin',(-4.25209452444261,-3.17861399840063,53.8302095518319));
#4146=CARTESIAN_POINT('',(-3.75209452444261,-1.68683392842802,44.1950088677344));
#4147=CARTESIAN_POINT('',(20.3479054755574,-1.18957390510382,40.9832753063686));
#4148=CARTESIAN_POINT('',(20.8479054755574,-1.11307236305395,40.4891624507738));
#4149=CARTESIAN_POINT('Origin',(20.8479054755574,-1.18957390510382,40.9832753063686));
#4150=CARTESIAN_POINT('',(20.3479054755574,-3.17861399840063,53.8302095518319));
#4151=CARTESIAN_POINT('',(20.3479054755574,-2.68135397507642,50.6184759904661));
#4152=CARTESIAN_POINT('',(20.8479054755574,-3.2551155404505,54.3243224074266));
#4153=CARTESIAN_POINT('Origin',(20.8479054755574,-3.17861399840063,53.8302095518319));
#4154=CARTESIAN_POINT('',(33.8479054755574,-3.2551155404505,54.3243224074266));
#4155=CARTESIAN_POINT('',(21.0729054755574,-3.2551155404505,54.3243224074266));
#4156=CARTESIAN_POINT('',(34.3479054755574,-3.17861399840063,53.8302095518319));
#4157=CARTESIAN_POINT('Origin',(33.8479054755574,-3.17861399840063,53.8302095518319));
#4158=CARTESIAN_POINT('',(34.3479054755574,-1.18957390510382,40.9832753063686));
#4159=CARTESIAN_POINT('',(34.3479054755574,-1.68683392842802,44.1950088677344));
#4160=CARTESIAN_POINT('',(33.8479054755574,-1.11307236305395,40.4891624507738));
#4161=CARTESIAN_POINT('Origin',(33.8479054755574,-1.18957390510382,40.9832753063686));
#4162=CARTESIAN_POINT('',(14.5729054755574,-1.11307236305395,40.4891624507738));
#4163=CARTESIAN_POINT('',(1.29790547555739,-1.18957390510382,40.9832753063686));
#4164=CARTESIAN_POINT('',(1.79790547555739,-1.11307236305395,40.4891624507738));
#4165=CARTESIAN_POINT('Origin',(1.79790547555739,-1.18957390510382,40.9832753063686));
#4166=CARTESIAN_POINT('',(1.29790547555739,-3.17861399840063,53.8302095518319));
#4167=CARTESIAN_POINT('',(1.29790547555739,-2.68135397507642,50.6184759904661));
#4168=CARTESIAN_POINT('',(1.79790547555739,-3.2551155404505,54.3243224074266));
#4169=CARTESIAN_POINT('Origin',(1.79790547555739,-3.17861399840063,53.8302095518319));
#4170=CARTESIAN_POINT('',(14.7979054755574,-3.2551155404505,54.3243224074266));
#4171=CARTESIAN_POINT('',(11.5479054755574,-3.2551155404505,54.3243224074266));
#4172=CARTESIAN_POINT('',(15.2979054755574,-3.17861399840063,53.8302095518319));
#4173=CARTESIAN_POINT('Origin',(14.7979054755574,-3.17861399840063,53.8302095518319));
#4174=CARTESIAN_POINT('',(15.2979054755574,-1.18957390510382,40.9832753063686));
#4175=CARTESIAN_POINT('',(15.2979054755574,-1.68683392842802,44.1950088677344));
#4176=CARTESIAN_POINT('',(14.7979054755574,-1.11307236305395,40.4891624507738));
#4177=CARTESIAN_POINT('Origin',(14.7979054755574,-1.18957390510382,40.9832753063686));
#4178=CARTESIAN_POINT('',(5.04790547555739,-1.11307236305395,40.4891624507738));
#4179=CARTESIAN_POINT('',(-17.7520945244426,-4.10428265720414,59.8089751045283));
#4180=CARTESIAN_POINT('',(-17.2520945244426,-4.02778111515426,59.3148622489335));
#4181=CARTESIAN_POINT('Origin',(-17.2520945244426,-4.10428265720414,59.8089751045283));
#4182=CARTESIAN_POINT('',(-17.7520945244426,-6.09332275050094,72.6559093499916));
#4183=CARTESIAN_POINT('',(-17.7520945244426,-4.13870835112658,60.0313258895459));
#4184=CARTESIAN_POINT('',(-17.2520945244426,-6.16982429255082,73.1500222055863));
#4185=CARTESIAN_POINT('Origin',(-17.2520945244426,-6.09332275050094,72.6559093499916));
#4186=CARTESIAN_POINT('',(-4.25209452444261,-6.16982429255082,73.1500222055863));
#4187=CARTESIAN_POINT('',(2.02290547555739,-6.16982429255082,73.1500222055863));
#4188=CARTESIAN_POINT('',(-3.75209452444262,-6.09332275050094,72.6559093499916));
#4189=CARTESIAN_POINT('Origin',(-4.25209452444261,-6.09332275050094,72.6559093499916));
#4190=CARTESIAN_POINT('',(-3.75209452444261,-4.10428265720414,59.8089751045283));
#4191=CARTESIAN_POINT('',(-3.75209452444262,-3.14418830447818,53.6078587668143));
#4192=CARTESIAN_POINT('',(-4.25209452444261,-4.02778111515426,59.3148622489335));
#4193=CARTESIAN_POINT('Origin',(-4.25209452444261,-4.10428265720414,59.8089751045283));
#4194=CARTESIAN_POINT('',(-4.47709452444261,-4.02778111515426,59.3148622489335));
#4195=CARTESIAN_POINT('',(1.29790547555739,-4.10428265720414,59.8089751045283));
#4196=CARTESIAN_POINT('',(1.79790547555739,-4.02778111515426,59.3148622489335));
#4197=CARTESIAN_POINT('Origin',(1.79790547555739,-4.10428265720414,59.8089751045283));
#4198=CARTESIAN_POINT('',(1.29790547555739,-6.09332275050094,72.6559093499916));
#4199=CARTESIAN_POINT('',(1.29790547555739,-4.13870835112658,60.0313258895459));
#4200=CARTESIAN_POINT('',(1.79790547555739,-6.16982429255082,73.1500222055863));
#4201=CARTESIAN_POINT('Origin',(1.79790547555739,-6.09332275050094,72.6559093499916));
#4202=CARTESIAN_POINT('',(14.7979054755574,-6.16982429255082,73.1500222055863));
#4203=CARTESIAN_POINT('',(11.5479054755574,-6.16982429255082,73.1500222055863));
#4204=CARTESIAN_POINT('',(15.2979054755574,-6.09332275050094,72.6559093499916));
#4205=CARTESIAN_POINT('Origin',(14.7979054755574,-6.09332275050094,72.6559093499916));
#4206=CARTESIAN_POINT('',(15.2979054755574,-4.10428265720414,59.8089751045283));
#4207=CARTESIAN_POINT('',(15.2979054755574,-3.14418830447818,53.6078587668143));
#4208=CARTESIAN_POINT('',(14.7979054755574,-4.02778111515426,59.3148622489335));
#4209=CARTESIAN_POINT('Origin',(14.7979054755574,-4.10428265720414,59.8089751045283));
#4210=CARTESIAN_POINT('',(5.04790547555739,-4.02778111515426,59.3148622489335));
#4211=CARTESIAN_POINT('Origin',(32.6666137011525,3.72822682906607,28.1737483641835));
#4212=CARTESIAN_POINT('',(32.6666137011525,3.68399766559725,29.1129999967231));
#4213=CARTESIAN_POINT('Origin',(32.6666137011525,3.82704940018502,28.1890486725934));
#4214=CARTESIAN_POINT('',(32.6666137011525,3.60047540288827,28.9988771171942));
#4215=CARTESIAN_POINT('Origin',(32.6666137011525,3.5851750944783,29.0976996883131));
#4216=CARTESIAN_POINT('',(33.5015735121227,3.72822682906607,28.1737483641835));
#4217=CARTESIAN_POINT('Origin',(32.6666137011525,3.72822682906607,28.1737483641835));
#4218=CARTESIAN_POINT('Origin',(32.6666137011525,3.72822682906607,28.1737483641835));
#4219=CARTESIAN_POINT('Origin',(32.6666137011525,4.32116225577976,28.2655502146433));
#4220=CARTESIAN_POINT('',(33.5015735121227,3.13529140235238,28.0819465137236));
#4221=CARTESIAN_POINT('',(33.5015735121227,4.32116225577976,28.2655502146433));
#4222=CARTESIAN_POINT('Origin',(32.6666137011525,3.13529140235238,28.0819465137236));
#4223=CARTESIAN_POINT('Origin',(32.6345079318326,3.819685563041,28.2366106759449));
#4224=CARTESIAN_POINT('',(31.9373829641029,3.96459434444083,27.3006649438766));
#4225=CARTESIAN_POINT('',(32.8461398198595,4.23457635674581,25.556888550817));
#4226=CARTESIAN_POINT('',(32.4311383896343,4.11128383847548,26.3532178357391));
#4227=CARTESIAN_POINT('',(29.8960754158169,3.84193830395859,28.0928833069929));
#4228=CARTESIAN_POINT('',(32.0256161679871,3.96989601269586,27.266422203525));
#4229=CARTESIAN_POINT('',(31.8744151836136,3.68452324677051,29.1096053407801));
#4230=CARTESIAN_POINT('',(30.7110071575136,3.77709477767875,28.511698654742));
#4231=CARTESIAN_POINT('',(32.7812593279759,3.40689868125378,30.9027439256374));
#4232=CARTESIAN_POINT('',(31.7955063619673,3.70868068050505,28.9535758249485));
#4233=CARTESIAN_POINT('',(33.4547600471655,3.7014464396468,29.0003007838545));
#4234=CARTESIAN_POINT('',(33.0765685899933,3.53604877520557,30.0685813713553));
#4235=CARTESIAN_POINT('',(35.3369876549351,3.81979177493062,28.2359246680727));
#4236=CARTESIAN_POINT('',(33.3020522970481,3.69184491759204,29.0623156838606));
#4237=CARTESIAN_POINT('',(33.5147701482505,3.94499914834705,27.4272275991957));
#4238=CARTESIAN_POINT('',(34.5309655769504,3.8751747942079,27.8782134236547));
#4239=CARTESIAN_POINT('',(33.5731602145764,3.91971098583494,27.590560335462));
#4240=CARTESIAN_POINT('Origin',(32.2977843563709,3.97355796562295,26.2623977621905));
#4241=CARTESIAN_POINT('',(32.8975581369583,4.05363658162392,24.7648086868014));
#4242=CARTESIAN_POINT('',(31.7224549104565,3.70452589074187,27.019666246116));
#4243=CARTESIAN_POINT('',(32.1644303231074,3.83583209277042,26.1715776886418));
#4244=CARTESIAN_POINT('',(31.7224549104565,3.70452589074187,27.019666246116));
#4245=CARTESIAN_POINT('',(32.8461398198595,4.23457635674581,25.556888550817));
#4246=CARTESIAN_POINT('Origin',(31.9707851960512,3.84302434805626,27.1054963037197));
#4247=CARTESIAN_POINT('',(29.172509165612,3.55130730848081,28.0092838300573));
#4248=CARTESIAN_POINT('',(31.9159542241153,3.71615268341666,26.9445704039144));
#4249=CARTESIAN_POINT('',(29.172509165612,3.55130730848081,28.0092838300573));
#4250=CARTESIAN_POINT('Origin',(33.7145936161803,3.77912206863259,27.5182322684988));
#4251=CARTESIAN_POINT('',(33.7548490409929,3.68235233645157,27.162882159619));
#4252=CARTESIAN_POINT('',(33.8560270177841,3.63853315143024,27.4459042015355));
#4253=CARTESIAN_POINT('',(33.5147701482505,3.94499914834705,27.4272275991957));
#4254=CARTESIAN_POINT('Origin',(30.641798996232,3.60849930275326,28.6202610618941));
#4255=CARTESIAN_POINT('',(31.6495991278549,3.35420706088242,29.2823270076155));
#4256=CARTESIAN_POINT('',(30.5725908349503,3.43990382782778,28.7288234690462));
#4257=CARTESIAN_POINT('',(31.6495991278549,3.35420706088242,29.2823270076155));
#4258=CARTESIAN_POINT('Origin',(34.5924162534802,3.74787711293717,27.7200391062163));
#4259=CARTESIAN_POINT('',(36.0965066980531,3.52145342970445,28.2021058947831));
#4260=CARTESIAN_POINT('',(34.65386693001,3.62057943166644,27.5618647887778));
#4261=CARTESIAN_POINT('',(35.3369876549351,3.81979177493062,28.2359246680727));
#4262=CARTESIAN_POINT('Origin',(31.6613302354685,3.5501867524662,28.996893741018));
#4263=CARTESIAN_POINT('',(32.8301166960706,2.99279911774438,31.6166108146285));
#4264=CARTESIAN_POINT('',(31.5271541089698,3.39169282442735,29.0402116570875));
#4265=CARTESIAN_POINT('',(32.8301166960706,2.99279911774438,31.6166108146285));
#4266=CARTESIAN_POINT('Origin',(33.359066965348,3.52238311527125,29.1764735795702));
#4267=CARTESIAN_POINT('',(33.6934311077452,3.37035970157433,29.1779993404363));
#4268=CARTESIAN_POINT('',(33.4160816336478,3.35292131295047,29.2906314752799));
#4269=CARTESIAN_POINT('',(33.4547600471655,3.7014464396468,29.0003007838545));
#4270=CARTESIAN_POINT('Origin',(33.2181539411574,3.38023610827021,30.0945813936289));
#4271=CARTESIAN_POINT('',(33.3597392923215,3.22442344133485,30.1205814159026));
#4272=CARTESIAN_POINT('Origin',(31.6495991278549,2.95891677640662,29.2211257739756));
#4273=CARTESIAN_POINT('',(31.6495991278549,2.95891677640662,29.2211257739756));
#4274=CARTESIAN_POINT('',(31.6495991278549,2.95891677640662,29.2211257739756));
#4275=CARTESIAN_POINT('',(32.8301166960706,2.59750883326859,31.5554095809886));
#4276=CARTESIAN_POINT('',(29.9310179345074,3.48504947525515,25.8229076036762));
#4277=CARTESIAN_POINT('',(32.8301166960706,2.59750883326859,31.5554095809886));
#4278=CARTESIAN_POINT('Origin',(29.172509165612,3.15601702400502,27.9480825964174));
#4279=CARTESIAN_POINT('',(29.172509165612,3.15601702400502,27.9480825964174));
#4280=CARTESIAN_POINT('',(29.172509165612,3.15601702400502,27.9480825964174));
#4281=CARTESIAN_POINT('',(24.4564808771448,3.5312679666459,25.524388774507));
#4282=CARTESIAN_POINT('Origin',(31.7224549104565,3.30923560626607,26.9584650124761));
#4283=CARTESIAN_POINT('',(31.7224549104565,3.30923560626607,26.9584650124761));
#4284=CARTESIAN_POINT('',(31.7224549104565,3.30923560626607,26.9584650124761));
#4285=CARTESIAN_POINT('',(25.2994336643787,2.92329554807212,29.4511983500378));
#4286=CARTESIAN_POINT('Origin',(32.8975581369583,3.65834629714813,24.7036074531615));
#4287=CARTESIAN_POINT('',(32.8975581369583,3.65834629714813,24.7036074531615));
#4288=CARTESIAN_POINT('',(32.8975581369583,3.65834629714813,24.7036074531615));
#4289=CARTESIAN_POINT('',(30.6108905932747,2.97900165066165,29.0914003552913));
#4290=CARTESIAN_POINT('Origin',(33.7548490409929,3.28706205197577,27.1016809259791));
#4291=CARTESIAN_POINT('',(33.7548490409929,3.28706205197577,27.1016809259791));
#4292=CARTESIAN_POINT('',(33.7548490409929,3.28706205197577,27.1016809259791));
#4293=CARTESIAN_POINT('',(32.9564159532193,3.63285555674705,24.8682486119317));
#4294=CARTESIAN_POINT('Origin',(36.0965066980531,3.12616314522866,28.1409046611432));
#4295=CARTESIAN_POINT('',(36.0965066980531,3.12616314522866,28.1409046611432));
#4296=CARTESIAN_POINT('',(36.0965066980531,3.12616314522866,28.1409046611432));
#4297=CARTESIAN_POINT('',(28.1963440203196,3.66899549911232,24.6348257338479));
#4298=CARTESIAN_POINT('Origin',(33.6934311077452,2.97506941709853,29.1167981067964));
#4299=CARTESIAN_POINT('',(33.6934311077452,2.97506941709853,29.1167981067964));
#4300=CARTESIAN_POINT('',(33.6934311077452,2.97506941709853,29.1167981067964));
#4301=CARTESIAN_POINT('',(26.8847362012078,2.54697173208252,31.8818217121879));
#4302=CARTESIAN_POINT('Origin',(32.8301166960706,2.59750883326859,31.5554095809886));
#4303=CARTESIAN_POINT('',(32.5661943045977,2.48208542452803,32.3009133782597));
#4304=CARTESIAN_POINT('Origin',(17.2459054755574,3.17260234401413,27.8409603135056));
#4305=CARTESIAN_POINT('',(-0.424298627329342,2.20868291418568,34.0667822939994));
#4306=CARTESIAN_POINT('',(-0.42429862732934,4.13652177384258,21.6151383330119));
#4307=CARTESIAN_POINT('',(-0.424298627329342,2.11267347891309,34.6868939277708));
#4308=CARTESIAN_POINT('',(-0.404094524442613,2.20559162413254,34.0867485079435));
#4309=CARTESIAN_POINT('Origin',(-0.404094524442613,2.20868291418568,34.0667822939994));
#4310=CARTESIAN_POINT('',(36.8959054755574,2.20559162413255,34.0867485079435));
#4311=CARTESIAN_POINT('',(2.94690547555739,2.20559162413254,34.0867485079435));
#4312=CARTESIAN_POINT('',(36.9161095784441,2.20868291418568,34.0667822939994));
#4313=CARTESIAN_POINT('Origin',(36.8959054755574,2.20868291418568,34.0667822939994));
#4314=CARTESIAN_POINT('',(36.9161095784441,4.13652177384258,21.6151383330119));
#4315=CARTESIAN_POINT('',(36.9161095784441,1.14875404908464,40.9127159082645));
#4316=CARTESIAN_POINT('',(36.8959054755574,4.13961306389572,21.5951721190677));
#4317=CARTESIAN_POINT('Origin',(36.8959054755574,4.13652177384258,21.6151383330119));
#4318=CARTESIAN_POINT('',(-0.404094524442613,4.13961306389572,21.5951721190677));
#4319=CARTESIAN_POINT('',(22.5969054755574,4.13961306389572,21.5951721190677));
#4320=CARTESIAN_POINT('Origin',(-0.404094524442613,4.13652177384258,21.6151383330119));
#4321=CARTESIAN_POINT('',(4.79775235246493,2.40758692351536,32.782088869453));
#4322=CARTESIAN_POINT('',(27.3003299095352,2.40758692351536,32.782088869453));
#4323=CARTESIAN_POINT('',(36.0959054755574,2.40758692351536,32.782088869453));
#4324=CARTESIAN_POINT('',(3.79775235246493,2.56059000761512,31.7938631582635));
#4325=CARTESIAN_POINT('Origin',(4.79775235246493,2.56059000761512,31.7938631582635));
#4326=CARTESIAN_POINT('',(3.79775235246493,3.78461468041315,23.8880574687477));
#4327=CARTESIAN_POINT('',(3.79775235246493,2.33108538146549,33.2762017250478));
#4328=CARTESIAN_POINT('',(4.79775235246493,3.9376177645129,22.8998317575582));
#4329=CARTESIAN_POINT('Origin',(4.79775235246493,3.78461468041315,23.8880574687477));
#4330=CARTESIAN_POINT('',(27.3003299095352,3.9376177645129,22.8998317575582));
#4331=CARTESIAN_POINT('',(-1.60409452444261,3.9376177645129,22.8998317575582));
#4332=CARTESIAN_POINT('',(28.3003299095352,3.78461468041315,23.8880574687477));
#4333=CARTESIAN_POINT('Origin',(27.3003299095352,3.78461468041315,23.8880574687477));
#4334=CARTESIAN_POINT('',(28.3003299095352,2.56059000761512,31.7938631582635));
#4335=CARTESIAN_POINT('',(28.3003299095352,2.33108538146549,33.2762017250478));
#4336=CARTESIAN_POINT('Origin',(27.3003299095352,2.56059000761512,31.7938631582635));
#4337=CARTESIAN_POINT('Origin',(-0.424298627329342,1.1244477677236,34.533890843671));
#4338=CARTESIAN_POINT('Origin',(-0.42429862732934,3.1482960626531,21.4621352489121));
#4339=CARTESIAN_POINT('Origin',(-0.424298627329342,1.2204572029962,33.9137792098996));
#4340=CARTESIAN_POINT('Ctrl Pts',(-1.40409452444261,3.34594120489099,21.492735865732));
#4341=CARTESIAN_POINT('Ctrl Pts',(-1.40409452444288,3.49894428899079,20.5045101545423));
#4342=CARTESIAN_POINT('Ctrl Pts',(-0.404094524442613,3.49894428899075,20.5045101545426));
#4343=CARTESIAN_POINT('Ctrl Pts',(-1.24079520825707,4.13652177384258,21.6151383330118));
#4344=CARTESIAN_POINT('Ctrl Pts',(-1.24079520825729,4.2645395589346,20.7882892046964));
#4345=CARTESIAN_POINT('Ctrl Pts',(-0.404094524442613,4.26453955893457,20.7882892046966));
#4346=CARTESIAN_POINT('Ctrl Pts',(-0.424298627329341,4.13652177384258,21.6151383330118));
#4347=CARTESIAN_POINT('Ctrl Pts',(-0.424298627329347,4.13961306389572,21.5951721190677));
#4348=CARTESIAN_POINT('Ctrl Pts',(-0.404094524442613,4.13961306389572,21.5951721190677));
#4349=CARTESIAN_POINT('Origin',(-0.404094524442613,3.15138735270624,21.4421690349679));
#4350=CARTESIAN_POINT('Ctrl Pts',(-0.404094524442613,1.26509926113434,34.932605537909));
#4351=CARTESIAN_POINT('Ctrl Pts',(-1.40409452444388,1.26509926113415,34.9326055379103));
#4352=CARTESIAN_POINT('Ctrl Pts',(-1.40409452444261,1.41810234523409,33.9443798267196));
#4353=CARTESIAN_POINT('Ctrl Pts',(-0.404094524442613,2.0806651290937,34.8936314223146));
#4354=CARTESIAN_POINT('Ctrl Pts',(-1.24079520825813,2.08066512909354,34.8936314223157));
#4355=CARTESIAN_POINT('Ctrl Pts',(-1.24079520825707,2.20868291418568,34.0667822939994));
#4356=CARTESIAN_POINT('Ctrl Pts',(-0.404094524442613,2.20559162413254,34.0867485079435));
#4357=CARTESIAN_POINT('Ctrl Pts',(-0.424298627329367,2.20559162413254,34.0867485079436));
#4358=CARTESIAN_POINT('Ctrl Pts',(-0.424298627329342,2.20868291418568,34.0667822939994));
#4359=CARTESIAN_POINT('Origin',(-0.404094524442613,1.21736591294306,33.9337454238438));
#4360=CARTESIAN_POINT('Origin',(22.5969054755574,3.15138735270624,21.4421690349679));
#4361=CARTESIAN_POINT('Origin',(36.8959054755574,3.15138735270624,21.4421690349679));
#4362=CARTESIAN_POINT('Origin',(2.94690547555739,1.21736591294306,33.9337454238438));
#4363=CARTESIAN_POINT('Origin',(36.8959054755573,1.21736591294306,33.9337454238438));
#4364=CARTESIAN_POINT('Ctrl Pts',(36.8959054755578,3.49894428899075,20.5045101545426));
#4365=CARTESIAN_POINT('Ctrl Pts',(37.8959054755591,3.49894428899088,20.5045101545417));
#4366=CARTESIAN_POINT('Ctrl Pts',(37.8959054755574,3.34594120489093,21.4927358657325));
#4367=CARTESIAN_POINT('Ctrl Pts',(36.8959054755578,4.26453955893457,20.7882892046966));
#4368=CARTESIAN_POINT('Ctrl Pts',(37.7326061593733,4.26453955893468,20.7882892046959));
#4369=CARTESIAN_POINT('Ctrl Pts',(37.7326061593718,4.13652177384253,21.6151383330122));
#4370=CARTESIAN_POINT('Ctrl Pts',(36.8959054755574,4.13961306389572,21.5951721190677));
#4371=CARTESIAN_POINT('Ctrl Pts',(36.9161095784441,4.13961306389572,21.5951721190677));
#4372=CARTESIAN_POINT('Ctrl Pts',(36.9161095784441,4.13652177384258,21.6151383330119));
#4373=CARTESIAN_POINT('Origin',(36.9161095784441,3.1482960626531,21.4621352489121));
#4374=CARTESIAN_POINT('Ctrl Pts',(37.8959054755574,1.41810234523355,33.944379826723));
#4375=CARTESIAN_POINT('Ctrl Pts',(37.8959054755568,1.26509926112135,34.9326055379929));
#4376=CARTESIAN_POINT('Ctrl Pts',(36.8959054754754,1.26509926113434,34.932605537909));
#4377=CARTESIAN_POINT('Ctrl Pts',(37.7326061593718,2.20868291418523,34.0667822940023));
#4378=CARTESIAN_POINT('Ctrl Pts',(37.7326061593713,2.08066512908283,34.8936314223848));
#4379=CARTESIAN_POINT('Ctrl Pts',(36.8959054754888,2.0806651290937,34.8936314223146));
#4380=CARTESIAN_POINT('Ctrl Pts',(36.9161095784441,2.20868291418567,34.0667822939994));
#4381=CARTESIAN_POINT('Ctrl Pts',(36.9161095784441,2.20559162413228,34.0867485079452));
#4382=CARTESIAN_POINT('Ctrl Pts',(36.8959054755557,2.20559162413255,34.0867485079435));
#4383=CARTESIAN_POINT('Origin',(36.9161095784441,1.2204572029962,33.9137792098996));
#4384=CARTESIAN_POINT('Origin',(36.9161095784441,0.160528337895153,40.7597128241648));
#4385=CARTESIAN_POINT('Origin',(17.2459054755574,3.17260234401413,27.8409603135056));
#4386=CARTESIAN_POINT('Origin',(-1.20409452444261,0.578995164127745,21.5702978248652));
#4387=CARTESIAN_POINT('',(-2.20409452444261,2.52827037944901,21.872096408252));
#4388=CARTESIAN_POINT('',(-1.50409452444261,2.67422601930945,20.9293891625002));
#4389=CARTESIAN_POINT('Origin',(-1.20409452444261,2.52827037944901,21.872096408252));
#4390=CARTESIAN_POINT('',(-2.20409452444261,0.578995164127745,21.5702978248652));
#4391=CARTESIAN_POINT('',(-1.20409452444261,2.97774117690561,20.9297716222924));
#4392=CARTESIAN_POINT('',(-1.20409452444261,0.731998248227499,20.5820721136757));
#4393=CARTESIAN_POINT('Origin',(-1.20409452444261,2.82473809280585,21.9179973334819));
#4394=CARTESIAN_POINT('Origin',(-2.20409452444261,1.64085249167043,27.603805533151));
#4395=CARTESIAN_POINT('',(-2.20409452444261,0.753434603891859,33.33551465805));
#4396=CARTESIAN_POINT('',(-2.20409452444261,1.12064200573127,30.9637729511952));
#4397=CARTESIAN_POINT('',(-2.20409452444261,-1.1958406114294,33.0337160746632));
#4398=CARTESIAN_POINT('Origin',(-2.20409452444261,0.600431519792105,34.3237403692395));
#4399=CARTESIAN_POINT('',(-1.50409452444261,0.60747896403141,34.2782219038018));
#4400=CARTESIAN_POINT('',(-1.50409452444261,1.12064200573127,30.9637729511952));
#4401=CARTESIAN_POINT('Origin',(-1.20409452444261,0.753434603891859,33.33551465805));
#4402=CARTESIAN_POINT('Origin',(-1.20409452444261,-1.1958406114294,33.0337160746632));
#4403=CARTESIAN_POINT('',(-1.20409452444261,0.896899233148953,34.3696412944694));
#4404=CARTESIAN_POINT('Origin',(-1.20409452444261,1.04990231724871,33.3814155832799));
#4405=CARTESIAN_POINT('',(-1.20409452444261,-1.34884369552915,34.0219417858527));
#4406=CARTESIAN_POINT('Origin',(33.8479054755574,-3.29811891085041,33.7201432024659));
#4407=CARTESIAN_POINT('',(-1.00409452444261,1.09454437538685,34.4002419112894));
#4408=CARTESIAN_POINT('',(6.47265547555738,8.48326096152283,35.5442077203322));
#4409=CARTESIAN_POINT('',(-1.00409452444261,1.34160080318422,34.4384926823143));
#4410=CARTESIAN_POINT('',(-1.00409452444261,-1.16355137468113,34.0506298641214));
#4411=CARTESIAN_POINT('',(36.8959054755574,1.34160080318422,34.4384926823143));
#4412=CARTESIAN_POINT('',(25.5469054755574,1.34160080318422,34.4384926823143));
#4413=CARTESIAN_POINT('',(36.8959054755574,-3.29811891085042,33.7201432024659));
#4414=CARTESIAN_POINT('Origin',(-1.25409452444261,1.36769843352864,31.0020237222202));
#4415=CARTESIAN_POINT('',(-1.00409452444261,3.1753863191435,20.9603722391124));
#4416=CARTESIAN_POINT('',(3.22265547555738,7.35236934391366,21.607078024831));
#4417=CARTESIAN_POINT('',(-1.00409452444261,1.61475486132601,31.0402744932451));
#4418=CARTESIAN_POINT('Origin',(19.0469054755574,3.6312484037133,21.2839302089596));
#4419=CARTESIAN_POINT('',(-1.00409452444261,3.84005406048574,21.5692374077819));
#4420=CARTESIAN_POINT('',(-1.00409452444261,3.42244274694087,20.9986230101373));
#4421=CARTESIAN_POINT('',(-1.00409452444261,6.36660250743217,25.0214545135319));
#4422=CARTESIAN_POINT('',(36.8959054755574,3.42244274694087,20.9986230101373));
#4423=CARTESIAN_POINT('',(19.0469054755574,3.42244274694087,20.9986230101373));
#4424=CARTESIAN_POINT('',(36.8959054755574,3.84005406048574,21.5692374077819));
#4425=CARTESIAN_POINT('',(36.8959054755574,3.42244274694087,20.9986230101373));
#4426=CARTESIAN_POINT('',(19.0469054755574,3.84005406048574,21.5692374077819));
#4427=CARTESIAN_POINT('Origin',(-1.00409452444261,2.01143713336649,27.6611816896884));
#4428=CARTESIAN_POINT('',(-1.00409452444261,0.917290569075528,20.6107601919444));
#4429=CARTESIAN_POINT('',(-1.00409452444261,1.91221520082884,34.0208813687694));
#4430=CARTESIAN_POINT('',(-1.00409452444261,2.35592414471812,31.1550268063199));
#4431=CARTESIAN_POINT('',(-1.00409452444261,1.48425440259537,34.3340898539281));
#4432=CARTESIAN_POINT('Origin',(20.8479054755574,-1.21727696709376,20.280273530289));
#4433=CARTESIAN_POINT('',(36.8959054755574,-1.21727696709376,20.280273530289));
#4434=CARTESIAN_POINT('Origin',(25.5469054755574,1.62690800200653,34.2296870255419));
#4435=CARTESIAN_POINT('',(36.8959054755574,1.91221520082884,34.0208813687694));
#4436=CARTESIAN_POINT('',(25.5469054755574,1.91221520082884,34.0208813687694));
#4437=CARTESIAN_POINT('',(36.8959054755574,1.91221520082884,34.0208813687694));
#4438=CARTESIAN_POINT('Origin',(17.2459054755574,2.87613463065729,27.7950593882757));
#4439=CARTESIAN_POINT('',(36.8959054755574,3.28886045001637,25.129320532342));
#4440=CARTESIAN_POINT('',(28.3003299095352,2.26412229425827,31.7479622330336));
#4441=CARTESIAN_POINT('',(27.3003299095352,2.11111921015852,32.7361879442231));
#4442=CARTESIAN_POINT('Origin',(27.3003299095352,2.26412229425827,31.7479622330336));
#4443=CARTESIAN_POINT('',(28.3003299095352,3.4881469670563,23.8421565435177));
#4444=CARTESIAN_POINT('',(28.3003299095352,2.03461766810864,33.2303007998178));
#4445=CARTESIAN_POINT('',(27.3003299095352,3.64115005115606,22.8539308323283));
#4446=CARTESIAN_POINT('Origin',(27.3003299095352,3.4881469670563,23.8421565435177));
#4447=CARTESIAN_POINT('',(4.79775235246493,3.64115005115606,22.8539308323283));
#4448=CARTESIAN_POINT('',(-1.60409452444261,3.64115005115606,22.8539308323283));
#4449=CARTESIAN_POINT('',(3.79775235246493,3.4881469670563,23.8421565435177));
#4450=CARTESIAN_POINT('Origin',(4.79775235246493,3.4881469670563,23.8421565435177));
#4451=CARTESIAN_POINT('',(3.79775235246493,2.26412229425827,31.7479622330336));
#4452=CARTESIAN_POINT('',(3.79775235246493,2.03461766810864,33.2303007998178));
#4453=CARTESIAN_POINT('',(4.79775235246493,2.11111921015852,32.7361879442231));
#4454=CARTESIAN_POINT('Origin',(4.79775235246493,2.26412229425827,31.7479622330336));
#4455=CARTESIAN_POINT('',(36.0959054755574,2.11111921015852,32.7361879442231));
#4456=CARTESIAN_POINT('Origin',(-7.05209452444262,-2.88577559920158,31.0568749108103));
#4457=CARTESIAN_POINT('',(-4.05209452444262,-2.88577559920158,31.0568749108103));
#4458=CARTESIAN_POINT('',(-7.05209452444262,-3.34478485150084,34.0215520443787));
#4459=CARTESIAN_POINT('Origin',(-4.05209452444262,-1.43224630025392,21.6687306545102));
#4460=CARTESIAN_POINT('',(-4.05209452444262,-1.66175092640355,23.1510692212944));
#4461=CARTESIAN_POINT('Origin',(-16.0520945244426,-2.88577559920158,31.0568749108103));
#4462=CARTESIAN_POINT('',(-19.0520945244426,-2.88577559920158,31.0568749108103));
#4463=CARTESIAN_POINT('',(-16.0520945244426,-3.34478485150084,34.0215520443787));
#4464=CARTESIAN_POINT('Origin',(-19.0520945244426,-3.42128639355072,34.5156648999735));
#4465=CARTESIAN_POINT('',(-19.0520945244426,-1.66175092640355,23.1510692212944));
#4466=CARTESIAN_POINT('Origin',(-16.0520945244426,-1.66175092640355,23.1510692212944));
#4467=CARTESIAN_POINT('',(-16.0520945244426,-1.20274167410428,20.186392087726));
#4468=CARTESIAN_POINT('Origin',(-7.05209452444262,-1.66175092640355,23.1510692212944));
#4469=CARTESIAN_POINT('',(-7.05209452444262,-1.20274167410428,20.186392087726));
#4470=CARTESIAN_POINT('Origin',(-17.2520945244426,-1.20274167410428,20.186392087726));
#4471=CARTESIAN_POINT('Origin',(-4.25209452444261,-3.34478485150084,34.0215520443787));
#4472=CARTESIAN_POINT('Origin',(27.3003299095352,2.26412229425827,31.7479622330336));
#4473=CARTESIAN_POINT('',(28.3003299095352,2.26412229425827,31.7479622330336));
#4474=CARTESIAN_POINT('',(27.3003299095352,2.11111921015852,32.7361879442231));
#4475=CARTESIAN_POINT('Origin',(28.3003299095352,3.71765159320593,22.3598179767335));
#4476=CARTESIAN_POINT('',(28.3003299095352,3.4881469670563,23.8421565435177));
#4477=CARTESIAN_POINT('Origin',(27.3003299095352,3.4881469670563,23.8421565435177));
#4478=CARTESIAN_POINT('',(27.3003299095352,3.64115005115606,22.8539308323283));
#4479=CARTESIAN_POINT('Origin',(4.79775235246493,2.26412229425827,31.7479622330336));
#4480=CARTESIAN_POINT('',(3.79775235246493,2.26412229425827,31.7479622330336));
#4481=CARTESIAN_POINT('',(4.79775235246493,2.11111921015852,32.7361879442231));
#4482=CARTESIAN_POINT('Origin',(3.79775235246493,2.03461766810864,33.2303007998178));
#4483=CARTESIAN_POINT('',(3.79775235246493,3.4881469670563,23.8421565435177));
#4484=CARTESIAN_POINT('Origin',(4.79775235246493,3.4881469670563,23.8421565435177));
#4485=CARTESIAN_POINT('',(4.79775235246493,3.64115005115606,22.8539308323283));
#4486=CARTESIAN_POINT('Origin',(3.29775235246493,3.64115005115606,22.8539308323283));
#4487=CARTESIAN_POINT('Origin',(28.8003299095352,2.11111921015852,32.7361879442231));
#4488=CARTESIAN_POINT('Origin',(37.1459054755574,3.041804022219,25.0910697613171));
#4489=CARTESIAN_POINT('',(37.3959054755574,1.41810234523409,33.9443798267196));
#4490=CARTESIAN_POINT('',(37.3959054755574,1.41810234523409,33.9443798267196));
#4491=CARTESIAN_POINT('',(37.3959054755574,3.34594120489099,21.492735865732));
#4492=CARTESIAN_POINT('',(36.8959054755574,3.84005406048574,21.5692374077819));
#4493=CARTESIAN_POINT('',(37.3959054755574,2.79474759442163,25.0528189902922));
#4494=CARTESIAN_POINT('Origin',(36.8959054755574,1.41810234523409,33.9443798267196));
#4495=CARTESIAN_POINT('Origin',(36.8959054755574,1.41810234523409,33.9443798267196));
#4496=CARTESIAN_POINT('Origin',(36.8959054755574,3.34594120489099,21.492735865732));
#4497=CARTESIAN_POINT('Origin',(36.8959054755574,3.34594120489099,21.492735865732));
#4498=CARTESIAN_POINT('Origin',(36.8959054755574,-3.22161736880054,33.2260303468712));
#4499=CARTESIAN_POINT('',(37.3959054755574,-3.22161736880054,33.2260303468712));
#4500=CARTESIAN_POINT('Origin',(37.3959054755574,-1.43224630025392,21.6687306545102));
#4501=CARTESIAN_POINT('',(37.3959054755574,-1.29377850914364,20.7743863858837));
#4502=CARTESIAN_POINT('Origin',(36.8959054755574,-1.29377850914364,20.7743863858837));
#4503=CARTESIAN_POINT('Origin',(15.2979054755574,-7.26166380445454,59.3201302508296));
#4504=CARTESIAN_POINT('',(15.2979054755574,-9.25070389775134,72.1670644962929));
#4505=CARTESIAN_POINT('',(15.2979054755574,-7.26166380445454,59.3201302508296));
#4506=CARTESIAN_POINT('Origin',(14.7979054755574,-9.25070389775134,72.1670644962929));
#4507=CARTESIAN_POINT('',(14.7979054755574,-9.32720543980122,72.6611773518876));
#4508=CARTESIAN_POINT('Origin',(14.7979054755574,-9.32720543980122,72.6611773518876));
#4509=CARTESIAN_POINT('',(1.79790547555739,-9.32720543980122,72.6611773518876));
#4510=CARTESIAN_POINT('Origin',(1.79790547555739,-9.25070389775134,72.1670644962929));
#4511=CARTESIAN_POINT('',(1.29790547555739,-9.25070389775134,72.1670644962929));
#4512=CARTESIAN_POINT('Origin',(-3.75209452444262,-7.26166380445454,59.3201302508296));
#4513=CARTESIAN_POINT('',(-3.75209452444262,-9.25070389775134,72.1670644962929));
#4514=CARTESIAN_POINT('',(-3.75209452444261,-7.26166380445454,59.3201302508296));
#4515=CARTESIAN_POINT('Origin',(-4.25209452444261,-9.25070389775134,72.1670644962929));
#4516=CARTESIAN_POINT('',(-4.25209452444261,-9.32720543980122,72.6611773518876));
#4517=CARTESIAN_POINT('Origin',(-4.25209452444261,-9.32720543980122,72.6611773518876));
#4518=CARTESIAN_POINT('',(-17.2520945244426,-9.32720543980122,72.6611773518876));
#4519=CARTESIAN_POINT('Origin',(-17.2520945244426,-9.25070389775134,72.1670644962929));
#4520=CARTESIAN_POINT('',(-17.7520945244426,-9.25070389775134,72.1670644962929));
#4521=CARTESIAN_POINT('Origin',(15.2979054755574,-4.34695505235423,40.4944304526699));
#4522=CARTESIAN_POINT('',(15.2979054755574,-6.33599514565103,53.3413646981332));
#4523=CARTESIAN_POINT('',(15.2979054755574,-4.34695505235423,40.4944304526699));
#4524=CARTESIAN_POINT('Origin',(14.7979054755574,-6.33599514565103,53.3413646981332));
#4525=CARTESIAN_POINT('',(14.7979054755574,-6.41249668770091,53.8354775537279));
#4526=CARTESIAN_POINT('Origin',(14.7979054755574,-6.41249668770091,53.8354775537279));
#4527=CARTESIAN_POINT('',(1.79790547555739,-6.41249668770091,53.8354775537279));
#4528=CARTESIAN_POINT('Origin',(1.79790547555739,-6.33599514565103,53.3413646981332));
#4529=CARTESIAN_POINT('',(1.29790547555739,-6.33599514565103,53.3413646981332));
#4530=CARTESIAN_POINT('Origin',(34.3479054755574,-4.34695505235423,40.4944304526699));
#4531=CARTESIAN_POINT('',(34.3479054755574,-6.33599514565103,53.3413646981332));
#4532=CARTESIAN_POINT('',(34.3479054755574,-4.34695505235423,40.4944304526699));
#4533=CARTESIAN_POINT('Origin',(33.8479054755574,-6.33599514565103,53.3413646981332));
#4534=CARTESIAN_POINT('',(33.8479054755574,-6.41249668770091,53.8354775537279));
#4535=CARTESIAN_POINT('Origin',(33.8479054755574,-6.41249668770091,53.8354775537279));
#4536=CARTESIAN_POINT('',(20.8479054755574,-6.41249668770091,53.8354775537279));
#4537=CARTESIAN_POINT('Origin',(20.8479054755574,-6.33599514565103,53.3413646981332));
#4538=CARTESIAN_POINT('',(20.3479054755574,-6.33599514565103,53.3413646981332));
#4539=CARTESIAN_POINT('Origin',(-4.25209452444261,-6.41249668770091,53.8354775537279));
#4540=CARTESIAN_POINT('',(-17.2520945244426,-6.41249668770091,53.8354775537279));
#4541=CARTESIAN_POINT('',(-4.25209452444261,-6.41249668770091,53.8354775537279));
#4542=CARTESIAN_POINT('Origin',(-17.2520945244426,-6.33599514565103,53.3413646981332));
#4543=CARTESIAN_POINT('',(-17.7520945244426,-6.33599514565103,53.3413646981332));
#4544=CARTESIAN_POINT('Origin',(-17.7520945244426,-6.33599514565103,53.3413646981332));
#4545=CARTESIAN_POINT('',(-17.7520945244426,-4.34695505235423,40.4944304526699));
#4546=CARTESIAN_POINT('Origin',(-17.2520945244426,-4.34695505235423,40.4944304526699));
#4547=CARTESIAN_POINT('',(-17.2520945244426,-4.27045351030435,40.0003175970751));
#4548=CARTESIAN_POINT('Origin',(34.3479054755574,-7.26166380445454,59.3201302508296));
#4549=CARTESIAN_POINT('',(34.3479054755574,-9.25070389775134,72.1670644962929));
#4550=CARTESIAN_POINT('',(34.3479054755574,-7.26166380445454,59.3201302508296));
#4551=CARTESIAN_POINT('Origin',(33.8479054755574,-9.25070389775134,72.1670644962929));
#4552=CARTESIAN_POINT('',(33.8479054755574,-9.32720543980122,72.6611773518876));
#4553=CARTESIAN_POINT('Origin',(33.8479054755574,-9.32720543980122,72.6611773518876));
#4554=CARTESIAN_POINT('',(20.8479054755574,-9.32720543980122,72.6611773518876));
#4555=CARTESIAN_POINT('Origin',(20.8479054755574,-9.25070389775134,72.1670644962929));
#4556=CARTESIAN_POINT('',(20.3479054755574,-9.25070389775134,72.1670644962929));
#4557=CARTESIAN_POINT('Origin',(1.29790547555739,-9.25070389775134,72.1670644962929));
#4558=CARTESIAN_POINT('',(1.29790547555739,-7.26166380445454,59.3201302508296));
#4559=CARTESIAN_POINT('Origin',(1.79790547555739,-7.26166380445454,59.3201302508296));
#4560=CARTESIAN_POINT('',(1.79790547555739,-7.18516226240467,58.8260173952348));
#4561=CARTESIAN_POINT('Origin',(-17.7520945244426,-9.25070389775134,72.1670644962929));
#4562=CARTESIAN_POINT('',(-17.7520945244426,-7.26166380445454,59.3201302508296));
#4563=CARTESIAN_POINT('Origin',(-17.2520945244426,-7.26166380445454,59.3201302508296));
#4564=CARTESIAN_POINT('',(-17.2520945244426,-7.18516226240467,58.8260173952348));
#4565=CARTESIAN_POINT('Origin',(1.29790547555739,-6.33599514565103,53.3413646981332));
#4566=CARTESIAN_POINT('',(1.29790547555739,-4.34695505235423,40.4944304526699));
#4567=CARTESIAN_POINT('Origin',(1.79790547555739,-4.34695505235423,40.4944304526699));
#4568=CARTESIAN_POINT('',(1.79790547555739,-4.27045351030435,40.0003175970751));
#4569=CARTESIAN_POINT('Origin',(20.3479054755574,-6.33599514565103,53.3413646981332));
#4570=CARTESIAN_POINT('',(20.3479054755574,-4.34695505235423,40.4944304526699));
#4571=CARTESIAN_POINT('Origin',(20.8479054755574,-4.34695505235423,40.4944304526699));
#4572=CARTESIAN_POINT('',(20.8479054755574,-4.27045351030435,40.0003175970751));
#4573=CARTESIAN_POINT('Origin',(-17.2520945244426,-4.27045351030435,40.0003175970751));
#4574=CARTESIAN_POINT('',(-4.25209452444261,-4.27045351030435,40.0003175970751));
#4575=CARTESIAN_POINT('Origin',(-4.25209452444261,-4.34695505235423,40.4944304526699));
#4576=CARTESIAN_POINT('',(-3.75209452444261,-4.34695505235423,40.4944304526699));
#4577=CARTESIAN_POINT('Origin',(20.3479054755574,-9.25070389775134,72.1670644962929));
#4578=CARTESIAN_POINT('',(20.3479054755574,-7.26166380445454,59.3201302508296));
#4579=CARTESIAN_POINT('Origin',(20.8479054755574,-7.26166380445454,59.3201302508296));
#4580=CARTESIAN_POINT('',(20.8479054755574,-7.18516226240467,58.8260173952348));
#4581=CARTESIAN_POINT('Origin',(14.7979054755574,-7.26166380445454,59.3201302508296));
#4582=CARTESIAN_POINT('',(14.7979054755574,-7.18516226240467,58.8260173952348));
#4583=CARTESIAN_POINT('Origin',(1.79790547555739,-7.18516226240467,58.8260173952348));
#4584=CARTESIAN_POINT('Origin',(-4.25209452444261,-7.26166380445454,59.3201302508296));
#4585=CARTESIAN_POINT('',(-4.25209452444261,-7.18516226240467,58.8260173952348));
#4586=CARTESIAN_POINT('Origin',(-17.2520945244426,-7.18516226240467,58.8260173952348));
#4587=CARTESIAN_POINT('Origin',(14.7979054755574,-4.34695505235423,40.4944304526699));
#4588=CARTESIAN_POINT('',(14.7979054755574,-4.27045351030435,40.0003175970751));
#4589=CARTESIAN_POINT('Origin',(1.79790547555739,-4.27045351030435,40.0003175970751));
#4590=CARTESIAN_POINT('Origin',(33.8479054755574,-4.34695505235423,40.4944304526699));
#4591=CARTESIAN_POINT('',(33.8479054755574,-4.27045351030435,40.0003175970751));
#4592=CARTESIAN_POINT('Origin',(20.8479054755574,-4.27045351030435,40.0003175970751));
#4593=CARTESIAN_POINT('Origin',(-4.25209452444261,-6.33599514565103,53.3413646981332));
#4594=CARTESIAN_POINT('',(-3.75209452444261,-6.33599514565103,53.3413646981332));
#4595=CARTESIAN_POINT('Origin',(-3.75209452444261,-4.34695505235423,40.4944304526699));
#4596=CARTESIAN_POINT('Origin',(33.8479054755574,-7.26166380445454,59.3201302508296));
#4597=CARTESIAN_POINT('',(33.8479054755574,-7.18516226240467,58.8260173952348));
#4598=CARTESIAN_POINT('Origin',(20.8479054755574,-7.18516226240467,58.8260173952348));
#4599=UNCERTAINTY_MEASURE_WITH_UNIT(LENGTH_MEASURE(0.01),#4603,
'DISTANCE_ACCURACY_VALUE',
'Maximum model space distance between geometric entities at asserted c
onnectivities');
#4600=UNCERTAINTY_MEASURE_WITH_UNIT(LENGTH_MEASURE(0.01),#4603,
'DISTANCE_ACCURACY_VALUE',
'Maximum model space distance between geometric entities at asserted c
onnectivities');
#4601=(
GEOMETRIC_REPRESENTATION_CONTEXT(3)
GLOBAL_UNCERTAINTY_ASSIGNED_CONTEXT((#4599))
GLOBAL_UNIT_ASSIGNED_CONTEXT((#4603,#4604,#4605))
REPRESENTATION_CONTEXT('','3D')
);
#4602=(
GEOMETRIC_REPRESENTATION_CONTEXT(3)
GLOBAL_UNCERTAINTY_ASSIGNED_CONTEXT((#4600))
GLOBAL_UNIT_ASSIGNED_CONTEXT((#4603,#4604,#4605))
REPRESENTATION_CONTEXT('','3D')
);
#4603=(
LENGTH_UNIT()
NAMED_UNIT(*)
SI_UNIT(.MILLI.,.METRE.)
);
#4604=(
NAMED_UNIT(*)
PLANE_ANGLE_UNIT()
SI_UNIT($,.RADIAN.)
);
#4605=(
NAMED_UNIT(*)
SI_UNIT($,.STERADIAN.)
SOLID_ANGLE_UNIT()
);
#4606=SHAPE_DEFINITION_REPRESENTATION(#4607,#4608);
#4607=PRODUCT_DEFINITION_SHAPE('',$,#4610);
#4608=SHAPE_REPRESENTATION('',(#2603),#4601);
#4609=PRODUCT_DEFINITION_CONTEXT('part definition',#4614,'design');
#4610=PRODUCT_DEFINITION('2026-07-15-16-57-15-952','NinjapadV2 Final',#4611,
#4609);
#4611=PRODUCT_DEFINITION_FORMATION('',$,#4616);
#4612=PRODUCT_RELATED_PRODUCT_CATEGORY('NinjapadV2 Final',
'NinjapadV2 Final',(#4616));
#4613=APPLICATION_PROTOCOL_DEFINITION('international standard',
'automotive_design',2009,#4614);
#4614=APPLICATION_CONTEXT(
'Core Data for Automotive Mechanical Design Process');
#4615=PRODUCT_CONTEXT('part definition',#4614,'mechanical');
#4616=PRODUCT('2026-07-15-16-57-15-952','NinjapadV2 Final',$,(#4615));
#4617=PRESENTATION_STYLE_ASSIGNMENT((#4624));
#4618=PRESENTATION_STYLE_ASSIGNMENT((#4625));
#4619=PRESENTATION_STYLE_ASSIGNMENT((#4626));
#4620=PRESENTATION_STYLE_ASSIGNMENT((#4627));
#4621=PRESENTATION_STYLE_ASSIGNMENT((#4628));
#4622=PRESENTATION_STYLE_ASSIGNMENT((#4629));
#4623=PRESENTATION_STYLE_ASSIGNMENT((#4630));
#4624=SURFACE_STYLE_USAGE(.BOTH.,#4631);
#4625=SURFACE_STYLE_USAGE(.BOTH.,#4632);
#4626=SURFACE_STYLE_USAGE(.BOTH.,#4633);
#4627=SURFACE_STYLE_USAGE(.BOTH.,#4634);
#4628=SURFACE_STYLE_USAGE(.BOTH.,#4635);
#4629=SURFACE_STYLE_USAGE(.BOTH.,#4636);
#4630=SURFACE_STYLE_USAGE(.BOTH.,#4637);
#4631=SURFACE_SIDE_STYLE('',(#4638));
#4632=SURFACE_SIDE_STYLE('',(#4639));
#4633=SURFACE_SIDE_STYLE('',(#4640));
#4634=SURFACE_SIDE_STYLE('',(#4641));
#4635=SURFACE_SIDE_STYLE('',(#4642));
#4636=SURFACE_SIDE_STYLE('',(#4643));
#4637=SURFACE_SIDE_STYLE('',(#4644));
#4638=SURFACE_STYLE_FILL_AREA(#4645);
#4639=SURFACE_STYLE_FILL_AREA(#4646);
#4640=SURFACE_STYLE_FILL_AREA(#4647);
#4641=SURFACE_STYLE_FILL_AREA(#4648);
#4642=SURFACE_STYLE_FILL_AREA(#4649);
#4643=SURFACE_STYLE_FILL_AREA(#4650);
#4644=SURFACE_STYLE_FILL_AREA(#4651);
#4645=FILL_AREA_STYLE('Powder Coat (White)',(#4652));
#4646=FILL_AREA_STYLE('Paint - Enamel Glossy (Blue)',(#4653));
#4647=FILL_AREA_STYLE('ABS (White)',(#4654));
#4648=FILL_AREA_STYLE('Steel - Satin',(#4655));
#4649=FILL_AREA_STYLE('Aluminum - Anodized Rough (Blue)',(#4656));
#4650=FILL_AREA_STYLE('Paint - Enamel Glossy (White)',(#4657));
#4651=FILL_AREA_STYLE('Paint - Enamel Glossy (Yellow)',(#4658));
#4652=FILL_AREA_STYLE_COLOUR('Powder Coat (White)',#4659);
#4653=FILL_AREA_STYLE_COLOUR('Paint - Enamel Glossy (Blue)',#4660);
#4654=FILL_AREA_STYLE_COLOUR('ABS (White)',#4661);
#4655=FILL_AREA_STYLE_COLOUR('Steel - Satin',#4662);
#4656=FILL_AREA_STYLE_COLOUR('Aluminum - Anodized Rough (Blue)',#4663);
#4657=FILL_AREA_STYLE_COLOUR('Paint - Enamel Glossy (White)',#4664);
#4658=FILL_AREA_STYLE_COLOUR('Paint - Enamel Glossy (Yellow)',#4665);
#4659=COLOUR_RGB('Powder Coat (White)',0.964705882352941,0.964705882352941,
0.952941176470588);
#4660=COLOUR_RGB('Paint - Enamel Glossy (Blue)',0.188235294117647,0.231372549019608,
0.588235294117647);
#4661=COLOUR_RGB('ABS (White)',0.964705882352941,0.964705882352941,0.952941176470588);
#4662=COLOUR_RGB('Steel - Satin',0.627450980392157,0.627450980392157,0.627450980392157);
#4663=COLOUR_RGB('Aluminum - Anodized Rough (Blue)',0.117647058823529,0.419607843137255,
0.768627450980392);
#4664=COLOUR_RGB('Paint - Enamel Glossy (White)',0.964705882352941,0.964705882352941,
0.952941176470588);
#4665=COLOUR_RGB('Paint - Enamel Glossy (Yellow)',0.909803921568627,0.67843137254902,
0.137254901960784);
ENDSEC;
END-ISO-10303-21;
