ISO-10303-21;
HEADER;
/* Generated by software containing ST-Developer
 * from STEP Tools, Inc. (www.steptools.com) 
 */

FILE_DESCRIPTION(
/* description */ (''),
/* implementation_level */ '2;1');

FILE_NAME(
/* name */ 'NinjapadV2 Base.step',
/* time_stamp */ '2026-07-18T14:28:28+08:00',
/* author */ (''),
/* organization */ (''),
/* preprocessor_version */ 'ST-DEVELOPER v20.1',
/* originating_system */ 'Autodesk Translation Framework v15.8.0.0',
/* authorisation */ '');

FILE_SCHEMA (('AUTOMOTIVE_DESIGN { 1 0 10303 214 3 1 1 }'));
ENDSEC;

DATA;
#10=MECHANICAL_DESIGN_GEOMETRIC_PRESENTATION_REPRESENTATION('',(#13),#2230);
#11=SHAPE_REPRESENTATION_RELATIONSHIP('SRR','None',#2236,#12);
#12=ADVANCED_BREP_SHAPE_REPRESENTATION('',(#14),#2229);
#13=STYLED_ITEM('',(#2250),#14);
#14=MANIFOLD_SOLID_BREP('Body (1) (1)',#1283);
#15=B_SPLINE_CURVE_WITH_KNOTS('',3,(#2142,#2143,#2144,#2145,#2146,#2147,
#2148,#2149,#2150,#2151,#2152,#2153),.UNSPECIFIED.,.F.,.F.,(4,2,2,2,2,4),
(-0.000585538844067237,0.,0.0786406782353986,0.133060343237983,0.174056362250342,
0.191586669183373),.UNSPECIFIED.);
#16=B_SPLINE_CURVE_WITH_KNOTS('',3,(#2164,#2165,#2166,#2167),
 .UNSPECIFIED.,.F.,.F.,(4,4),(-0.444290653670394,-0.434175467384752),
 .UNSPECIFIED.);
#17=B_SPLINE_CURVE_WITH_KNOTS('',3,(#2175,#2176,#2177,#2178),
 .UNSPECIFIED.,.F.,.F.,(4,4),(0.43974113994751,0.460245330149056),
 .UNSPECIFIED.);
#18=TOROIDAL_SURFACE('',#1343,3.25,0.5);
#19=TOROIDAL_SURFACE('',#1348,3.25,0.5);
#20=TOROIDAL_SURFACE('',#1353,3.25,0.5);
#21=TOROIDAL_SURFACE('',#1358,3.25,0.5);
#22=TOROIDAL_SURFACE('',#1410,5.,1.);
#23=CONICAL_SURFACE('',#1318,1.75,0.785398163397448);
#24=CONICAL_SURFACE('',#1321,1.75,0.785398163397449);
#25=CONICAL_SURFACE('',#1324,1.75000000000001,0.785398163397447);
#26=CONICAL_SURFACE('',#1327,1.75,0.785398163397447);
#27=FACE_BOUND('',#172,.T.);
#28=FACE_BOUND('',#173,.T.);
#29=FACE_BOUND('',#174,.T.);
#30=FACE_BOUND('',#175,.T.);
#31=FACE_BOUND('',#195,.T.);
#32=FACE_BOUND('',#210,.T.);
#33=FACE_BOUND('',#211,.T.);
#34=FACE_BOUND('',#212,.T.);
#35=FACE_BOUND('',#213,.T.);
#36=FACE_BOUND('',#214,.T.);
#37=FACE_BOUND('',#252,.T.);
#38=ELLIPSE('',#1302,0.505956866334616,0.500000000000006);
#39=ELLIPSE('',#1303,0.505956866334618,0.500000000000009);
#40=ELLIPSE('',#1304,0.505956866334609,0.499999999999999);
#41=ELLIPSE('',#1305,0.505956866334613,0.500000000000003);
#42=ELLIPSE('',#1404,1.4142135623731,1.);
#43=ELLIPSE('',#1405,1.4142135623731,1.);
#44=ELLIPSE('',#1407,1.41421356237309,1.);
#45=ELLIPSE('',#1417,1.41421356237309,1.);
#46=ELLIPSE('',#1419,1.41421356237309,1.);
#47=PLANE('',#1288);
#48=PLANE('',#1292);
#49=PLANE('',#1296);
#50=PLANE('',#1300);
#51=PLANE('',#1301);
#52=PLANE('',#1308);
#53=PLANE('',#1313);
#54=PLANE('',#1316);
#55=PLANE('',#1317);
#56=PLANE('',#1320);
#57=PLANE('',#1323);
#58=PLANE('',#1326);
#59=PLANE('',#1331);
#60=PLANE('',#1334);
#61=PLANE('',#1339);
#62=PLANE('',#1362);
#63=PLANE('',#1365);
#64=PLANE('',#1366);
#65=PLANE('',#1378);
#66=PLANE('',#1382);
#67=PLANE('',#1385);
#68=PLANE('',#1388);
#69=PLANE('',#1391);
#70=PLANE('',#1394);
#71=PLANE('',#1395);
#72=PLANE('',#1401);
#73=PLANE('',#1402);
#74=PLANE('',#1413);
#75=PLANE('',#1421);
#76=PLANE('',#1425);
#77=PLANE('',#1426);
#78=PLANE('',#1427);
#79=PLANE('',#1428);
#80=PLANE('',#1429);
#81=PLANE('',#1433);
#82=PLANE('',#1434);
#83=FACE_OUTER_BOUND('',#163,.T.);
#84=FACE_OUTER_BOUND('',#164,.T.);
#85=FACE_OUTER_BOUND('',#165,.T.);
#86=FACE_OUTER_BOUND('',#166,.T.);
#87=FACE_OUTER_BOUND('',#167,.T.);
#88=FACE_OUTER_BOUND('',#168,.T.);
#89=FACE_OUTER_BOUND('',#169,.T.);
#90=FACE_OUTER_BOUND('',#170,.T.);
#91=FACE_OUTER_BOUND('',#171,.T.);
#92=FACE_OUTER_BOUND('',#176,.T.);
#93=FACE_OUTER_BOUND('',#177,.T.);
#94=FACE_OUTER_BOUND('',#178,.T.);
#95=FACE_OUTER_BOUND('',#179,.T.);
#96=FACE_OUTER_BOUND('',#180,.T.);
#97=FACE_OUTER_BOUND('',#181,.T.);
#98=FACE_OUTER_BOUND('',#182,.T.);
#99=FACE_OUTER_BOUND('',#183,.T.);
#100=FACE_OUTER_BOUND('',#184,.T.);
#101=FACE_OUTER_BOUND('',#185,.T.);
#102=FACE_OUTER_BOUND('',#186,.T.);
#103=FACE_OUTER_BOUND('',#187,.T.);
#104=FACE_OUTER_BOUND('',#188,.T.);
#105=FACE_OUTER_BOUND('',#189,.T.);
#106=FACE_OUTER_BOUND('',#190,.T.);
#107=FACE_OUTER_BOUND('',#191,.T.);
#108=FACE_OUTER_BOUND('',#192,.T.);
#109=FACE_OUTER_BOUND('',#193,.T.);
#110=FACE_OUTER_BOUND('',#194,.T.);
#111=FACE_OUTER_BOUND('',#196,.T.);
#112=FACE_OUTER_BOUND('',#197,.T.);
#113=FACE_OUTER_BOUND('',#198,.T.);
#114=FACE_OUTER_BOUND('',#199,.T.);
#115=FACE_OUTER_BOUND('',#200,.T.);
#116=FACE_OUTER_BOUND('',#201,.T.);
#117=FACE_OUTER_BOUND('',#202,.T.);
#118=FACE_OUTER_BOUND('',#203,.T.);
#119=FACE_OUTER_BOUND('',#204,.T.);
#120=FACE_OUTER_BOUND('',#205,.T.);
#121=FACE_OUTER_BOUND('',#206,.T.);
#122=FACE_OUTER_BOUND('',#207,.T.);
#123=FACE_OUTER_BOUND('',#208,.T.);
#124=FACE_OUTER_BOUND('',#209,.T.);
#125=FACE_OUTER_BOUND('',#215,.T.);
#126=FACE_OUTER_BOUND('',#216,.T.);
#127=FACE_OUTER_BOUND('',#217,.T.);
#128=FACE_OUTER_BOUND('',#218,.T.);
#129=FACE_OUTER_BOUND('',#219,.T.);
#130=FACE_OUTER_BOUND('',#220,.T.);
#131=FACE_OUTER_BOUND('',#221,.T.);
#132=FACE_OUTER_BOUND('',#222,.T.);
#133=FACE_OUTER_BOUND('',#223,.T.);
#134=FACE_OUTER_BOUND('',#224,.T.);
#135=FACE_OUTER_BOUND('',#225,.T.);
#136=FACE_OUTER_BOUND('',#226,.T.);
#137=FACE_OUTER_BOUND('',#227,.T.);
#138=FACE_OUTER_BOUND('',#228,.T.);
#139=FACE_OUTER_BOUND('',#229,.T.);
#140=FACE_OUTER_BOUND('',#230,.T.);
#141=FACE_OUTER_BOUND('',#231,.T.);
#142=FACE_OUTER_BOUND('',#232,.T.);
#143=FACE_OUTER_BOUND('',#233,.T.);
#144=FACE_OUTER_BOUND('',#234,.T.);
#145=FACE_OUTER_BOUND('',#235,.T.);
#146=FACE_OUTER_BOUND('',#236,.T.);
#147=FACE_OUTER_BOUND('',#237,.T.);
#148=FACE_OUTER_BOUND('',#238,.T.);
#149=FACE_OUTER_BOUND('',#239,.T.);
#150=FACE_OUTER_BOUND('',#240,.T.);
#151=FACE_OUTER_BOUND('',#241,.T.);
#152=FACE_OUTER_BOUND('',#242,.T.);
#153=FACE_OUTER_BOUND('',#243,.T.);
#154=FACE_OUTER_BOUND('',#244,.T.);
#155=FACE_OUTER_BOUND('',#245,.T.);
#156=FACE_OUTER_BOUND('',#246,.T.);
#157=FACE_OUTER_BOUND('',#247,.T.);
#158=FACE_OUTER_BOUND('',#248,.T.);
#159=FACE_OUTER_BOUND('',#249,.T.);
#160=FACE_OUTER_BOUND('',#250,.T.);
#161=FACE_OUTER_BOUND('',#251,.T.);
#162=FACE_OUTER_BOUND('',#253,.T.);
#163=EDGE_LOOP('',(#812,#813,#814,#815));
#164=EDGE_LOOP('',(#816));
#165=EDGE_LOOP('',(#817,#818,#819,#820));
#166=EDGE_LOOP('',(#821));
#167=EDGE_LOOP('',(#822,#823,#824,#825));
#168=EDGE_LOOP('',(#826));
#169=EDGE_LOOP('',(#827,#828,#829,#830));
#170=EDGE_LOOP('',(#831));
#171=EDGE_LOOP('',(#832,#833,#834,#835,#836,#837,#838,#839));
#172=EDGE_LOOP('',(#840));
#173=EDGE_LOOP('',(#841));
#174=EDGE_LOOP('',(#842));
#175=EDGE_LOOP('',(#843));
#176=EDGE_LOOP('',(#844,#845,#846));
#177=EDGE_LOOP('',(#847,#848,#849,#850));
#178=EDGE_LOOP('',(#851,#852,#853,#854));
#179=EDGE_LOOP('',(#855,#856,#857,#858));
#180=EDGE_LOOP('',(#859,#860,#861,#862));
#181=EDGE_LOOP('',(#863,#864,#865));
#182=EDGE_LOOP('',(#866,#867,#868,#869));
#183=EDGE_LOOP('',(#870,#871,#872,#873));
#184=EDGE_LOOP('',(#874,#875,#876,#877));
#185=EDGE_LOOP('',(#878,#879,#880,#881));
#186=EDGE_LOOP('',(#882,#883,#884,#885));
#187=EDGE_LOOP('',(#886,#887,#888,#889));
#188=EDGE_LOOP('',(#890,#891,#892,#893));
#189=EDGE_LOOP('',(#894,#895,#896,#897));
#190=EDGE_LOOP('',(#898,#899,#900,#901));
#191=EDGE_LOOP('',(#902,#903,#904,#905));
#192=EDGE_LOOP('',(#906,#907,#908,#909));
#193=EDGE_LOOP('',(#910,#911,#912,#913));
#194=EDGE_LOOP('',(#914,#915,#916,#917));
#195=EDGE_LOOP('',(#918,#919,#920,#921,#922,#923,#924,#925));
#196=EDGE_LOOP('',(#926,#927,#928,#929));
#197=EDGE_LOOP('',(#930,#931,#932,#933));
#198=EDGE_LOOP('',(#934,#935,#936,#937));
#199=EDGE_LOOP('',(#938,#939,#940,#941));
#200=EDGE_LOOP('',(#942,#943,#944,#945));
#201=EDGE_LOOP('',(#946,#947,#948,#949));
#202=EDGE_LOOP('',(#950,#951,#952,#953));
#203=EDGE_LOOP('',(#954,#955,#956,#957));
#204=EDGE_LOOP('',(#958,#959,#960,#961));
#205=EDGE_LOOP('',(#962,#963,#964,#965));
#206=EDGE_LOOP('',(#966,#967,#968,#969));
#207=EDGE_LOOP('',(#970,#971,#972,#973));
#208=EDGE_LOOP('',(#974,#975,#976,#977));
#209=EDGE_LOOP('',(#978,#979,#980,#981,#982,#983,#984,#985));
#210=EDGE_LOOP('',(#986,#987,#988,#989,#990,#991,#992,#993));
#211=EDGE_LOOP('',(#994));
#212=EDGE_LOOP('',(#995));
#213=EDGE_LOOP('',(#996));
#214=EDGE_LOOP('',(#997));
#215=EDGE_LOOP('',(#998,#999,#1000,#1001));
#216=EDGE_LOOP('',(#1002,#1003,#1004,#1005));
#217=EDGE_LOOP('',(#1006,#1007,#1008,#1009));
#218=EDGE_LOOP('',(#1010,#1011,#1012,#1013));
#219=EDGE_LOOP('',(#1014));
#220=EDGE_LOOP('',(#1015,#1016,#1017,#1018));
#221=EDGE_LOOP('',(#1019));
#222=EDGE_LOOP('',(#1020,#1021,#1022,#1023));
#223=EDGE_LOOP('',(#1024));
#224=EDGE_LOOP('',(#1025,#1026,#1027,#1028));
#225=EDGE_LOOP('',(#1029));
#226=EDGE_LOOP('',(#1030,#1031,#1032,#1033));
#227=EDGE_LOOP('',(#1034,#1035,#1036,#1037));
#228=EDGE_LOOP('',(#1038,#1039,#1040,#1041));
#229=EDGE_LOOP('',(#1042,#1043,#1044,#1045));
#230=EDGE_LOOP('',(#1046,#1047,#1048,#1049));
#231=EDGE_LOOP('',(#1050,#1051,#1052,#1053,#1054,#1055,#1056));
#232=EDGE_LOOP('',(#1057,#1058,#1059,#1060));
#233=EDGE_LOOP('',(#1061,#1062,#1063,#1064));
#234=EDGE_LOOP('',(#1065,#1066,#1067,#1068));
#235=EDGE_LOOP('',(#1069,#1070,#1071,#1072));
#236=EDGE_LOOP('',(#1073,#1074,#1075,#1076,#1077));
#237=EDGE_LOOP('',(#1078,#1079,#1080,#1081,#1082,#1083));
#238=EDGE_LOOP('',(#1084,#1085,#1086,#1087,#1088,#1089,#1090));
#239=EDGE_LOOP('',(#1091,#1092,#1093,#1094,#1095));
#240=EDGE_LOOP('',(#1096,#1097,#1098,#1099));
#241=EDGE_LOOP('',(#1100,#1101,#1102,#1103));
#242=EDGE_LOOP('',(#1104,#1105,#1106,#1107,#1108,#1109,#1110,#1111,#1112,
#1113,#1114));
#243=EDGE_LOOP('',(#1115,#1116,#1117,#1118));
#244=EDGE_LOOP('',(#1119,#1120,#1121,#1122,#1123,#1124,#1125,#1126));
#245=EDGE_LOOP('',(#1127,#1128,#1129,#1130,#1131));
#246=EDGE_LOOP('',(#1132,#1133,#1134,#1135));
#247=EDGE_LOOP('',(#1136,#1137,#1138,#1139));
#248=EDGE_LOOP('',(#1140,#1141,#1142,#1143));
#249=EDGE_LOOP('',(#1144,#1145,#1146,#1147));
#250=EDGE_LOOP('',(#1148,#1149,#1150,#1151));
#251=EDGE_LOOP('',(#1152,#1153,#1154,#1155));
#252=EDGE_LOOP('',(#1156,#1157,#1158,#1159,#1160,#1161,#1162,#1163));
#253=EDGE_LOOP('',(#1164,#1165,#1166,#1167));
#254=LINE('',#1847,#359);
#255=LINE('',#1854,#360);
#256=LINE('',#1861,#361);
#257=LINE('',#1868,#362);
#258=LINE('',#1876,#363);
#259=LINE('',#1880,#364);
#260=LINE('',#1884,#365);
#261=LINE('',#1887,#366);
#262=LINE('',#1890,#367);
#263=LINE('',#1894,#368);
#264=LINE('',#1895,#369);
#265=LINE('',#1898,#370);
#266=LINE('',#1902,#371);
#267=LINE('',#1905,#372);
#268=LINE('',#1908,#373);
#269=LINE('',#1909,#374);
#270=LINE('',#1913,#375);
#271=LINE('',#1916,#376);
#272=LINE('',#1918,#377);
#273=LINE('',#1919,#378);
#274=LINE('',#1922,#379);
#275=LINE('',#1926,#380);
#276=LINE('',#1927,#381);
#277=LINE('',#1930,#382);
#278=LINE('',#1934,#383);
#279=LINE('',#1935,#384);
#280=LINE('',#1938,#385);
#281=LINE('',#1942,#386);
#282=LINE('',#1943,#387);
#283=LINE('',#1948,#388);
#284=LINE('',#1951,#389);
#285=LINE('',#1954,#390);
#286=LINE('',#1955,#391);
#287=LINE('',#1958,#392);
#288=LINE('',#1962,#393);
#289=LINE('',#1963,#394);
#290=LINE('',#1966,#395);
#291=LINE('',#1970,#396);
#292=LINE('',#1974,#397);
#293=LINE('',#1978,#398);
#294=LINE('',#1982,#399);
#295=LINE('',#1983,#400);
#296=LINE('',#1989,#401);
#297=LINE('',#1997,#402);
#298=LINE('',#2005,#403);
#299=LINE('',#2013,#404);
#300=LINE('',#2018,#405);
#301=LINE('',#2021,#406);
#302=LINE('',#2024,#407);
#303=LINE('',#2025,#408);
#304=LINE('',#2028,#409);
#305=LINE('',#2032,#410);
#306=LINE('',#2033,#411);
#307=LINE('',#2038,#412);
#308=LINE('',#2042,#413);
#309=LINE('',#2046,#414);
#310=LINE('',#2050,#415);
#311=LINE('',#2054,#416);
#312=LINE('',#2065,#417);
#313=LINE('',#2067,#418);
#314=LINE('',#2071,#419);
#315=LINE('',#2076,#420);
#316=LINE('',#2081,#421);
#317=LINE('',#2086,#422);
#318=LINE('',#2091,#423);
#319=LINE('',#2095,#424);
#320=LINE('',#2096,#425);
#321=LINE('',#2099,#426);
#322=LINE('',#2100,#427);
#323=LINE('',#2108,#428);
#324=LINE('',#2111,#429);
#325=LINE('',#2114,#430);
#326=LINE('',#2116,#431);
#327=LINE('',#2118,#432);
#328=LINE('',#2120,#433);
#329=LINE('',#2122,#434);
#330=LINE('',#2123,#435);
#331=LINE('',#2126,#436);
#332=LINE('',#2127,#437);
#333=LINE('',#2131,#438);
#334=LINE('',#2137,#439);
#335=LINE('',#2141,#440);
#336=LINE('',#2156,#441);
#337=LINE('',#2159,#442);
#338=LINE('',#2169,#443);
#339=LINE('',#2171,#444);
#340=LINE('',#2172,#445);
#341=LINE('',#2181,#446);
#342=LINE('',#2184,#447);
#343=LINE('',#2186,#448);
#344=LINE('',#2190,#449);
#345=LINE('',#2193,#450);
#346=LINE('',#2194,#451);
#347=LINE('',#2199,#452);
#348=LINE('',#2203,#453);
#349=LINE('',#2206,#454);
#350=LINE('',#2208,#455);
#351=LINE('',#2211,#456);
#352=LINE('',#2212,#457);
#353=LINE('',#2213,#458);
#354=LINE('',#2216,#459);
#355=LINE('',#2218,#460);
#356=LINE('',#2219,#461);
#357=LINE('',#2222,#462);
#358=LINE('',#2224,#463);
#359=VECTOR('',#1441,5.);
#360=VECTOR('',#1450,5.);
#361=VECTOR('',#1459,5.);
#362=VECTOR('',#1468,5.);
#363=VECTOR('',#1477,10.);
#364=VECTOR('',#1480,10.);
#365=VECTOR('',#1483,10.);
#366=VECTOR('',#1486,10.);
#367=VECTOR('',#1489,10.);
#368=VECTOR('',#1494,10.);
#369=VECTOR('',#1495,10.);
#370=VECTOR('',#1498,10.);
#371=VECTOR('',#1503,10.);
#372=VECTOR('',#1506,10.);
#373=VECTOR('',#1509,10.);
#374=VECTOR('',#1510,10.);
#375=VECTOR('',#1517,10.);
#376=VECTOR('',#1520,10.);
#377=VECTOR('',#1521,10.);
#378=VECTOR('',#1522,10.);
#379=VECTOR('',#1525,10.);
#380=VECTOR('',#1530,10.);
#381=VECTOR('',#1531,10.);
#382=VECTOR('',#1534,10.);
#383=VECTOR('',#1539,10.);
#384=VECTOR('',#1540,10.);
#385=VECTOR('',#1543,10.);
#386=VECTOR('',#1548,10.);
#387=VECTOR('',#1549,10.);
#388=VECTOR('',#1556,10.);
#389=VECTOR('',#1559,10.);
#390=VECTOR('',#1562,10.);
#391=VECTOR('',#1563,10.);
#392=VECTOR('',#1566,10.);
#393=VECTOR('',#1571,10.);
#394=VECTOR('',#1572,10.);
#395=VECTOR('',#1573,10.);
#396=VECTOR('',#1576,10.);
#397=VECTOR('',#1579,10.);
#398=VECTOR('',#1582,10.);
#399=VECTOR('',#1587,10.);
#400=VECTOR('',#1588,10.);
#401=VECTOR('',#1595,10.);
#402=VECTOR('',#1606,10.);
#403=VECTOR('',#1617,10.);
#404=VECTOR('',#1628,10.);
#405=VECTOR('',#1635,10.);
#406=VECTOR('',#1638,10.);
#407=VECTOR('',#1641,10.);
#408=VECTOR('',#1642,10.);
#409=VECTOR('',#1645,10.);
#410=VECTOR('',#1650,10.);
#411=VECTOR('',#1651,10.);
#412=VECTOR('',#1656,10.);
#413=VECTOR('',#1659,10.);
#414=VECTOR('',#1662,10.);
#415=VECTOR('',#1665,10.);
#416=VECTOR('',#1668,10.);
#417=VECTOR('',#1681,10.);
#418=VECTOR('',#1684,10.);
#419=VECTOR('',#1689,1.5);
#420=VECTOR('',#1696,1.5);
#421=VECTOR('',#1703,1.5);
#422=VECTOR('',#1710,1.5);
#423=VECTOR('',#1717,10.);
#424=VECTOR('',#1722,10.);
#425=VECTOR('',#1723,10.);
#426=VECTOR('',#1726,10.);
#427=VECTOR('',#1727,10.);
#428=VECTOR('',#1736,10.);
#429=VECTOR('',#1739,10.);
#430=VECTOR('',#1742,10.);
#431=VECTOR('',#1743,10.);
#432=VECTOR('',#1744,10.);
#433=VECTOR('',#1745,10.);
#434=VECTOR('',#1746,10.);
#435=VECTOR('',#1747,10.);
#436=VECTOR('',#1750,10.);
#437=VECTOR('',#1751,10.);
#438=VECTOR('',#1754,10.);
#439=VECTOR('',#1761,10.);
#440=VECTOR('',#1764,10.);
#441=VECTOR('',#1767,10.);
#442=VECTOR('',#1770,10.);
#443=VECTOR('',#1779,10.);
#444=VECTOR('',#1780,10.);
#445=VECTOR('',#1781,10.);
#446=VECTOR('',#1786,10.);
#447=VECTOR('',#1789,10.);
#448=VECTOR('',#1790,10.);
#449=VECTOR('',#1795,10.);
#450=VECTOR('',#1800,10.);
#451=VECTOR('',#1801,10.);
#452=VECTOR('',#1806,10.);
#453=VECTOR('',#1809,10.);
#454=VECTOR('',#1812,10.);
#455=VECTOR('',#1815,10.);
#456=VECTOR('',#1818,10.);
#457=VECTOR('',#1819,10.);
#458=VECTOR('',#1820,10.);
#459=VECTOR('',#1825,10.);
#460=VECTOR('',#1828,10.);
#461=VECTOR('',#1829,10.);
#462=VECTOR('',#1834,10.);
#463=VECTOR('',#1837,10.);
#464=CIRCLE('',#1286,5.);
#465=CIRCLE('',#1287,5.);
#466=CIRCLE('',#1290,5.);
#467=CIRCLE('',#1291,5.);
#468=CIRCLE('',#1294,5.);
#469=CIRCLE('',#1295,5.);
#470=CIRCLE('',#1298,5.);
#471=CIRCLE('',#1299,5.);
#472=CIRCLE('',#1307,0.500000000000006);
#473=CIRCLE('',#1310,0.500000000000003);
#474=CIRCLE('',#1312,0.499999999999999);
#475=CIRCLE('',#1315,0.500000000000009);
#476=CIRCLE('',#1319,3.);
#477=CIRCLE('',#1322,3.);
#478=CIRCLE('',#1325,3.);
#479=CIRCLE('',#1328,3.);
#480=CIRCLE('',#1330,3.);
#481=CIRCLE('',#1333,3.);
#482=CIRCLE('',#1335,3.25);
#483=CIRCLE('',#1336,3.25);
#484=CIRCLE('',#1337,3.25);
#485=CIRCLE('',#1338,3.25);
#486=CIRCLE('',#1341,0.499999999999994);
#487=CIRCLE('',#1342,0.499999999999998);
#488=CIRCLE('',#1344,0.499999999999989);
#489=CIRCLE('',#1345,2.75);
#490=CIRCLE('',#1347,0.499999999999998);
#491=CIRCLE('',#1349,0.499999999999989);
#492=CIRCLE('',#1350,2.75);
#493=CIRCLE('',#1352,0.499999999999998);
#494=CIRCLE('',#1354,0.499999999999989);
#495=CIRCLE('',#1355,2.75);
#496=CIRCLE('',#1357,0.499999999999998);
#497=CIRCLE('',#1359,2.75);
#498=CIRCLE('',#1361,2.75);
#499=CIRCLE('',#1364,2.75);
#500=CIRCLE('',#1367,3.);
#501=CIRCLE('',#1368,3.);
#502=CIRCLE('',#1369,6.00237912855527);
#503=CIRCLE('',#1370,6.00237912856525);
#504=CIRCLE('',#1371,6.00237912856482);
#505=CIRCLE('',#1372,4.);
#506=CIRCLE('',#1373,1.5);
#507=CIRCLE('',#1374,1.5);
#508=CIRCLE('',#1375,1.5);
#509=CIRCLE('',#1376,1.5);
#510=CIRCLE('',#1381,1.5);
#511=CIRCLE('',#1384,1.5);
#512=CIRCLE('',#1387,1.5);
#513=CIRCLE('',#1390,1.5);
#514=CIRCLE('',#1393,2.75);
#515=CIRCLE('',#1397,2.75);
#516=CIRCLE('',#1399,1.);
#517=CIRCLE('',#1400,1.);
#518=CIRCLE('',#1409,1.);
#519=CIRCLE('',#1411,4.);
#520=CIRCLE('',#1412,5.);
#521=CIRCLE('',#1415,4.);
#522=CIRCLE('',#1422,6.00237912856484);
#523=CIRCLE('',#1423,6.00237912856525);
#524=CIRCLE('',#1424,6.00237912855527);
#525=VERTEX_POINT('',#1844);
#526=VERTEX_POINT('',#1846);
#527=VERTEX_POINT('',#1851);
#528=VERTEX_POINT('',#1853);
#529=VERTEX_POINT('',#1858);
#530=VERTEX_POINT('',#1860);
#531=VERTEX_POINT('',#1865);
#532=VERTEX_POINT('',#1867);
#533=VERTEX_POINT('',#1872);
#534=VERTEX_POINT('',#1873);
#535=VERTEX_POINT('',#1875);
#536=VERTEX_POINT('',#1877);
#537=VERTEX_POINT('',#1879);
#538=VERTEX_POINT('',#1881);
#539=VERTEX_POINT('',#1883);
#540=VERTEX_POINT('',#1885);
#541=VERTEX_POINT('',#1889);
#542=VERTEX_POINT('',#1893);
#543=VERTEX_POINT('',#1897);
#544=VERTEX_POINT('',#1901);
#545=VERTEX_POINT('',#1903);
#546=VERTEX_POINT('',#1907);
#547=VERTEX_POINT('',#1915);
#548=VERTEX_POINT('',#1917);
#549=VERTEX_POINT('',#1921);
#550=VERTEX_POINT('',#1925);
#551=VERTEX_POINT('',#1929);
#552=VERTEX_POINT('',#1933);
#553=VERTEX_POINT('',#1937);
#554=VERTEX_POINT('',#1941);
#555=VERTEX_POINT('',#1947);
#556=VERTEX_POINT('',#1949);
#557=VERTEX_POINT('',#1953);
#558=VERTEX_POINT('',#1957);
#559=VERTEX_POINT('',#1961);
#560=VERTEX_POINT('',#1964);
#561=VERTEX_POINT('',#1965);
#562=VERTEX_POINT('',#1967);
#563=VERTEX_POINT('',#1969);
#564=VERTEX_POINT('',#1971);
#565=VERTEX_POINT('',#1973);
#566=VERTEX_POINT('',#1975);
#567=VERTEX_POINT('',#1977);
#568=VERTEX_POINT('',#1981);
#569=VERTEX_POINT('',#1985);
#570=VERTEX_POINT('',#1987);
#571=VERTEX_POINT('',#1991);
#572=VERTEX_POINT('',#1995);
#573=VERTEX_POINT('',#1999);
#574=VERTEX_POINT('',#2003);
#575=VERTEX_POINT('',#2007);
#576=VERTEX_POINT('',#2011);
#577=VERTEX_POINT('',#2017);
#578=VERTEX_POINT('',#2019);
#579=VERTEX_POINT('',#2023);
#580=VERTEX_POINT('',#2027);
#581=VERTEX_POINT('',#2031);
#582=VERTEX_POINT('',#2035);
#583=VERTEX_POINT('',#2037);
#584=VERTEX_POINT('',#2040);
#585=VERTEX_POINT('',#2041);
#586=VERTEX_POINT('',#2043);
#587=VERTEX_POINT('',#2045);
#588=VERTEX_POINT('',#2047);
#589=VERTEX_POINT('',#2049);
#590=VERTEX_POINT('',#2051);
#591=VERTEX_POINT('',#2053);
#592=VERTEX_POINT('',#2056);
#593=VERTEX_POINT('',#2058);
#594=VERTEX_POINT('',#2060);
#595=VERTEX_POINT('',#2062);
#596=VERTEX_POINT('',#2070);
#597=VERTEX_POINT('',#2075);
#598=VERTEX_POINT('',#2080);
#599=VERTEX_POINT('',#2085);
#600=VERTEX_POINT('',#2090);
#601=VERTEX_POINT('',#2094);
#602=VERTEX_POINT('',#2098);
#603=VERTEX_POINT('',#2104);
#604=VERTEX_POINT('',#2105);
#605=VERTEX_POINT('',#2107);
#606=VERTEX_POINT('',#2109);
#607=VERTEX_POINT('',#2113);
#608=VERTEX_POINT('',#2115);
#609=VERTEX_POINT('',#2117);
#610=VERTEX_POINT('',#2119);
#611=VERTEX_POINT('',#2121);
#612=VERTEX_POINT('',#2125);
#613=VERTEX_POINT('',#2129);
#614=VERTEX_POINT('',#2130);
#615=VERTEX_POINT('',#2135);
#616=VERTEX_POINT('',#2136);
#617=VERTEX_POINT('',#2138);
#618=VERTEX_POINT('',#2140);
#619=VERTEX_POINT('',#2155);
#620=VERTEX_POINT('',#2157);
#621=VERTEX_POINT('',#2162);
#622=VERTEX_POINT('',#2170);
#623=VERTEX_POINT('',#2174);
#624=VERTEX_POINT('',#2179);
#625=VERTEX_POINT('',#2183);
#626=VERTEX_POINT('',#2185);
#627=VERTEX_POINT('',#2189);
#628=VERTEX_POINT('',#2196);
#629=VERTEX_POINT('',#2198);
#630=VERTEX_POINT('',#2200);
#631=VERTEX_POINT('',#2202);
#632=VERTEX_POINT('',#2204);
#633=VERTEX_POINT('',#2210);
#634=EDGE_CURVE('',#525,#525,#464,.T.);
#635=EDGE_CURVE('',#525,#526,#254,.T.);
#636=EDGE_CURVE('',#526,#526,#465,.T.);
#637=EDGE_CURVE('',#527,#527,#466,.T.);
#638=EDGE_CURVE('',#527,#528,#255,.T.);
#639=EDGE_CURVE('',#528,#528,#467,.T.);
#640=EDGE_CURVE('',#529,#529,#468,.T.);
#641=EDGE_CURVE('',#529,#530,#256,.T.);
#642=EDGE_CURVE('',#530,#530,#469,.T.);
#643=EDGE_CURVE('',#531,#531,#470,.T.);
#644=EDGE_CURVE('',#531,#532,#257,.T.);
#645=EDGE_CURVE('',#532,#532,#471,.T.);
#646=EDGE_CURVE('',#533,#534,#38,.T.);
#647=EDGE_CURVE('',#535,#533,#258,.T.);
#648=EDGE_CURVE('',#536,#535,#39,.T.);
#649=EDGE_CURVE('',#537,#536,#259,.T.);
#650=EDGE_CURVE('',#538,#537,#40,.T.);
#651=EDGE_CURVE('',#539,#538,#260,.T.);
#652=EDGE_CURVE('',#540,#539,#41,.T.);
#653=EDGE_CURVE('',#534,#540,#261,.T.);
#654=EDGE_CURVE('',#541,#534,#262,.T.);
#655=EDGE_CURVE('',#533,#541,#472,.T.);
#656=EDGE_CURVE('',#542,#540,#263,.T.);
#657=EDGE_CURVE('',#541,#542,#264,.T.);
#658=EDGE_CURVE('',#543,#539,#265,.T.);
#659=EDGE_CURVE('',#542,#543,#473,.T.);
#660=EDGE_CURVE('',#544,#537,#266,.T.);
#661=EDGE_CURVE('',#545,#544,#474,.T.);
#662=EDGE_CURVE('',#545,#538,#267,.T.);
#663=EDGE_CURVE('',#546,#536,#268,.T.);
#664=EDGE_CURVE('',#544,#546,#269,.T.);
#665=EDGE_CURVE('',#546,#535,#475,.T.);
#666=EDGE_CURVE('',#543,#545,#270,.T.);
#667=EDGE_CURVE('',#542,#547,#271,.T.);
#668=EDGE_CURVE('',#547,#548,#272,.T.);
#669=EDGE_CURVE('',#548,#541,#273,.T.);
#670=EDGE_CURVE('',#543,#549,#274,.T.);
#671=EDGE_CURVE('',#549,#547,#476,.T.);
#672=EDGE_CURVE('',#545,#550,#275,.T.);
#673=EDGE_CURVE('',#550,#549,#276,.T.);
#674=EDGE_CURVE('',#544,#551,#277,.T.);
#675=EDGE_CURVE('',#551,#550,#477,.T.);
#676=EDGE_CURVE('',#546,#552,#278,.T.);
#677=EDGE_CURVE('',#552,#551,#279,.T.);
#678=EDGE_CURVE('',#535,#553,#280,.T.);
#679=EDGE_CURVE('',#553,#552,#478,.T.);
#680=EDGE_CURVE('',#533,#554,#281,.T.);
#681=EDGE_CURVE('',#554,#553,#282,.T.);
#682=EDGE_CURVE('',#548,#554,#479,.T.);
#683=EDGE_CURVE('',#553,#555,#283,.T.);
#684=EDGE_CURVE('',#555,#556,#480,.T.);
#685=EDGE_CURVE('',#556,#552,#284,.T.);
#686=EDGE_CURVE('',#557,#554,#285,.T.);
#687=EDGE_CURVE('',#555,#557,#286,.T.);
#688=EDGE_CURVE('',#548,#558,#287,.T.);
#689=EDGE_CURVE('',#558,#557,#481,.T.);
#690=EDGE_CURVE('',#559,#547,#288,.T.);
#691=EDGE_CURVE('',#558,#559,#289,.T.);
#692=EDGE_CURVE('',#560,#561,#290,.T.);
#693=EDGE_CURVE('',#562,#560,#482,.T.);
#694=EDGE_CURVE('',#563,#562,#291,.T.);
#695=EDGE_CURVE('',#564,#563,#483,.T.);
#696=EDGE_CURVE('',#565,#564,#292,.T.);
#697=EDGE_CURVE('',#566,#565,#484,.T.);
#698=EDGE_CURVE('',#567,#566,#293,.T.);
#699=EDGE_CURVE('',#561,#567,#485,.T.);
#700=EDGE_CURVE('',#568,#556,#294,.T.);
#701=EDGE_CURVE('',#551,#568,#295,.T.);
#702=EDGE_CURVE('',#569,#560,#486,.T.);
#703=EDGE_CURVE('',#561,#570,#487,.T.);
#704=EDGE_CURVE('',#570,#569,#296,.T.);
#705=EDGE_CURVE('',#567,#571,#488,.T.);
#706=EDGE_CURVE('',#571,#570,#489,.T.);
#707=EDGE_CURVE('',#566,#572,#490,.T.);
#708=EDGE_CURVE('',#572,#571,#297,.T.);
#709=EDGE_CURVE('',#565,#573,#491,.T.);
#710=EDGE_CURVE('',#573,#572,#492,.T.);
#711=EDGE_CURVE('',#564,#574,#493,.T.);
#712=EDGE_CURVE('',#574,#573,#298,.T.);
#713=EDGE_CURVE('',#563,#575,#494,.T.);
#714=EDGE_CURVE('',#575,#574,#495,.T.);
#715=EDGE_CURVE('',#562,#576,#496,.T.);
#716=EDGE_CURVE('',#576,#575,#299,.T.);
#717=EDGE_CURVE('',#569,#576,#497,.T.);
#718=EDGE_CURVE('',#577,#575,#300,.T.);
#719=EDGE_CURVE('',#578,#577,#498,.T.);
#720=EDGE_CURVE('',#578,#574,#301,.T.);
#721=EDGE_CURVE('',#579,#576,#302,.T.);
#722=EDGE_CURVE('',#577,#579,#303,.T.);
#723=EDGE_CURVE('',#580,#569,#304,.T.);
#724=EDGE_CURVE('',#579,#580,#499,.T.);
#725=EDGE_CURVE('',#581,#570,#305,.T.);
#726=EDGE_CURVE('',#580,#581,#306,.T.);
#727=EDGE_CURVE('',#582,#559,#500,.T.);
#728=EDGE_CURVE('',#582,#583,#307,.T.);
#729=EDGE_CURVE('',#568,#583,#501,.T.);
#730=EDGE_CURVE('',#584,#585,#308,.T.);
#731=EDGE_CURVE('',#585,#586,#502,.T.);
#732=EDGE_CURVE('',#586,#587,#309,.T.);
#733=EDGE_CURVE('',#587,#588,#503,.T.);
#734=EDGE_CURVE('',#588,#589,#310,.T.);
#735=EDGE_CURVE('',#589,#590,#504,.T.);
#736=EDGE_CURVE('',#591,#590,#311,.T.);
#737=EDGE_CURVE('',#584,#591,#505,.T.);
#738=EDGE_CURVE('',#592,#592,#506,.T.);
#739=EDGE_CURVE('',#593,#593,#507,.T.);
#740=EDGE_CURVE('',#594,#594,#508,.T.);
#741=EDGE_CURVE('',#595,#595,#509,.T.);
#742=EDGE_CURVE('',#549,#582,#312,.T.);
#743=EDGE_CURVE('',#583,#550,#313,.T.);
#744=EDGE_CURVE('',#595,#596,#314,.T.);
#745=EDGE_CURVE('',#596,#596,#510,.T.);
#746=EDGE_CURVE('',#594,#597,#315,.T.);
#747=EDGE_CURVE('',#597,#597,#511,.T.);
#748=EDGE_CURVE('',#593,#598,#316,.T.);
#749=EDGE_CURVE('',#598,#598,#512,.T.);
#750=EDGE_CURVE('',#592,#599,#317,.T.);
#751=EDGE_CURVE('',#599,#599,#513,.T.);
#752=EDGE_CURVE('',#600,#571,#318,.T.);
#753=EDGE_CURVE('',#581,#600,#514,.T.);
#754=EDGE_CURVE('',#601,#572,#319,.T.);
#755=EDGE_CURVE('',#600,#601,#320,.T.);
#756=EDGE_CURVE('',#602,#578,#321,.T.);
#757=EDGE_CURVE('',#602,#573,#322,.T.);
#758=EDGE_CURVE('',#601,#602,#515,.T.);
#759=EDGE_CURVE('',#603,#604,#516,.T.);
#760=EDGE_CURVE('',#603,#605,#323,.T.);
#761=EDGE_CURVE('',#606,#605,#517,.T.);
#762=EDGE_CURVE('',#606,#604,#324,.T.);
#763=EDGE_CURVE('',#607,#604,#325,.T.);
#764=EDGE_CURVE('',#607,#608,#326,.T.);
#765=EDGE_CURVE('',#609,#608,#327,.T.);
#766=EDGE_CURVE('',#610,#609,#328,.T.);
#767=EDGE_CURVE('',#610,#611,#329,.T.);
#768=EDGE_CURVE('',#603,#611,#330,.T.);
#769=EDGE_CURVE('',#606,#612,#331,.T.);
#770=EDGE_CURVE('',#612,#607,#332,.T.);
#771=EDGE_CURVE('',#613,#614,#333,.T.);
#772=EDGE_CURVE('',#614,#609,#42,.F.);
#773=EDGE_CURVE('',#608,#613,#43,.T.);
#774=EDGE_CURVE('',#615,#616,#334,.T.);
#775=EDGE_CURVE('',#616,#617,#44,.F.);
#776=EDGE_CURVE('',#617,#618,#335,.T.);
#777=EDGE_CURVE('',#618,#615,#15,.T.);
#778=EDGE_CURVE('',#608,#619,#336,.T.);
#779=EDGE_CURVE('',#619,#620,#518,.T.);
#780=EDGE_CURVE('',#620,#613,#337,.T.);
#781=EDGE_CURVE('',#618,#620,#519,.T.);
#782=EDGE_CURVE('',#619,#621,#520,.T.);
#783=EDGE_CURVE('',#621,#615,#16,.T.);
#784=EDGE_CURVE('',#591,#620,#338,.T.);
#785=EDGE_CURVE('',#622,#590,#339,.T.);
#786=EDGE_CURVE('',#614,#622,#340,.T.);
#787=EDGE_CURVE('',#623,#617,#17,.F.);
#788=EDGE_CURVE('',#624,#623,#521,.T.);
#789=EDGE_CURVE('',#624,#584,#341,.T.);
#790=EDGE_CURVE('',#625,#623,#342,.T.);
#791=EDGE_CURVE('',#616,#626,#343,.T.);
#792=EDGE_CURVE('',#626,#625,#45,.T.);
#793=EDGE_CURVE('',#614,#627,#344,.T.);
#794=EDGE_CURVE('',#627,#610,#46,.T.);
#795=EDGE_CURVE('',#626,#610,#345,.T.);
#796=EDGE_CURVE('',#627,#625,#346,.T.);
#797=EDGE_CURVE('',#622,#628,#522,.T.);
#798=EDGE_CURVE('',#628,#629,#347,.T.);
#799=EDGE_CURVE('',#629,#630,#523,.T.);
#800=EDGE_CURVE('',#630,#631,#348,.T.);
#801=EDGE_CURVE('',#631,#632,#524,.T.);
#802=EDGE_CURVE('',#632,#624,#349,.T.);
#803=EDGE_CURVE('',#632,#585,#350,.T.);
#804=EDGE_CURVE('',#633,#605,#351,.T.);
#805=EDGE_CURVE('',#633,#626,#352,.T.);
#806=EDGE_CURVE('',#612,#621,#353,.F.);
#807=EDGE_CURVE('',#611,#633,#354,.T.);
#808=EDGE_CURVE('',#629,#588,#355,.T.);
#809=EDGE_CURVE('',#628,#589,#356,.T.);
#810=EDGE_CURVE('',#631,#586,#357,.T.);
#811=EDGE_CURVE('',#630,#587,#358,.T.);
#812=ORIENTED_EDGE('',*,*,#634,.F.);
#813=ORIENTED_EDGE('',*,*,#635,.T.);
#814=ORIENTED_EDGE('',*,*,#636,.T.);
#815=ORIENTED_EDGE('',*,*,#635,.F.);
#816=ORIENTED_EDGE('',*,*,#636,.F.);
#817=ORIENTED_EDGE('',*,*,#637,.F.);
#818=ORIENTED_EDGE('',*,*,#638,.T.);
#819=ORIENTED_EDGE('',*,*,#639,.T.);
#820=ORIENTED_EDGE('',*,*,#638,.F.);
#821=ORIENTED_EDGE('',*,*,#639,.F.);
#822=ORIENTED_EDGE('',*,*,#640,.F.);
#823=ORIENTED_EDGE('',*,*,#641,.T.);
#824=ORIENTED_EDGE('',*,*,#642,.T.);
#825=ORIENTED_EDGE('',*,*,#641,.F.);
#826=ORIENTED_EDGE('',*,*,#642,.F.);
#827=ORIENTED_EDGE('',*,*,#643,.F.);
#828=ORIENTED_EDGE('',*,*,#644,.T.);
#829=ORIENTED_EDGE('',*,*,#645,.T.);
#830=ORIENTED_EDGE('',*,*,#644,.F.);
#831=ORIENTED_EDGE('',*,*,#645,.F.);
#832=ORIENTED_EDGE('',*,*,#646,.F.);
#833=ORIENTED_EDGE('',*,*,#647,.F.);
#834=ORIENTED_EDGE('',*,*,#648,.F.);
#835=ORIENTED_EDGE('',*,*,#649,.F.);
#836=ORIENTED_EDGE('',*,*,#650,.F.);
#837=ORIENTED_EDGE('',*,*,#651,.F.);
#838=ORIENTED_EDGE('',*,*,#652,.F.);
#839=ORIENTED_EDGE('',*,*,#653,.F.);
#840=ORIENTED_EDGE('',*,*,#634,.T.);
#841=ORIENTED_EDGE('',*,*,#637,.T.);
#842=ORIENTED_EDGE('',*,*,#640,.T.);
#843=ORIENTED_EDGE('',*,*,#643,.T.);
#844=ORIENTED_EDGE('',*,*,#646,.T.);
#845=ORIENTED_EDGE('',*,*,#654,.F.);
#846=ORIENTED_EDGE('',*,*,#655,.F.);
#847=ORIENTED_EDGE('',*,*,#653,.T.);
#848=ORIENTED_EDGE('',*,*,#656,.F.);
#849=ORIENTED_EDGE('',*,*,#657,.F.);
#850=ORIENTED_EDGE('',*,*,#654,.T.);
#851=ORIENTED_EDGE('',*,*,#652,.T.);
#852=ORIENTED_EDGE('',*,*,#658,.F.);
#853=ORIENTED_EDGE('',*,*,#659,.F.);
#854=ORIENTED_EDGE('',*,*,#656,.T.);
#855=ORIENTED_EDGE('',*,*,#650,.T.);
#856=ORIENTED_EDGE('',*,*,#660,.F.);
#857=ORIENTED_EDGE('',*,*,#661,.F.);
#858=ORIENTED_EDGE('',*,*,#662,.T.);
#859=ORIENTED_EDGE('',*,*,#649,.T.);
#860=ORIENTED_EDGE('',*,*,#663,.F.);
#861=ORIENTED_EDGE('',*,*,#664,.F.);
#862=ORIENTED_EDGE('',*,*,#660,.T.);
#863=ORIENTED_EDGE('',*,*,#648,.T.);
#864=ORIENTED_EDGE('',*,*,#665,.F.);
#865=ORIENTED_EDGE('',*,*,#663,.T.);
#866=ORIENTED_EDGE('',*,*,#651,.T.);
#867=ORIENTED_EDGE('',*,*,#662,.F.);
#868=ORIENTED_EDGE('',*,*,#666,.F.);
#869=ORIENTED_EDGE('',*,*,#658,.T.);
#870=ORIENTED_EDGE('',*,*,#667,.T.);
#871=ORIENTED_EDGE('',*,*,#668,.T.);
#872=ORIENTED_EDGE('',*,*,#669,.T.);
#873=ORIENTED_EDGE('',*,*,#657,.T.);
#874=ORIENTED_EDGE('',*,*,#670,.T.);
#875=ORIENTED_EDGE('',*,*,#671,.T.);
#876=ORIENTED_EDGE('',*,*,#667,.F.);
#877=ORIENTED_EDGE('',*,*,#659,.T.);
#878=ORIENTED_EDGE('',*,*,#672,.T.);
#879=ORIENTED_EDGE('',*,*,#673,.T.);
#880=ORIENTED_EDGE('',*,*,#670,.F.);
#881=ORIENTED_EDGE('',*,*,#666,.T.);
#882=ORIENTED_EDGE('',*,*,#674,.T.);
#883=ORIENTED_EDGE('',*,*,#675,.T.);
#884=ORIENTED_EDGE('',*,*,#672,.F.);
#885=ORIENTED_EDGE('',*,*,#661,.T.);
#886=ORIENTED_EDGE('',*,*,#676,.T.);
#887=ORIENTED_EDGE('',*,*,#677,.T.);
#888=ORIENTED_EDGE('',*,*,#674,.F.);
#889=ORIENTED_EDGE('',*,*,#664,.T.);
#890=ORIENTED_EDGE('',*,*,#678,.T.);
#891=ORIENTED_EDGE('',*,*,#679,.T.);
#892=ORIENTED_EDGE('',*,*,#676,.F.);
#893=ORIENTED_EDGE('',*,*,#665,.T.);
#894=ORIENTED_EDGE('',*,*,#680,.T.);
#895=ORIENTED_EDGE('',*,*,#681,.T.);
#896=ORIENTED_EDGE('',*,*,#678,.F.);
#897=ORIENTED_EDGE('',*,*,#647,.T.);
#898=ORIENTED_EDGE('',*,*,#669,.F.);
#899=ORIENTED_EDGE('',*,*,#682,.T.);
#900=ORIENTED_EDGE('',*,*,#680,.F.);
#901=ORIENTED_EDGE('',*,*,#655,.T.);
#902=ORIENTED_EDGE('',*,*,#679,.F.);
#903=ORIENTED_EDGE('',*,*,#683,.T.);
#904=ORIENTED_EDGE('',*,*,#684,.T.);
#905=ORIENTED_EDGE('',*,*,#685,.T.);
#906=ORIENTED_EDGE('',*,*,#681,.F.);
#907=ORIENTED_EDGE('',*,*,#686,.F.);
#908=ORIENTED_EDGE('',*,*,#687,.F.);
#909=ORIENTED_EDGE('',*,*,#683,.F.);
#910=ORIENTED_EDGE('',*,*,#682,.F.);
#911=ORIENTED_EDGE('',*,*,#688,.T.);
#912=ORIENTED_EDGE('',*,*,#689,.T.);
#913=ORIENTED_EDGE('',*,*,#686,.T.);
#914=ORIENTED_EDGE('',*,*,#668,.F.);
#915=ORIENTED_EDGE('',*,*,#690,.F.);
#916=ORIENTED_EDGE('',*,*,#691,.F.);
#917=ORIENTED_EDGE('',*,*,#688,.F.);
#918=ORIENTED_EDGE('',*,*,#692,.F.);
#919=ORIENTED_EDGE('',*,*,#693,.F.);
#920=ORIENTED_EDGE('',*,*,#694,.F.);
#921=ORIENTED_EDGE('',*,*,#695,.F.);
#922=ORIENTED_EDGE('',*,*,#696,.F.);
#923=ORIENTED_EDGE('',*,*,#697,.F.);
#924=ORIENTED_EDGE('',*,*,#698,.F.);
#925=ORIENTED_EDGE('',*,*,#699,.F.);
#926=ORIENTED_EDGE('',*,*,#677,.F.);
#927=ORIENTED_EDGE('',*,*,#685,.F.);
#928=ORIENTED_EDGE('',*,*,#700,.F.);
#929=ORIENTED_EDGE('',*,*,#701,.F.);
#930=ORIENTED_EDGE('',*,*,#702,.T.);
#931=ORIENTED_EDGE('',*,*,#692,.T.);
#932=ORIENTED_EDGE('',*,*,#703,.T.);
#933=ORIENTED_EDGE('',*,*,#704,.T.);
#934=ORIENTED_EDGE('',*,*,#705,.T.);
#935=ORIENTED_EDGE('',*,*,#706,.T.);
#936=ORIENTED_EDGE('',*,*,#703,.F.);
#937=ORIENTED_EDGE('',*,*,#699,.T.);
#938=ORIENTED_EDGE('',*,*,#707,.T.);
#939=ORIENTED_EDGE('',*,*,#708,.T.);
#940=ORIENTED_EDGE('',*,*,#705,.F.);
#941=ORIENTED_EDGE('',*,*,#698,.T.);
#942=ORIENTED_EDGE('',*,*,#709,.T.);
#943=ORIENTED_EDGE('',*,*,#710,.T.);
#944=ORIENTED_EDGE('',*,*,#707,.F.);
#945=ORIENTED_EDGE('',*,*,#697,.T.);
#946=ORIENTED_EDGE('',*,*,#711,.T.);
#947=ORIENTED_EDGE('',*,*,#712,.T.);
#948=ORIENTED_EDGE('',*,*,#709,.F.);
#949=ORIENTED_EDGE('',*,*,#696,.T.);
#950=ORIENTED_EDGE('',*,*,#713,.T.);
#951=ORIENTED_EDGE('',*,*,#714,.T.);
#952=ORIENTED_EDGE('',*,*,#711,.F.);
#953=ORIENTED_EDGE('',*,*,#695,.T.);
#954=ORIENTED_EDGE('',*,*,#715,.T.);
#955=ORIENTED_EDGE('',*,*,#716,.T.);
#956=ORIENTED_EDGE('',*,*,#713,.F.);
#957=ORIENTED_EDGE('',*,*,#694,.T.);
#958=ORIENTED_EDGE('',*,*,#702,.F.);
#959=ORIENTED_EDGE('',*,*,#717,.T.);
#960=ORIENTED_EDGE('',*,*,#715,.F.);
#961=ORIENTED_EDGE('',*,*,#693,.T.);
#962=ORIENTED_EDGE('',*,*,#714,.F.);
#963=ORIENTED_EDGE('',*,*,#718,.F.);
#964=ORIENTED_EDGE('',*,*,#719,.F.);
#965=ORIENTED_EDGE('',*,*,#720,.T.);
#966=ORIENTED_EDGE('',*,*,#716,.F.);
#967=ORIENTED_EDGE('',*,*,#721,.F.);
#968=ORIENTED_EDGE('',*,*,#722,.F.);
#969=ORIENTED_EDGE('',*,*,#718,.T.);
#970=ORIENTED_EDGE('',*,*,#717,.F.);
#971=ORIENTED_EDGE('',*,*,#723,.F.);
#972=ORIENTED_EDGE('',*,*,#724,.F.);
#973=ORIENTED_EDGE('',*,*,#721,.T.);
#974=ORIENTED_EDGE('',*,*,#704,.F.);
#975=ORIENTED_EDGE('',*,*,#725,.F.);
#976=ORIENTED_EDGE('',*,*,#726,.F.);
#977=ORIENTED_EDGE('',*,*,#723,.T.);
#978=ORIENTED_EDGE('',*,*,#689,.F.);
#979=ORIENTED_EDGE('',*,*,#691,.T.);
#980=ORIENTED_EDGE('',*,*,#727,.F.);
#981=ORIENTED_EDGE('',*,*,#728,.T.);
#982=ORIENTED_EDGE('',*,*,#729,.F.);
#983=ORIENTED_EDGE('',*,*,#700,.T.);
#984=ORIENTED_EDGE('',*,*,#684,.F.);
#985=ORIENTED_EDGE('',*,*,#687,.T.);
#986=ORIENTED_EDGE('',*,*,#730,.T.);
#987=ORIENTED_EDGE('',*,*,#731,.T.);
#988=ORIENTED_EDGE('',*,*,#732,.T.);
#989=ORIENTED_EDGE('',*,*,#733,.T.);
#990=ORIENTED_EDGE('',*,*,#734,.T.);
#991=ORIENTED_EDGE('',*,*,#735,.T.);
#992=ORIENTED_EDGE('',*,*,#736,.F.);
#993=ORIENTED_EDGE('',*,*,#737,.F.);
#994=ORIENTED_EDGE('',*,*,#738,.T.);
#995=ORIENTED_EDGE('',*,*,#739,.T.);
#996=ORIENTED_EDGE('',*,*,#740,.T.);
#997=ORIENTED_EDGE('',*,*,#741,.T.);
#998=ORIENTED_EDGE('',*,*,#671,.F.);
#999=ORIENTED_EDGE('',*,*,#742,.T.);
#1000=ORIENTED_EDGE('',*,*,#727,.T.);
#1001=ORIENTED_EDGE('',*,*,#690,.T.);
#1002=ORIENTED_EDGE('',*,*,#673,.F.);
#1003=ORIENTED_EDGE('',*,*,#743,.F.);
#1004=ORIENTED_EDGE('',*,*,#728,.F.);
#1005=ORIENTED_EDGE('',*,*,#742,.F.);
#1006=ORIENTED_EDGE('',*,*,#675,.F.);
#1007=ORIENTED_EDGE('',*,*,#701,.T.);
#1008=ORIENTED_EDGE('',*,*,#729,.T.);
#1009=ORIENTED_EDGE('',*,*,#743,.T.);
#1010=ORIENTED_EDGE('',*,*,#741,.F.);
#1011=ORIENTED_EDGE('',*,*,#744,.T.);
#1012=ORIENTED_EDGE('',*,*,#745,.T.);
#1013=ORIENTED_EDGE('',*,*,#744,.F.);
#1014=ORIENTED_EDGE('',*,*,#745,.F.);
#1015=ORIENTED_EDGE('',*,*,#740,.F.);
#1016=ORIENTED_EDGE('',*,*,#746,.T.);
#1017=ORIENTED_EDGE('',*,*,#747,.T.);
#1018=ORIENTED_EDGE('',*,*,#746,.F.);
#1019=ORIENTED_EDGE('',*,*,#747,.F.);
#1020=ORIENTED_EDGE('',*,*,#739,.F.);
#1021=ORIENTED_EDGE('',*,*,#748,.T.);
#1022=ORIENTED_EDGE('',*,*,#749,.T.);
#1023=ORIENTED_EDGE('',*,*,#748,.F.);
#1024=ORIENTED_EDGE('',*,*,#749,.F.);
#1025=ORIENTED_EDGE('',*,*,#738,.F.);
#1026=ORIENTED_EDGE('',*,*,#750,.T.);
#1027=ORIENTED_EDGE('',*,*,#751,.T.);
#1028=ORIENTED_EDGE('',*,*,#750,.F.);
#1029=ORIENTED_EDGE('',*,*,#751,.F.);
#1030=ORIENTED_EDGE('',*,*,#706,.F.);
#1031=ORIENTED_EDGE('',*,*,#752,.F.);
#1032=ORIENTED_EDGE('',*,*,#753,.F.);
#1033=ORIENTED_EDGE('',*,*,#725,.T.);
#1034=ORIENTED_EDGE('',*,*,#708,.F.);
#1035=ORIENTED_EDGE('',*,*,#754,.F.);
#1036=ORIENTED_EDGE('',*,*,#755,.F.);
#1037=ORIENTED_EDGE('',*,*,#752,.T.);
#1038=ORIENTED_EDGE('',*,*,#712,.F.);
#1039=ORIENTED_EDGE('',*,*,#720,.F.);
#1040=ORIENTED_EDGE('',*,*,#756,.F.);
#1041=ORIENTED_EDGE('',*,*,#757,.T.);
#1042=ORIENTED_EDGE('',*,*,#710,.F.);
#1043=ORIENTED_EDGE('',*,*,#757,.F.);
#1044=ORIENTED_EDGE('',*,*,#758,.F.);
#1045=ORIENTED_EDGE('',*,*,#754,.T.);
#1046=ORIENTED_EDGE('',*,*,#759,.F.);
#1047=ORIENTED_EDGE('',*,*,#760,.T.);
#1048=ORIENTED_EDGE('',*,*,#761,.F.);
#1049=ORIENTED_EDGE('',*,*,#762,.T.);
#1050=ORIENTED_EDGE('',*,*,#759,.T.);
#1051=ORIENTED_EDGE('',*,*,#763,.F.);
#1052=ORIENTED_EDGE('',*,*,#764,.T.);
#1053=ORIENTED_EDGE('',*,*,#765,.F.);
#1054=ORIENTED_EDGE('',*,*,#766,.F.);
#1055=ORIENTED_EDGE('',*,*,#767,.T.);
#1056=ORIENTED_EDGE('',*,*,#768,.F.);
#1057=ORIENTED_EDGE('',*,*,#762,.F.);
#1058=ORIENTED_EDGE('',*,*,#769,.T.);
#1059=ORIENTED_EDGE('',*,*,#770,.T.);
#1060=ORIENTED_EDGE('',*,*,#763,.T.);
#1061=ORIENTED_EDGE('',*,*,#771,.T.);
#1062=ORIENTED_EDGE('',*,*,#772,.T.);
#1063=ORIENTED_EDGE('',*,*,#765,.T.);
#1064=ORIENTED_EDGE('',*,*,#773,.T.);
#1065=ORIENTED_EDGE('',*,*,#774,.T.);
#1066=ORIENTED_EDGE('',*,*,#775,.T.);
#1067=ORIENTED_EDGE('',*,*,#776,.T.);
#1068=ORIENTED_EDGE('',*,*,#777,.T.);
#1069=ORIENTED_EDGE('',*,*,#778,.T.);
#1070=ORIENTED_EDGE('',*,*,#779,.T.);
#1071=ORIENTED_EDGE('',*,*,#780,.T.);
#1072=ORIENTED_EDGE('',*,*,#773,.F.);
#1073=ORIENTED_EDGE('',*,*,#781,.T.);
#1074=ORIENTED_EDGE('',*,*,#779,.F.);
#1075=ORIENTED_EDGE('',*,*,#782,.T.);
#1076=ORIENTED_EDGE('',*,*,#783,.T.);
#1077=ORIENTED_EDGE('',*,*,#777,.F.);
#1078=ORIENTED_EDGE('',*,*,#771,.F.);
#1079=ORIENTED_EDGE('',*,*,#780,.F.);
#1080=ORIENTED_EDGE('',*,*,#784,.F.);
#1081=ORIENTED_EDGE('',*,*,#736,.T.);
#1082=ORIENTED_EDGE('',*,*,#785,.F.);
#1083=ORIENTED_EDGE('',*,*,#786,.F.);
#1084=ORIENTED_EDGE('',*,*,#781,.F.);
#1085=ORIENTED_EDGE('',*,*,#776,.F.);
#1086=ORIENTED_EDGE('',*,*,#787,.F.);
#1087=ORIENTED_EDGE('',*,*,#788,.F.);
#1088=ORIENTED_EDGE('',*,*,#789,.T.);
#1089=ORIENTED_EDGE('',*,*,#737,.T.);
#1090=ORIENTED_EDGE('',*,*,#784,.T.);
#1091=ORIENTED_EDGE('',*,*,#790,.T.);
#1092=ORIENTED_EDGE('',*,*,#787,.T.);
#1093=ORIENTED_EDGE('',*,*,#775,.F.);
#1094=ORIENTED_EDGE('',*,*,#791,.T.);
#1095=ORIENTED_EDGE('',*,*,#792,.T.);
#1096=ORIENTED_EDGE('',*,*,#766,.T.);
#1097=ORIENTED_EDGE('',*,*,#772,.F.);
#1098=ORIENTED_EDGE('',*,*,#793,.T.);
#1099=ORIENTED_EDGE('',*,*,#794,.T.);
#1100=ORIENTED_EDGE('',*,*,#795,.T.);
#1101=ORIENTED_EDGE('',*,*,#794,.F.);
#1102=ORIENTED_EDGE('',*,*,#796,.T.);
#1103=ORIENTED_EDGE('',*,*,#792,.F.);
#1104=ORIENTED_EDGE('',*,*,#790,.F.);
#1105=ORIENTED_EDGE('',*,*,#796,.F.);
#1106=ORIENTED_EDGE('',*,*,#793,.F.);
#1107=ORIENTED_EDGE('',*,*,#786,.T.);
#1108=ORIENTED_EDGE('',*,*,#797,.T.);
#1109=ORIENTED_EDGE('',*,*,#798,.T.);
#1110=ORIENTED_EDGE('',*,*,#799,.T.);
#1111=ORIENTED_EDGE('',*,*,#800,.T.);
#1112=ORIENTED_EDGE('',*,*,#801,.T.);
#1113=ORIENTED_EDGE('',*,*,#802,.T.);
#1114=ORIENTED_EDGE('',*,*,#788,.T.);
#1115=ORIENTED_EDGE('',*,*,#789,.F.);
#1116=ORIENTED_EDGE('',*,*,#802,.F.);
#1117=ORIENTED_EDGE('',*,*,#803,.T.);
#1118=ORIENTED_EDGE('',*,*,#730,.F.);
#1119=ORIENTED_EDGE('',*,*,#761,.T.);
#1120=ORIENTED_EDGE('',*,*,#804,.F.);
#1121=ORIENTED_EDGE('',*,*,#805,.T.);
#1122=ORIENTED_EDGE('',*,*,#791,.F.);
#1123=ORIENTED_EDGE('',*,*,#774,.F.);
#1124=ORIENTED_EDGE('',*,*,#783,.F.);
#1125=ORIENTED_EDGE('',*,*,#806,.F.);
#1126=ORIENTED_EDGE('',*,*,#769,.F.);
#1127=ORIENTED_EDGE('',*,*,#778,.F.);
#1128=ORIENTED_EDGE('',*,*,#764,.F.);
#1129=ORIENTED_EDGE('',*,*,#770,.F.);
#1130=ORIENTED_EDGE('',*,*,#806,.T.);
#1131=ORIENTED_EDGE('',*,*,#782,.F.);
#1132=ORIENTED_EDGE('',*,*,#795,.F.);
#1133=ORIENTED_EDGE('',*,*,#805,.F.);
#1134=ORIENTED_EDGE('',*,*,#807,.F.);
#1135=ORIENTED_EDGE('',*,*,#767,.F.);
#1136=ORIENTED_EDGE('',*,*,#734,.F.);
#1137=ORIENTED_EDGE('',*,*,#808,.F.);
#1138=ORIENTED_EDGE('',*,*,#798,.F.);
#1139=ORIENTED_EDGE('',*,*,#809,.T.);
#1140=ORIENTED_EDGE('',*,*,#809,.F.);
#1141=ORIENTED_EDGE('',*,*,#797,.F.);
#1142=ORIENTED_EDGE('',*,*,#785,.T.);
#1143=ORIENTED_EDGE('',*,*,#735,.F.);
#1144=ORIENTED_EDGE('',*,*,#803,.F.);
#1145=ORIENTED_EDGE('',*,*,#801,.F.);
#1146=ORIENTED_EDGE('',*,*,#810,.T.);
#1147=ORIENTED_EDGE('',*,*,#731,.F.);
#1148=ORIENTED_EDGE('',*,*,#733,.F.);
#1149=ORIENTED_EDGE('',*,*,#811,.F.);
#1150=ORIENTED_EDGE('',*,*,#799,.F.);
#1151=ORIENTED_EDGE('',*,*,#808,.T.);
#1152=ORIENTED_EDGE('',*,*,#810,.F.);
#1153=ORIENTED_EDGE('',*,*,#800,.F.);
#1154=ORIENTED_EDGE('',*,*,#811,.T.);
#1155=ORIENTED_EDGE('',*,*,#732,.F.);
#1156=ORIENTED_EDGE('',*,*,#755,.T.);
#1157=ORIENTED_EDGE('',*,*,#758,.T.);
#1158=ORIENTED_EDGE('',*,*,#756,.T.);
#1159=ORIENTED_EDGE('',*,*,#719,.T.);
#1160=ORIENTED_EDGE('',*,*,#722,.T.);
#1161=ORIENTED_EDGE('',*,*,#724,.T.);
#1162=ORIENTED_EDGE('',*,*,#726,.T.);
#1163=ORIENTED_EDGE('',*,*,#753,.T.);
#1164=ORIENTED_EDGE('',*,*,#760,.F.);
#1165=ORIENTED_EDGE('',*,*,#768,.T.);
#1166=ORIENTED_EDGE('',*,*,#807,.T.);
#1167=ORIENTED_EDGE('',*,*,#804,.T.);
#1168=CYLINDRICAL_SURFACE('',#1285,5.);
#1169=CYLINDRICAL_SURFACE('',#1289,5.);
#1170=CYLINDRICAL_SURFACE('',#1293,5.);
#1171=CYLINDRICAL_SURFACE('',#1297,5.);
#1172=CYLINDRICAL_SURFACE('',#1306,0.500000000000006);
#1173=CYLINDRICAL_SURFACE('',#1309,0.500000000000003);
#1174=CYLINDRICAL_SURFACE('',#1311,0.499999999999999);
#1175=CYLINDRICAL_SURFACE('',#1314,0.500000000000009);
#1176=CYLINDRICAL_SURFACE('',#1329,3.);
#1177=CYLINDRICAL_SURFACE('',#1332,3.);
#1178=CYLINDRICAL_SURFACE('',#1340,0.5);
#1179=CYLINDRICAL_SURFACE('',#1346,0.5);
#1180=CYLINDRICAL_SURFACE('',#1351,0.5);
#1181=CYLINDRICAL_SURFACE('',#1356,0.5);
#1182=CYLINDRICAL_SURFACE('',#1360,2.75);
#1183=CYLINDRICAL_SURFACE('',#1363,2.75);
#1184=CYLINDRICAL_SURFACE('',#1377,3.);
#1185=CYLINDRICAL_SURFACE('',#1379,3.);
#1186=CYLINDRICAL_SURFACE('',#1380,1.5);
#1187=CYLINDRICAL_SURFACE('',#1383,1.5);
#1188=CYLINDRICAL_SURFACE('',#1386,1.5);
#1189=CYLINDRICAL_SURFACE('',#1389,1.5);
#1190=CYLINDRICAL_SURFACE('',#1392,2.75);
#1191=CYLINDRICAL_SURFACE('',#1396,2.75);
#1192=CYLINDRICAL_SURFACE('',#1398,1.);
#1193=CYLINDRICAL_SURFACE('',#1403,1.);
#1194=CYLINDRICAL_SURFACE('',#1406,1.);
#1195=CYLINDRICAL_SURFACE('',#1408,1.);
#1196=CYLINDRICAL_SURFACE('',#1414,4.);
#1197=CYLINDRICAL_SURFACE('',#1416,1.);
#1198=CYLINDRICAL_SURFACE('',#1418,1.);
#1199=CYLINDRICAL_SURFACE('',#1420,1.);
#1200=CYLINDRICAL_SURFACE('',#1430,6.00237912856482);
#1201=CYLINDRICAL_SURFACE('',#1431,6.00237912855527);
#1202=CYLINDRICAL_SURFACE('',#1432,6.00237912856525);
#1203=ADVANCED_FACE('',(#83),#1168,.F.);
#1204=ADVANCED_FACE('',(#84),#47,.T.);
#1205=ADVANCED_FACE('',(#85),#1169,.F.);
#1206=ADVANCED_FACE('',(#86),#48,.T.);
#1207=ADVANCED_FACE('',(#87),#1170,.F.);
#1208=ADVANCED_FACE('',(#88),#49,.T.);
#1209=ADVANCED_FACE('',(#89),#1171,.F.);
#1210=ADVANCED_FACE('',(#90),#50,.T.);
#1211=ADVANCED_FACE('',(#91,#27,#28,#29,#30),#51,.F.);
#1212=ADVANCED_FACE('',(#92),#1172,.T.);
#1213=ADVANCED_FACE('',(#93),#52,.T.);
#1214=ADVANCED_FACE('',(#94),#1173,.T.);
#1215=ADVANCED_FACE('',(#95),#1174,.T.);
#1216=ADVANCED_FACE('',(#96),#53,.T.);
#1217=ADVANCED_FACE('',(#97),#1175,.T.);
#1218=ADVANCED_FACE('',(#98),#54,.T.);
#1219=ADVANCED_FACE('',(#99),#55,.T.);
#1220=ADVANCED_FACE('',(#100),#23,.T.);
#1221=ADVANCED_FACE('',(#101),#56,.T.);
#1222=ADVANCED_FACE('',(#102),#24,.T.);
#1223=ADVANCED_FACE('',(#103),#57,.T.);
#1224=ADVANCED_FACE('',(#104),#25,.T.);
#1225=ADVANCED_FACE('',(#105),#58,.T.);
#1226=ADVANCED_FACE('',(#106),#26,.T.);
#1227=ADVANCED_FACE('',(#107),#1176,.T.);
#1228=ADVANCED_FACE('',(#108),#59,.F.);
#1229=ADVANCED_FACE('',(#109),#1177,.T.);
#1230=ADVANCED_FACE('',(#110,#31),#60,.T.);
#1231=ADVANCED_FACE('',(#111),#61,.F.);
#1232=ADVANCED_FACE('',(#112),#1178,.T.);
#1233=ADVANCED_FACE('',(#113),#18,.T.);
#1234=ADVANCED_FACE('',(#114),#1179,.T.);
#1235=ADVANCED_FACE('',(#115),#19,.T.);
#1236=ADVANCED_FACE('',(#116),#1180,.T.);
#1237=ADVANCED_FACE('',(#117),#20,.T.);
#1238=ADVANCED_FACE('',(#118),#1181,.T.);
#1239=ADVANCED_FACE('',(#119),#21,.T.);
#1240=ADVANCED_FACE('',(#120),#1182,.F.);
#1241=ADVANCED_FACE('',(#121),#62,.F.);
#1242=ADVANCED_FACE('',(#122),#1183,.F.);
#1243=ADVANCED_FACE('',(#123),#63,.F.);
#1244=ADVANCED_FACE('',(#124,#32,#33,#34,#35,#36),#64,.F.);
#1245=ADVANCED_FACE('',(#125),#1184,.T.);
#1246=ADVANCED_FACE('',(#126),#65,.F.);
#1247=ADVANCED_FACE('',(#127),#1185,.T.);
#1248=ADVANCED_FACE('',(#128),#1186,.F.);
#1249=ADVANCED_FACE('',(#129),#66,.T.);
#1250=ADVANCED_FACE('',(#130),#1187,.F.);
#1251=ADVANCED_FACE('',(#131),#67,.T.);
#1252=ADVANCED_FACE('',(#132),#1188,.F.);
#1253=ADVANCED_FACE('',(#133),#68,.T.);
#1254=ADVANCED_FACE('',(#134),#1189,.F.);
#1255=ADVANCED_FACE('',(#135),#69,.T.);
#1256=ADVANCED_FACE('',(#136),#1190,.F.);
#1257=ADVANCED_FACE('',(#137),#70,.F.);
#1258=ADVANCED_FACE('',(#138),#71,.F.);
#1259=ADVANCED_FACE('',(#139),#1191,.F.);
#1260=ADVANCED_FACE('',(#140),#1192,.F.);
#1261=ADVANCED_FACE('',(#141),#72,.F.);
#1262=ADVANCED_FACE('',(#142),#73,.F.);
#1263=ADVANCED_FACE('',(#143),#1193,.T.);
#1264=ADVANCED_FACE('',(#144),#1194,.T.);
#1265=ADVANCED_FACE('',(#145),#1195,.T.);
#1266=ADVANCED_FACE('',(#146),#22,.T.);
#1267=ADVANCED_FACE('',(#147),#74,.T.);
#1268=ADVANCED_FACE('',(#148),#1196,.F.);
#1269=ADVANCED_FACE('',(#149),#1197,.T.);
#1270=ADVANCED_FACE('',(#150),#1198,.T.);
#1271=ADVANCED_FACE('',(#151),#1199,.T.);
#1272=ADVANCED_FACE('',(#152),#75,.F.);
#1273=ADVANCED_FACE('',(#153),#76,.T.);
#1274=ADVANCED_FACE('',(#154),#77,.F.);
#1275=ADVANCED_FACE('',(#155),#78,.F.);
#1276=ADVANCED_FACE('',(#156),#79,.F.);
#1277=ADVANCED_FACE('',(#157),#80,.T.);
#1278=ADVANCED_FACE('',(#158),#1200,.F.);
#1279=ADVANCED_FACE('',(#159),#1201,.F.);
#1280=ADVANCED_FACE('',(#160),#1202,.F.);
#1281=ADVANCED_FACE('',(#161,#37),#81,.T.);
#1282=ADVANCED_FACE('',(#162),#82,.T.);
#1283=CLOSED_SHELL('',(#1203,#1204,#1205,#1206,#1207,#1208,#1209,#1210,
#1211,#1212,#1213,#1214,#1215,#1216,#1217,#1218,#1219,#1220,#1221,#1222,
#1223,#1224,#1225,#1226,#1227,#1228,#1229,#1230,#1231,#1232,#1233,#1234,
#1235,#1236,#1237,#1238,#1239,#1240,#1241,#1242,#1243,#1244,#1245,#1246,
#1247,#1248,#1249,#1250,#1251,#1252,#1253,#1254,#1255,#1256,#1257,#1258,
#1259,#1260,#1261,#1262,#1263,#1264,#1265,#1266,#1267,#1268,#1269,#1270,
#1271,#1272,#1273,#1274,#1275,#1276,#1277,#1278,#1279,#1280,#1281,#1282));
#1284=AXIS2_PLACEMENT_3D('',#1842,#1435,#1436);
#1285=AXIS2_PLACEMENT_3D('',#1843,#1437,#1438);
#1286=AXIS2_PLACEMENT_3D('',#1845,#1439,#1440);
#1287=AXIS2_PLACEMENT_3D('',#1848,#1442,#1443);
#1288=AXIS2_PLACEMENT_3D('',#1849,#1444,#1445);
#1289=AXIS2_PLACEMENT_3D('',#1850,#1446,#1447);
#1290=AXIS2_PLACEMENT_3D('',#1852,#1448,#1449);
#1291=AXIS2_PLACEMENT_3D('',#1855,#1451,#1452);
#1292=AXIS2_PLACEMENT_3D('',#1856,#1453,#1454);
#1293=AXIS2_PLACEMENT_3D('',#1857,#1455,#1456);
#1294=AXIS2_PLACEMENT_3D('',#1859,#1457,#1458);
#1295=AXIS2_PLACEMENT_3D('',#1862,#1460,#1461);
#1296=AXIS2_PLACEMENT_3D('',#1863,#1462,#1463);
#1297=AXIS2_PLACEMENT_3D('',#1864,#1464,#1465);
#1298=AXIS2_PLACEMENT_3D('',#1866,#1466,#1467);
#1299=AXIS2_PLACEMENT_3D('',#1869,#1469,#1470);
#1300=AXIS2_PLACEMENT_3D('',#1870,#1471,#1472);
#1301=AXIS2_PLACEMENT_3D('',#1871,#1473,#1474);
#1302=AXIS2_PLACEMENT_3D('',#1874,#1475,#1476);
#1303=AXIS2_PLACEMENT_3D('',#1878,#1478,#1479);
#1304=AXIS2_PLACEMENT_3D('',#1882,#1481,#1482);
#1305=AXIS2_PLACEMENT_3D('',#1886,#1484,#1485);
#1306=AXIS2_PLACEMENT_3D('',#1888,#1487,#1488);
#1307=AXIS2_PLACEMENT_3D('',#1891,#1490,#1491);
#1308=AXIS2_PLACEMENT_3D('',#1892,#1492,#1493);
#1309=AXIS2_PLACEMENT_3D('',#1896,#1496,#1497);
#1310=AXIS2_PLACEMENT_3D('',#1899,#1499,#1500);
#1311=AXIS2_PLACEMENT_3D('',#1900,#1501,#1502);
#1312=AXIS2_PLACEMENT_3D('',#1904,#1504,#1505);
#1313=AXIS2_PLACEMENT_3D('',#1906,#1507,#1508);
#1314=AXIS2_PLACEMENT_3D('',#1910,#1511,#1512);
#1315=AXIS2_PLACEMENT_3D('',#1911,#1513,#1514);
#1316=AXIS2_PLACEMENT_3D('',#1912,#1515,#1516);
#1317=AXIS2_PLACEMENT_3D('',#1914,#1518,#1519);
#1318=AXIS2_PLACEMENT_3D('',#1920,#1523,#1524);
#1319=AXIS2_PLACEMENT_3D('',#1923,#1526,#1527);
#1320=AXIS2_PLACEMENT_3D('',#1924,#1528,#1529);
#1321=AXIS2_PLACEMENT_3D('',#1928,#1532,#1533);
#1322=AXIS2_PLACEMENT_3D('',#1931,#1535,#1536);
#1323=AXIS2_PLACEMENT_3D('',#1932,#1537,#1538);
#1324=AXIS2_PLACEMENT_3D('',#1936,#1541,#1542);
#1325=AXIS2_PLACEMENT_3D('',#1939,#1544,#1545);
#1326=AXIS2_PLACEMENT_3D('',#1940,#1546,#1547);
#1327=AXIS2_PLACEMENT_3D('',#1944,#1550,#1551);
#1328=AXIS2_PLACEMENT_3D('',#1945,#1552,#1553);
#1329=AXIS2_PLACEMENT_3D('',#1946,#1554,#1555);
#1330=AXIS2_PLACEMENT_3D('',#1950,#1557,#1558);
#1331=AXIS2_PLACEMENT_3D('',#1952,#1560,#1561);
#1332=AXIS2_PLACEMENT_3D('',#1956,#1564,#1565);
#1333=AXIS2_PLACEMENT_3D('',#1959,#1567,#1568);
#1334=AXIS2_PLACEMENT_3D('',#1960,#1569,#1570);
#1335=AXIS2_PLACEMENT_3D('',#1968,#1574,#1575);
#1336=AXIS2_PLACEMENT_3D('',#1972,#1577,#1578);
#1337=AXIS2_PLACEMENT_3D('',#1976,#1580,#1581);
#1338=AXIS2_PLACEMENT_3D('',#1979,#1583,#1584);
#1339=AXIS2_PLACEMENT_3D('',#1980,#1585,#1586);
#1340=AXIS2_PLACEMENT_3D('',#1984,#1589,#1590);
#1341=AXIS2_PLACEMENT_3D('',#1986,#1591,#1592);
#1342=AXIS2_PLACEMENT_3D('',#1988,#1593,#1594);
#1343=AXIS2_PLACEMENT_3D('',#1990,#1596,#1597);
#1344=AXIS2_PLACEMENT_3D('',#1992,#1598,#1599);
#1345=AXIS2_PLACEMENT_3D('',#1993,#1600,#1601);
#1346=AXIS2_PLACEMENT_3D('',#1994,#1602,#1603);
#1347=AXIS2_PLACEMENT_3D('',#1996,#1604,#1605);
#1348=AXIS2_PLACEMENT_3D('',#1998,#1607,#1608);
#1349=AXIS2_PLACEMENT_3D('',#2000,#1609,#1610);
#1350=AXIS2_PLACEMENT_3D('',#2001,#1611,#1612);
#1351=AXIS2_PLACEMENT_3D('',#2002,#1613,#1614);
#1352=AXIS2_PLACEMENT_3D('',#2004,#1615,#1616);
#1353=AXIS2_PLACEMENT_3D('',#2006,#1618,#1619);
#1354=AXIS2_PLACEMENT_3D('',#2008,#1620,#1621);
#1355=AXIS2_PLACEMENT_3D('',#2009,#1622,#1623);
#1356=AXIS2_PLACEMENT_3D('',#2010,#1624,#1625);
#1357=AXIS2_PLACEMENT_3D('',#2012,#1626,#1627);
#1358=AXIS2_PLACEMENT_3D('',#2014,#1629,#1630);
#1359=AXIS2_PLACEMENT_3D('',#2015,#1631,#1632);
#1360=AXIS2_PLACEMENT_3D('',#2016,#1633,#1634);
#1361=AXIS2_PLACEMENT_3D('',#2020,#1636,#1637);
#1362=AXIS2_PLACEMENT_3D('',#2022,#1639,#1640);
#1363=AXIS2_PLACEMENT_3D('',#2026,#1643,#1644);
#1364=AXIS2_PLACEMENT_3D('',#2029,#1646,#1647);
#1365=AXIS2_PLACEMENT_3D('',#2030,#1648,#1649);
#1366=AXIS2_PLACEMENT_3D('',#2034,#1652,#1653);
#1367=AXIS2_PLACEMENT_3D('',#2036,#1654,#1655);
#1368=AXIS2_PLACEMENT_3D('',#2039,#1657,#1658);
#1369=AXIS2_PLACEMENT_3D('',#2044,#1660,#1661);
#1370=AXIS2_PLACEMENT_3D('',#2048,#1663,#1664);
#1371=AXIS2_PLACEMENT_3D('',#2052,#1666,#1667);
#1372=AXIS2_PLACEMENT_3D('',#2055,#1669,#1670);
#1373=AXIS2_PLACEMENT_3D('',#2057,#1671,#1672);
#1374=AXIS2_PLACEMENT_3D('',#2059,#1673,#1674);
#1375=AXIS2_PLACEMENT_3D('',#2061,#1675,#1676);
#1376=AXIS2_PLACEMENT_3D('',#2063,#1677,#1678);
#1377=AXIS2_PLACEMENT_3D('',#2064,#1679,#1680);
#1378=AXIS2_PLACEMENT_3D('',#2066,#1682,#1683);
#1379=AXIS2_PLACEMENT_3D('',#2068,#1685,#1686);
#1380=AXIS2_PLACEMENT_3D('',#2069,#1687,#1688);
#1381=AXIS2_PLACEMENT_3D('',#2072,#1690,#1691);
#1382=AXIS2_PLACEMENT_3D('',#2073,#1692,#1693);
#1383=AXIS2_PLACEMENT_3D('',#2074,#1694,#1695);
#1384=AXIS2_PLACEMENT_3D('',#2077,#1697,#1698);
#1385=AXIS2_PLACEMENT_3D('',#2078,#1699,#1700);
#1386=AXIS2_PLACEMENT_3D('',#2079,#1701,#1702);
#1387=AXIS2_PLACEMENT_3D('',#2082,#1704,#1705);
#1388=AXIS2_PLACEMENT_3D('',#2083,#1706,#1707);
#1389=AXIS2_PLACEMENT_3D('',#2084,#1708,#1709);
#1390=AXIS2_PLACEMENT_3D('',#2087,#1711,#1712);
#1391=AXIS2_PLACEMENT_3D('',#2088,#1713,#1714);
#1392=AXIS2_PLACEMENT_3D('',#2089,#1715,#1716);
#1393=AXIS2_PLACEMENT_3D('',#2092,#1718,#1719);
#1394=AXIS2_PLACEMENT_3D('',#2093,#1720,#1721);
#1395=AXIS2_PLACEMENT_3D('',#2097,#1724,#1725);
#1396=AXIS2_PLACEMENT_3D('',#2101,#1728,#1729);
#1397=AXIS2_PLACEMENT_3D('',#2102,#1730,#1731);
#1398=AXIS2_PLACEMENT_3D('',#2103,#1732,#1733);
#1399=AXIS2_PLACEMENT_3D('',#2106,#1734,#1735);
#1400=AXIS2_PLACEMENT_3D('',#2110,#1737,#1738);
#1401=AXIS2_PLACEMENT_3D('',#2112,#1740,#1741);
#1402=AXIS2_PLACEMENT_3D('',#2124,#1748,#1749);
#1403=AXIS2_PLACEMENT_3D('',#2128,#1752,#1753);
#1404=AXIS2_PLACEMENT_3D('',#2132,#1755,#1756);
#1405=AXIS2_PLACEMENT_3D('',#2133,#1757,#1758);
#1406=AXIS2_PLACEMENT_3D('',#2134,#1759,#1760);
#1407=AXIS2_PLACEMENT_3D('',#2139,#1762,#1763);
#1408=AXIS2_PLACEMENT_3D('',#2154,#1765,#1766);
#1409=AXIS2_PLACEMENT_3D('',#2158,#1768,#1769);
#1410=AXIS2_PLACEMENT_3D('',#2160,#1771,#1772);
#1411=AXIS2_PLACEMENT_3D('',#2161,#1773,#1774);
#1412=AXIS2_PLACEMENT_3D('',#2163,#1775,#1776);
#1413=AXIS2_PLACEMENT_3D('',#2168,#1777,#1778);
#1414=AXIS2_PLACEMENT_3D('',#2173,#1782,#1783);
#1415=AXIS2_PLACEMENT_3D('',#2180,#1784,#1785);
#1416=AXIS2_PLACEMENT_3D('',#2182,#1787,#1788);
#1417=AXIS2_PLACEMENT_3D('',#2187,#1791,#1792);
#1418=AXIS2_PLACEMENT_3D('',#2188,#1793,#1794);
#1419=AXIS2_PLACEMENT_3D('',#2191,#1796,#1797);
#1420=AXIS2_PLACEMENT_3D('',#2192,#1798,#1799);
#1421=AXIS2_PLACEMENT_3D('',#2195,#1802,#1803);
#1422=AXIS2_PLACEMENT_3D('',#2197,#1804,#1805);
#1423=AXIS2_PLACEMENT_3D('',#2201,#1807,#1808);
#1424=AXIS2_PLACEMENT_3D('',#2205,#1810,#1811);
#1425=AXIS2_PLACEMENT_3D('',#2207,#1813,#1814);
#1426=AXIS2_PLACEMENT_3D('',#2209,#1816,#1817);
#1427=AXIS2_PLACEMENT_3D('',#2214,#1821,#1822);
#1428=AXIS2_PLACEMENT_3D('',#2215,#1823,#1824);
#1429=AXIS2_PLACEMENT_3D('',#2217,#1826,#1827);
#1430=AXIS2_PLACEMENT_3D('',#2220,#1830,#1831);
#1431=AXIS2_PLACEMENT_3D('',#2221,#1832,#1833);
#1432=AXIS2_PLACEMENT_3D('',#2223,#1835,#1836);
#1433=AXIS2_PLACEMENT_3D('',#2225,#1838,#1839);
#1434=AXIS2_PLACEMENT_3D('',#2226,#1840,#1841);
#1435=DIRECTION('axis',(0.,0.,1.));
#1436=DIRECTION('refdir',(1.,0.,0.));
#1437=DIRECTION('center_axis',(0.,0.999999999985565,5.37304841063957E-6));
#1438=DIRECTION('ref_axis',(-1.,0.,0.));
#1439=DIRECTION('center_axis',(0.,0.999999999985565,5.37303430053759E-6));
#1440=DIRECTION('ref_axis',(-1.,0.,0.));
#1441=DIRECTION('',(0.,0.999999999985565,5.37304841063957E-6));
#1442=DIRECTION('center_axis',(0.,0.999999999985565,5.37304840872676E-6));
#1443=DIRECTION('ref_axis',(-1.,0.,0.));
#1444=DIRECTION('center_axis',(0.,-0.999999999985565,-5.37304840872676E-6));
#1445=DIRECTION('ref_axis',(-1.,0.,0.));
#1446=DIRECTION('center_axis',(0.,0.999999999985565,5.37304841063957E-6));
#1447=DIRECTION('ref_axis',(-1.,0.,0.));
#1448=DIRECTION('center_axis',(0.,0.999999999985565,5.37303430053759E-6));
#1449=DIRECTION('ref_axis',(-1.,0.,0.));
#1450=DIRECTION('',(0.,0.999999999985565,5.37304841063957E-6));
#1451=DIRECTION('center_axis',(0.,0.999999999985565,5.37304840872676E-6));
#1452=DIRECTION('ref_axis',(-1.,0.,0.));
#1453=DIRECTION('center_axis',(0.,-0.999999999985565,-5.37304840872676E-6));
#1454=DIRECTION('ref_axis',(-1.,0.,0.));
#1455=DIRECTION('center_axis',(0.,0.999999999985565,5.37304840841912E-6));
#1456=DIRECTION('ref_axis',(-1.,0.,0.));
#1457=DIRECTION('center_axis',(0.,0.999999999985565,5.37303430053759E-6));
#1458=DIRECTION('ref_axis',(-1.,0.,0.));
#1459=DIRECTION('',(0.,0.999999999985565,5.37304840841912E-6));
#1460=DIRECTION('center_axis',(0.,0.999999999985565,5.37304840872676E-6));
#1461=DIRECTION('ref_axis',(-1.,0.,0.));
#1462=DIRECTION('center_axis',(0.,-0.999999999985565,-5.37304840872676E-6));
#1463=DIRECTION('ref_axis',(-1.,0.,0.));
#1464=DIRECTION('center_axis',(0.,0.999999999985565,5.37304840841912E-6));
#1465=DIRECTION('ref_axis',(-1.,0.,0.));
#1466=DIRECTION('center_axis',(0.,0.999999999985565,5.37303430053759E-6));
#1467=DIRECTION('ref_axis',(-1.,0.,0.));
#1468=DIRECTION('',(0.,0.999999999985565,5.37304840841912E-6));
#1469=DIRECTION('center_axis',(0.,0.999999999985565,5.37304840872676E-6));
#1470=DIRECTION('ref_axis',(-1.,0.,0.));
#1471=DIRECTION('center_axis',(0.,-0.999999999985565,-5.37304840872676E-6));
#1472=DIRECTION('ref_axis',(-1.,0.,0.));
#1473=DIRECTION('center_axis',(0.,0.999999999985565,5.37303430053759E-6));
#1474=DIRECTION('ref_axis',(0.,-5.37303430053759E-6,0.999999999985565));
#1475=DIRECTION('center_axis',(0.,0.999999999985565,5.37303430053759E-6));
#1476=DIRECTION('ref_axis',(5.48575925388721E-16,-5.37303430053191E-6,0.999999999985565));
#1477=DIRECTION('',(1.,1.57770711121075E-69,2.4427016124768E-70));
#1478=DIRECTION('center_axis',(0.,0.999999999985565,5.37303430053759E-6));
#1479=DIRECTION('ref_axis',(0.,-5.37303430051474E-6,0.999999999985565));
#1480=DIRECTION('',(0.,-5.37303430053759E-6,0.999999999985565));
#1481=DIRECTION('center_axis',(0.,0.999999999985565,5.37303430053759E-6));
#1482=DIRECTION('ref_axis',(-1.16572384145105E-15,5.37303430053198E-6,-0.999999999985565));
#1483=DIRECTION('',(-1.,-1.57770711121075E-69,-2.4427016124768E-70));
#1484=DIRECTION('center_axis',(0.,0.999999999985565,5.37303430053759E-6));
#1485=DIRECTION('ref_axis',(-1.98858772953413E-15,5.37303430049766E-6,-0.999999999985565));
#1486=DIRECTION('',(0.,5.37303430053759E-6,-0.999999999985565));
#1487=DIRECTION('center_axis',(0.,-0.988225711189485,-0.153003084099754));
#1488=DIRECTION('ref_axis',(0.707106781186545,-0.108189518309392,0.698781101724986));
#1489=DIRECTION('',(0.,-0.988225711189485,-0.153003084099754));
#1490=DIRECTION('center_axis',(-1.59650482004939E-69,0.988225711189485,
0.153003084099754));
#1491=DIRECTION('ref_axis',(0.707106781186545,-0.108189518309392,0.698781101724986));
#1492=DIRECTION('center_axis',(1.,0.,0.));
#1493=DIRECTION('ref_axis',(0.,-0.153003084099754,0.988225711189485));
#1494=DIRECTION('',(0.,-0.988225711189485,-0.153003084099754));
#1495=DIRECTION('',(0.,0.153003084099754,-0.988225711189485));
#1496=DIRECTION('center_axis',(0.,-0.988225711189485,-0.153003084099754));
#1497=DIRECTION('ref_axis',(0.707106781186546,0.108189518309392,-0.698781101724985));
#1498=DIRECTION('',(0.,-0.988225711189485,-0.153003084099754));
#1499=DIRECTION('center_axis',(-1.59650482004939E-69,0.988225711189485,
0.153003084099754));
#1500=DIRECTION('ref_axis',(0.707106781186546,0.108189518309392,-0.698781101724985));
#1501=DIRECTION('center_axis',(0.,-0.988225711189485,-0.153003084099754));
#1502=DIRECTION('ref_axis',(-0.707106781186548,0.108189518309392,-0.698781101724983));
#1503=DIRECTION('',(0.,-0.988225711189485,-0.153003084099754));
#1504=DIRECTION('center_axis',(-1.59650482004939E-69,0.988225711189485,
0.153003084099754));
#1505=DIRECTION('ref_axis',(-0.707106781186548,0.108189518309392,-0.698781101724983));
#1506=DIRECTION('',(0.,-0.988225711189485,-0.153003084099754));
#1507=DIRECTION('center_axis',(-1.,0.,0.));
#1508=DIRECTION('ref_axis',(0.,0.153003084099754,-0.988225711189485));
#1509=DIRECTION('',(0.,-0.988225711189485,-0.153003084099754));
#1510=DIRECTION('',(0.,-0.153003084099754,0.988225711189485));
#1511=DIRECTION('center_axis',(0.,-0.988225711189485,-0.153003084099754));
#1512=DIRECTION('ref_axis',(-0.707106781186547,-0.108189518309392,0.698781101724984));
#1513=DIRECTION('center_axis',(-1.59650482004939E-69,0.988225711189485,
0.153003084099754));
#1514=DIRECTION('ref_axis',(-0.707106781186547,-0.108189518309392,0.698781101724984));
#1515=DIRECTION('center_axis',(0.,0.153003084099754,-0.988225711189485));
#1516=DIRECTION('ref_axis',(1.,1.57770711121075E-69,2.4427016124768E-70));
#1517=DIRECTION('',(-1.,-1.57770711121075E-69,-2.4427016124768E-70));
#1518=DIRECTION('center_axis',(0.707106781186548,-0.698781101724984,-0.108189518309392));
#1519=DIRECTION('ref_axis',(-1.46369305983504E-67,0.153003084099754,-0.988225711189485));
#1520=DIRECTION('',(0.707106781186547,0.698781101724984,0.108189518309392));
#1521=DIRECTION('',(0.,-0.153003084099754,0.988225711189485));
#1522=DIRECTION('',(-0.707106781186547,-0.698781101724984,-0.108189518309392));
#1523=DIRECTION('center_axis',(0.,0.988225711189485,0.153003084099754));
#1524=DIRECTION('ref_axis',(0.707106781186546,0.108189518309392,-0.698781101724985));
#1525=DIRECTION('',(0.,0.806970620034375,-0.590591583415592));
#1526=DIRECTION('center_axis',(1.59650482004939E-69,-0.988225711189485,
-0.153003084099754));
#1527=DIRECTION('ref_axis',(0.707106781186546,0.108189518309392,-0.698781101724985));
#1528=DIRECTION('center_axis',(1.12889938445393E-69,-0.590591583415592,
-0.806970620034375));
#1529=DIRECTION('ref_axis',(-1.,2.4427016124768E-70,-1.57770711121075E-69));
#1530=DIRECTION('',(0.,0.806970620034375,-0.590591583415592));
#1531=DIRECTION('',(1.,1.57770711121075E-69,2.4427016124768E-70));
#1532=DIRECTION('center_axis',(0.,0.988225711189485,0.153003084099754));
#1533=DIRECTION('ref_axis',(-0.707106781186548,0.108189518309392,-0.698781101724983));
#1534=DIRECTION('',(-0.707106781186548,0.698781101724983,0.108189518309392));
#1535=DIRECTION('center_axis',(1.59650482004939E-69,-0.988225711189485,
-0.153003084099754));
#1536=DIRECTION('ref_axis',(-0.707106781186548,0.108189518309392,-0.698781101724983));
#1537=DIRECTION('center_axis',(-0.707106781186548,-0.698781101724984,-0.108189518309392));
#1538=DIRECTION('ref_axis',(-1.46369305983504E-67,-0.153003084099754,0.988225711189485));
#1539=DIRECTION('',(-0.707106781186547,0.698781101724984,0.108189518309392));
#1540=DIRECTION('',(0.,0.153003084099754,-0.988225711189485));
#1541=DIRECTION('center_axis',(0.,0.988225711189485,0.153003084099754));
#1542=DIRECTION('ref_axis',(-0.707106781186547,-0.108189518309392,0.698781101724984));
#1543=DIRECTION('',(0.,0.590591583415594,0.806970620034374));
#1544=DIRECTION('center_axis',(1.59650482004939E-69,-0.988225711189485,
-0.153003084099754));
#1545=DIRECTION('ref_axis',(-0.707106781186548,-0.108189518309392,0.698781101724984));
#1546=DIRECTION('center_axis',(1.12889938445393E-69,-0.806970620034375,
0.590591583415592));
#1547=DIRECTION('ref_axis',(1.,2.4427016124768E-70,-1.57770711121075E-69));
#1548=DIRECTION('',(0.,0.590591583415592,0.806970620034375));
#1549=DIRECTION('',(-1.,-1.57770711121075E-69,-2.4427016124768E-70));
#1550=DIRECTION('center_axis',(0.,0.988225711189485,0.153003084099754));
#1551=DIRECTION('ref_axis',(0.707106781186545,-0.108189518309392,0.698781101724986));
#1552=DIRECTION('center_axis',(1.59650482004939E-69,-0.988225711189485,
-0.153003084099754));
#1553=DIRECTION('ref_axis',(0.707106781186545,-0.108189518309392,0.698781101724986));
#1554=DIRECTION('center_axis',(0.,0.988225711189485,0.153003084099754));
#1555=DIRECTION('ref_axis',(-0.707106781186548,-0.108189518309392,0.698781101724984));
#1556=DIRECTION('',(0.,0.988225711189485,0.153003084099754));
#1557=DIRECTION('center_axis',(0.,-0.988225711189485,-0.153003084099754));
#1558=DIRECTION('ref_axis',(-0.707106781186548,-0.108189518309392,0.698781101724984));
#1559=DIRECTION('',(0.,-0.988225711189485,-0.153003084099754));
#1560=DIRECTION('center_axis',(0.,0.153003084099754,-0.988225711189485));
#1561=DIRECTION('ref_axis',(-1.,0.,0.));
#1562=DIRECTION('',(0.,-0.988225711189485,-0.153003084099754));
#1563=DIRECTION('',(1.,0.,0.));
#1564=DIRECTION('center_axis',(0.,-0.988225711189485,-0.153003084099754));
#1565=DIRECTION('ref_axis',(0.707106781186545,-0.108189518309392,0.698781101724986));
#1566=DIRECTION('',(0.,0.988225711189485,0.153003084099754));
#1567=DIRECTION('center_axis',(0.,-0.988225711189485,-0.153003084099754));
#1568=DIRECTION('ref_axis',(0.707106781186545,-0.108189518309392,0.698781101724986));
#1569=DIRECTION('center_axis',(1.,0.,0.));
#1570=DIRECTION('ref_axis',(0.,-0.153003084099754,0.988225711189485));
#1571=DIRECTION('',(0.,-0.988225711189485,-0.153003084099754));
#1572=DIRECTION('',(0.,0.153003084099754,-0.988225711189485));
#1573=DIRECTION('',(0.,-0.988225711189485,-0.153003084099754));
#1574=DIRECTION('center_axis',(1.,0.,0.));
#1575=DIRECTION('ref_axis',(0.,0.590591583415593,0.806970620034375));
#1576=DIRECTION('',(0.,-0.153003084099754,0.988225711189485));
#1577=DIRECTION('center_axis',(1.,0.,0.));
#1578=DIRECTION('ref_axis',(0.,0.806970620034376,-0.590591583415591));
#1579=DIRECTION('',(0.,0.988225711189485,0.153003084099757));
#1580=DIRECTION('center_axis',(1.,0.,0.));
#1581=DIRECTION('ref_axis',(0.,-0.590591583415592,-0.806970620034375));
#1582=DIRECTION('',(0.,0.153003084099753,-0.988225711189485));
#1583=DIRECTION('center_axis',(1.,0.,0.));
#1584=DIRECTION('ref_axis',(0.,-0.806970620034375,0.590591583415592));
#1585=DIRECTION('center_axis',(1.,0.,0.));
#1586=DIRECTION('ref_axis',(0.,0.153003084099754,-0.988225711189485));
#1587=DIRECTION('',(0.,-0.153003084099754,0.988225711189485));
#1588=DIRECTION('',(0.,0.988225711189485,0.153003084099754));
#1589=DIRECTION('center_axis',(0.,-0.988225711189485,-0.153003084099754));
#1590=DIRECTION('ref_axis',(0.707106781186541,0.108189518309393,-0.69878110172499));
#1591=DIRECTION('center_axis',(0.,-0.988225711189485,-0.153003084099754));
#1592=DIRECTION('ref_axis',(0.,0.153003084099754,-0.988225711189485));
#1593=DIRECTION('center_axis',(0.,0.988225711189485,0.153003084099754));
#1594=DIRECTION('ref_axis',(1.,0.,0.));
#1595=DIRECTION('',(0.,0.988225711189485,0.153003084099754));
#1596=DIRECTION('center_axis',(1.,0.,0.));
#1597=DIRECTION('ref_axis',(0.,0.153003084099754,-0.988225711189485));
#1598=DIRECTION('center_axis',(0.,-0.153003084099754,0.988225711189485));
#1599=DIRECTION('ref_axis',(1.,0.,0.));
#1600=DIRECTION('center_axis',(-1.,0.,0.));
#1601=DIRECTION('ref_axis',(0.,-0.806970620034375,0.590591583415593));
#1602=DIRECTION('center_axis',(0.,0.153003084099753,-0.988225711189485));
#1603=DIRECTION('ref_axis',(0.707106781186541,0.69878110172499,0.108189518309393));
#1604=DIRECTION('center_axis',(0.,-0.153003084099754,0.988225711189485));
#1605=DIRECTION('ref_axis',(1.,0.,0.));
#1606=DIRECTION('',(0.,-0.153003084099753,0.988225711189485));
#1607=DIRECTION('center_axis',(1.,0.,0.));
#1608=DIRECTION('ref_axis',(0.,0.153003084099754,-0.988225711189485));
#1609=DIRECTION('center_axis',(0.,-0.988225711189485,-0.153003084099754));
#1610=DIRECTION('ref_axis',(1.,0.,0.));
#1611=DIRECTION('center_axis',(-1.,0.,0.));
#1612=DIRECTION('ref_axis',(0.,-0.590591583415592,-0.806970620034375));
#1613=DIRECTION('center_axis',(0.,0.988225711189485,0.153003084099757));
#1614=DIRECTION('ref_axis',(0.707106781186541,-0.108189518309394,0.698781101724989));
#1615=DIRECTION('center_axis',(0.,-0.988225711189485,-0.153003084099756));
#1616=DIRECTION('ref_axis',(1.,0.,0.));
#1617=DIRECTION('',(0.,-0.988225711189485,-0.153003084099757));
#1618=DIRECTION('center_axis',(1.,0.,0.));
#1619=DIRECTION('ref_axis',(0.,0.153003084099754,-0.988225711189485));
#1620=DIRECTION('center_axis',(0.,0.153003084099754,-0.988225711189485));
#1621=DIRECTION('ref_axis',(1.,0.,0.));
#1622=DIRECTION('center_axis',(-1.,0.,0.));
#1623=DIRECTION('ref_axis',(0.,0.806970620034376,-0.590591583415591));
#1624=DIRECTION('center_axis',(0.,-0.153003084099754,0.988225711189485));
#1625=DIRECTION('ref_axis',(0.70710678118654,-0.698781101724991,-0.108189518309393));
#1626=DIRECTION('center_axis',(0.,0.153003084099754,-0.988225711189485));
#1627=DIRECTION('ref_axis',(1.,0.,0.));
#1628=DIRECTION('',(0.,0.153003084099754,-0.988225711189485));
#1629=DIRECTION('center_axis',(1.,0.,0.));
#1630=DIRECTION('ref_axis',(0.,0.153003084099754,-0.988225711189485));
#1631=DIRECTION('center_axis',(-1.,0.,0.));
#1632=DIRECTION('ref_axis',(0.,0.590591583415592,0.806970620034375));
#1633=DIRECTION('center_axis',(1.,1.67022654345101E-15,6.69945671975443E-16));
#1634=DIRECTION('ref_axis',(4.06507725852975E-16,0.153003084099754,-0.988225711189485));
#1635=DIRECTION('',(1.,1.67022654345101E-15,6.69945671975443E-16));
#1636=DIRECTION('center_axis',(1.,0.,0.));
#1637=DIRECTION('ref_axis',(4.06507725852975E-16,0.153003084099754,-0.988225711189485));
#1638=DIRECTION('',(1.,1.67022654345101E-15,6.69945671975443E-16));
#1639=DIRECTION('center_axis',(-1.75306456774095E-15,0.988225711189485,
0.153003084099754));
#1640=DIRECTION('ref_axis',(-2.975931785725E-16,-0.153003084099754,0.988225711189485));
#1641=DIRECTION('',(1.,1.67022654345101E-15,6.69945671975443E-16));
#1642=DIRECTION('',(0.,-0.153003084099754,0.988225711189485));
#1643=DIRECTION('center_axis',(1.,1.67022654345101E-15,6.69945671975443E-16));
#1644=DIRECTION('ref_axis',(-1.75306456774095E-15,0.988225711189485,0.153003084099754));
#1645=DIRECTION('',(1.,1.67022654345101E-15,6.69945671975443E-16));
#1646=DIRECTION('center_axis',(1.,0.,0.));
#1647=DIRECTION('ref_axis',(-1.75306456774095E-15,0.988225711189485,0.153003084099754));
#1648=DIRECTION('center_axis',(-4.06507725852974E-16,-0.153003084099754,
0.988225711189485));
#1649=DIRECTION('ref_axis',(1.762479051592E-15,-0.988225711189485,-0.153003084099754));
#1650=DIRECTION('',(1.,1.67022654345101E-15,6.69945671975443E-16));
#1651=DIRECTION('',(0.,-0.988225711189485,-0.153003084099754));
#1652=DIRECTION('center_axis',(0.,-0.988225711189485,-0.153003084099754));
#1653=DIRECTION('ref_axis',(0.,0.153003084099754,-0.988225711189485));
#1654=DIRECTION('center_axis',(0.,-0.988225711189485,-0.153003084099754));
#1655=DIRECTION('ref_axis',(0.707106781186546,0.108189518309392,-0.698781101724985));
#1656=DIRECTION('',(-1.,0.,0.));
#1657=DIRECTION('center_axis',(0.,-0.988225711189485,-0.153003084099754));
#1658=DIRECTION('ref_axis',(-0.707106781186548,0.108189518309392,-0.698781101724983));
#1659=DIRECTION('',(1.,0.,0.));
#1660=DIRECTION('center_axis',(0.,-0.988225711189485,-0.153003084099754));
#1661=DIRECTION('ref_axis',(0.0407711733554276,0.152875863569001,-0.987404011416428));
#1662=DIRECTION('',(0.,-0.153003084099754,0.988225711189485));
#1663=DIRECTION('center_axis',(0.,-0.988225711189485,-0.153003084099754));
#1664=DIRECTION('ref_axis',(0.999168510023826,-0.00623811526572468,0.0402911217850586));
#1665=DIRECTION('',(-1.,0.,0.));
#1666=DIRECTION('center_axis',(0.,-0.988225711189485,-0.153003084099754));
#1667=DIRECTION('ref_axis',(-0.0407711733535549,-0.152875863569012,0.987404011416504));
#1668=DIRECTION('',(0.,-0.153003084099754,0.988225711189485));
#1669=DIRECTION('center_axis',(0.,0.988225711189485,0.153003084099754));
#1670=DIRECTION('ref_axis',(-0.707106781186548,0.108189518309392,-0.698781101724983));
#1671=DIRECTION('center_axis',(0.,-0.988225711189485,-0.153003084099754));
#1672=DIRECTION('ref_axis',(-1.,0.,0.));
#1673=DIRECTION('center_axis',(0.,-0.988225711189485,-0.153003084099754));
#1674=DIRECTION('ref_axis',(-1.,0.,0.));
#1675=DIRECTION('center_axis',(0.,-0.988225711189485,-0.153003084099754));
#1676=DIRECTION('ref_axis',(-1.,0.,0.));
#1677=DIRECTION('center_axis',(0.,-0.988225711189485,-0.153003084099754));
#1678=DIRECTION('ref_axis',(-1.,0.,0.));
#1679=DIRECTION('center_axis',(0.,-0.988225711189485,-0.153003084099754));
#1680=DIRECTION('ref_axis',(0.707106781186546,0.108189518309392,-0.698781101724985));
#1681=DIRECTION('',(0.,0.988225711189485,0.153003084099754));
#1682=DIRECTION('center_axis',(0.,-0.153003084099754,0.988225711189485));
#1683=DIRECTION('ref_axis',(1.,0.,0.));
#1684=DIRECTION('',(0.,-0.988225711189485,-0.153003084099754));
#1685=DIRECTION('center_axis',(0.,0.988225711189485,0.153003084099754));
#1686=DIRECTION('ref_axis',(-0.707106781186548,0.108189518309392,-0.698781101724983));
#1687=DIRECTION('center_axis',(0.,-0.988225711189485,-0.153003084099754));
#1688=DIRECTION('ref_axis',(-1.,0.,0.));
#1689=DIRECTION('',(0.,-0.988225711189485,-0.153003084099754));
#1690=DIRECTION('center_axis',(0.,-0.988225711189485,-0.153003084099754));
#1691=DIRECTION('ref_axis',(-1.,0.,0.));
#1692=DIRECTION('center_axis',(0.,0.988225711189485,0.153003084099754));
#1693=DIRECTION('ref_axis',(-1.,0.,0.));
#1694=DIRECTION('center_axis',(0.,-0.988225711189485,-0.153003084099754));
#1695=DIRECTION('ref_axis',(-1.,0.,0.));
#1696=DIRECTION('',(0.,-0.988225711189485,-0.153003084099754));
#1697=DIRECTION('center_axis',(0.,-0.988225711189485,-0.153003084099754));
#1698=DIRECTION('ref_axis',(-1.,0.,0.));
#1699=DIRECTION('center_axis',(0.,0.988225711189485,0.153003084099754));
#1700=DIRECTION('ref_axis',(-1.,0.,0.));
#1701=DIRECTION('center_axis',(0.,-0.988225711189485,-0.153003084099754));
#1702=DIRECTION('ref_axis',(-1.,0.,0.));
#1703=DIRECTION('',(0.,-0.988225711189485,-0.153003084099754));
#1704=DIRECTION('center_axis',(0.,-0.988225711189485,-0.153003084099754));
#1705=DIRECTION('ref_axis',(-1.,0.,0.));
#1706=DIRECTION('center_axis',(0.,0.988225711189485,0.153003084099754));
#1707=DIRECTION('ref_axis',(-1.,0.,0.));
#1708=DIRECTION('center_axis',(0.,-0.988225711189485,-0.153003084099754));
#1709=DIRECTION('ref_axis',(-1.,0.,0.));
#1710=DIRECTION('',(0.,-0.988225711189485,-0.153003084099754));
#1711=DIRECTION('center_axis',(0.,-0.988225711189485,-0.153003084099754));
#1712=DIRECTION('ref_axis',(-1.,0.,0.));
#1713=DIRECTION('center_axis',(0.,0.988225711189485,0.153003084099754));
#1714=DIRECTION('ref_axis',(-1.,0.,0.));
#1715=DIRECTION('center_axis',(1.,1.67022654345101E-15,6.69945671975443E-16));
#1716=DIRECTION('ref_axis',(-4.06507725852974E-16,-0.153003084099754,0.988225711189485));
#1717=DIRECTION('',(1.,1.67022654345101E-15,6.69945671975443E-16));
#1718=DIRECTION('center_axis',(1.,0.,0.));
#1719=DIRECTION('ref_axis',(-4.06507725852974E-16,-0.153003084099754,0.988225711189485));
#1720=DIRECTION('center_axis',(1.75306456774095E-15,-0.988225711189485,
-0.153003084099753));
#1721=DIRECTION('ref_axis',(-3.91986339828217E-16,0.153003084099753,-0.988225711189485));
#1722=DIRECTION('',(1.,1.67022654345101E-15,6.69945671975443E-16));
#1723=DIRECTION('',(0.,0.153003084099753,-0.988225711189485));
#1724=DIRECTION('center_axis',(4.06507725852968E-16,0.153003084099757,-0.988225711189485));
#1725=DIRECTION('ref_axis',(-1.76247905159198E-15,0.988225711189485,0.153003084099757));
#1726=DIRECTION('',(0.,0.988225711189485,0.153003084099757));
#1727=DIRECTION('',(1.,1.67022654345101E-15,6.69945671975443E-16));
#1728=DIRECTION('center_axis',(1.,1.67022654345101E-15,6.69945671975443E-16));
#1729=DIRECTION('ref_axis',(1.75306456774095E-15,-0.988225711189485,-0.153003084099754));
#1730=DIRECTION('center_axis',(1.,0.,0.));
#1731=DIRECTION('ref_axis',(1.75306456774095E-15,-0.988225711189485,-0.153003084099754));
#1732=DIRECTION('center_axis',(0.,-0.153003084099754,0.988225711189485));
#1733=DIRECTION('ref_axis',(-0.707106781186546,-0.698781101724985,-0.108189518309392));
#1734=DIRECTION('center_axis',(0.,0.153003084099754,-0.988225711189485));
#1735=DIRECTION('ref_axis',(-0.707106781186546,-0.698781101724985,-0.108189518309392));
#1736=DIRECTION('',(0.,0.153003084099754,-0.988225711189485));
#1737=DIRECTION('center_axis',(0.,-0.153003084099754,0.988225711189485));
#1738=DIRECTION('ref_axis',(-0.707106781186546,-0.698781101724985,-0.108189518309392));
#1739=DIRECTION('',(0.,-0.153003084099754,0.988225711189485));
#1740=DIRECTION('center_axis',(0.,-0.153003084099754,0.988225711189485));
#1741=DIRECTION('ref_axis',(1.,0.,0.));
#1742=DIRECTION('',(0.,-0.988225711189485,-0.153003084099754));
#1743=DIRECTION('',(1.,0.,0.));
#1744=DIRECTION('',(0.,0.988225711189485,0.153003084099754));
#1745=DIRECTION('',(-1.,-1.57770711121075E-69,-2.4427016124768E-70));
#1746=DIRECTION('',(0.,-0.988225711189485,-0.153003084099754));
#1747=DIRECTION('',(1.,0.,0.));
#1748=DIRECTION('center_axis',(-1.,0.,0.));
#1749=DIRECTION('ref_axis',(0.,-0.153003084099754,0.988225711189485));
#1750=DIRECTION('',(0.,0.988225711189485,0.153003084099754));
#1751=DIRECTION('',(0.,-0.153003084099754,0.988225711189485));
#1752=DIRECTION('center_axis',(0.,0.988225711189485,0.153003084099754));
#1753=DIRECTION('ref_axis',(0.707106781186548,0.108189518309392,-0.698781101724984));
#1754=DIRECTION('',(0.,-0.988225711189485,-0.153003084099754));
#1755=DIRECTION('center_axis',(0.707106781186549,-0.698781101724982,-0.108189518309391));
#1756=DIRECTION('ref_axis',(0.707106781186546,0.698781101724985,0.108189518309392));
#1757=DIRECTION('center_axis',(-3.92523114670943E-16,-0.806970620034375,
0.590591583415592));
#1758=DIRECTION('ref_axis',(3.92523114670944E-16,-0.590591583415592,-0.806970620034375));
#1759=DIRECTION('center_axis',(0.,-0.988225711189485,-0.153003084099754));
#1760=DIRECTION('ref_axis',(0.630897083259066,-0.118709971738722,0.766731252098801));
#1761=DIRECTION('',(0.,-0.988225711189485,-0.153003084099754));
#1762=DIRECTION('center_axis',(0.707106781186547,-0.698781101724984,-0.108189518309392));
#1763=DIRECTION('ref_axis',(0.707106781186548,0.698781101724983,0.108189518309392));
#1764=DIRECTION('',(0.,0.988225711189485,0.153003084099754));
#1765=DIRECTION('center_axis',(0.,0.153003084099754,-0.988225711189485));
#1766=DIRECTION('ref_axis',(0.707106781186546,-0.698781101724985,-0.108189518309392));
#1767=DIRECTION('',(0.,0.153003084099754,-0.988225711189485));
#1768=DIRECTION('center_axis',(0.,-0.153003084099754,0.988225711189485));
#1769=DIRECTION('ref_axis',(0.,-0.988225711189485,-0.153003084099754));
#1770=DIRECTION('',(0.,-0.153003084099754,0.988225711189485));
#1771=DIRECTION('center_axis',(0.,0.988225711189485,0.153003084099754));
#1772=DIRECTION('ref_axis',(0.,-0.153003084099754,0.988225711189485));
#1773=DIRECTION('center_axis',(0.,0.988225711189485,0.153003084099754));
#1774=DIRECTION('ref_axis',(-0.999996971500198,0.000376555182245329,-0.00243211772472418));
#1775=DIRECTION('center_axis',(0.,-0.988225711189485,-0.153003084099754));
#1776=DIRECTION('ref_axis',(-0.999996971500198,0.000376555182245329,-0.00243211772472418));
#1777=DIRECTION('center_axis',(1.,0.,0.));
#1778=DIRECTION('ref_axis',(0.,-0.153003084099754,0.988225711189485));
#1779=DIRECTION('',(0.,-0.988225711189485,-0.153003084099754));
#1780=DIRECTION('',(0.,0.988225711189485,0.153003084099754));
#1781=DIRECTION('',(0.,-0.153003084099754,0.988225711189485));
#1782=DIRECTION('center_axis',(0.,0.988225711189485,0.153003084099754));
#1783=DIRECTION('ref_axis',(-0.707106781186548,0.108189518309392,-0.698781101724983));
#1784=DIRECTION('center_axis',(-1.59650482004939E-69,0.988225711189485,
0.153003084099754));
#1785=DIRECTION('ref_axis',(-0.707106781186548,0.108189518309392,-0.698781101724983));
#1786=DIRECTION('',(0.,0.988225711189485,0.153003084099754));
#1787=DIRECTION('center_axis',(1.,1.57770711121075E-69,2.4427016124768E-70));
#1788=DIRECTION('ref_axis',(0.,0.590591583415592,0.806970620034375));
#1789=DIRECTION('',(-1.,-1.57770711121075E-69,-2.4427016124768E-70));
#1790=DIRECTION('',(1.,1.57770711121075E-69,2.4427016124768E-70));
#1791=DIRECTION('center_axis',(-0.707106781186549,0.108189518309392,-0.698781101724983));
#1792=DIRECTION('ref_axis',(-0.707106781186546,-0.108189518309392,0.698781101724985));
#1793=DIRECTION('center_axis',(-1.,-1.57770711121075E-69,-2.4427016124768E-70));
#1794=DIRECTION('ref_axis',(0.,0.806970620034376,-0.59059158341559));
#1795=DIRECTION('',(1.,1.57770711121075E-69,2.4427016124768E-70));
#1796=DIRECTION('center_axis',(-0.707106781186548,-0.108189518309393,0.698781101724983));
#1797=DIRECTION('ref_axis',(0.707106781186547,-0.108189518309393,0.698781101724984));
#1798=DIRECTION('center_axis',(0.,-0.153003084099754,0.988225711189485));
#1799=DIRECTION('ref_axis',(-0.707106781186548,0.698781101724984,0.108189518309392));
#1800=DIRECTION('',(0.,-0.153003084099754,0.988225711189485));
#1801=DIRECTION('',(0.,0.153003084099754,-0.988225711189485));
#1802=DIRECTION('center_axis',(1.59650482004939E-69,-0.988225711189485,
-0.153003084099754));
#1803=DIRECTION('ref_axis',(1.,1.57770711121075E-69,2.4427016124768E-70));
#1804=DIRECTION('center_axis',(-7.69731421176677E-34,0.988225711189485,
0.153003084099754));
#1805=DIRECTION('ref_axis',(-0.040771173353557,-0.152875863569012,0.987404011416504));
#1806=DIRECTION('',(1.,1.57770711121075E-69,2.4427016124768E-70));
#1807=DIRECTION('center_axis',(7.69731421176478E-34,0.988225711189485,0.153003084099754));
#1808=DIRECTION('ref_axis',(0.999168510023826,-0.00623811526572445,0.0402911217850571));
#1809=DIRECTION('',(0.,0.153003084099754,-0.988225711189485));
#1810=DIRECTION('center_axis',(-7.6717238968189E-34,0.988225711189485,0.153003084099754));
#1811=DIRECTION('ref_axis',(0.0407711733554276,0.152875863569001,-0.987404011416428));
#1812=DIRECTION('',(-1.,-1.57770711121075E-69,-2.4427016124768E-70));
#1813=DIRECTION('center_axis',(0.,-0.153003084099754,0.988225711189485));
#1814=DIRECTION('ref_axis',(-1.,0.,0.));
#1815=DIRECTION('',(0.,0.988225711189485,0.153003084099754));
#1816=DIRECTION('center_axis',(0.,0.153003084099754,-0.988225711189485));
#1817=DIRECTION('ref_axis',(-1.,0.,0.));
#1818=DIRECTION('',(-1.,0.,0.));
#1819=DIRECTION('',(0.,0.988225711189485,0.153003084099754));
#1820=DIRECTION('',(-1.,0.,0.));
#1821=DIRECTION('center_axis',(0.,0.988225711189485,0.153003084099754));
#1822=DIRECTION('ref_axis',(0.,0.153003084099754,-0.988225711189485));
#1823=DIRECTION('center_axis',(1.,0.,0.));
#1824=DIRECTION('ref_axis',(0.,0.153003084099754,-0.988225711189485));
#1825=DIRECTION('',(0.,0.153003084099754,-0.988225711189485));
#1826=DIRECTION('center_axis',(0.,0.153003084099754,-0.988225711189485));
#1827=DIRECTION('ref_axis',(1.,0.,0.));
#1828=DIRECTION('',(0.,0.988225711189485,0.153003084099754));
#1829=DIRECTION('',(0.,0.988225711189485,0.153003084099754));
#1830=DIRECTION('center_axis',(0.,-0.988225711189485,-0.153003084099754));
#1831=DIRECTION('ref_axis',(-0.0407711733535549,-0.152875863569012,0.987404011416504));
#1832=DIRECTION('center_axis',(0.,-0.988225711189485,-0.153003084099754));
#1833=DIRECTION('ref_axis',(0.0407711733554276,0.152875863569001,-0.987404011416428));
#1834=DIRECTION('',(0.,0.988225711189485,0.153003084099754));
#1835=DIRECTION('center_axis',(0.,-0.988225711189485,-0.153003084099754));
#1836=DIRECTION('ref_axis',(0.999168510023826,-0.00623811526572468,0.0402911217850586));
#1837=DIRECTION('',(0.,0.988225711189485,0.153003084099754));
#1838=DIRECTION('center_axis',(-1.,0.,0.));
#1839=DIRECTION('ref_axis',(0.,0.153003084099754,-0.988225711189485));
#1840=DIRECTION('center_axis',(0.,0.988225711189485,0.153003084099754));
#1841=DIRECTION('ref_axis',(1.,0.,0.));
#1842=CARTESIAN_POINT('',(0.,0.,0.));
#1843=CARTESIAN_POINT('Origin',(-15.7545150384412,-24.4937148710101,68.445308414166));
#1844=CARTESIAN_POINT('',(-10.7545150384413,-24.4937148710101,68.445308414166));
#1845=CARTESIAN_POINT('Origin',(-15.7545150384412,-24.4937148709037,68.445308414166));
#1846=CARTESIAN_POINT('',(-10.7545150384413,-22.493714871039,68.4453191602628));
#1847=CARTESIAN_POINT('',(-10.7545150384413,-24.4937148710101,68.445308414166));
#1848=CARTESIAN_POINT('Origin',(-15.7545150384412,-22.493714871039,68.4453191602628));
#1849=CARTESIAN_POINT('Origin',(-15.7545150384412,-22.493714871039,68.4453191602628));
#1850=CARTESIAN_POINT('Origin',(32.2454849615588,-24.4937148710101,68.445308414166));
#1851=CARTESIAN_POINT('',(37.2454849615588,-24.4937148710101,68.445308414166));
#1852=CARTESIAN_POINT('Origin',(32.2454849615588,-24.4937148709037,68.445308414166));
#1853=CARTESIAN_POINT('',(37.2454849615588,-22.493714871039,68.4453191602629));
#1854=CARTESIAN_POINT('',(37.2454849615588,-24.4937148710101,68.445308414166));
#1855=CARTESIAN_POINT('Origin',(32.2454849615588,-22.493714871039,68.4453191602628));
#1856=CARTESIAN_POINT('Origin',(32.2454849615588,-22.493714871039,68.4453191602628));
#1857=CARTESIAN_POINT('Origin',(-15.7545150384412,-24.4934467748576,18.5488377087382));
#1858=CARTESIAN_POINT('',(-10.7545150384412,-24.4934467748576,18.5488377087382));
#1859=CARTESIAN_POINT('Origin',(-15.7545150384412,-24.4934467747511,18.5488377087382));
#1860=CARTESIAN_POINT('',(-10.7545150384412,-22.4934467748865,18.548848454835));
#1861=CARTESIAN_POINT('',(-10.7545150384412,-24.4934467748576,18.5488377087382));
#1862=CARTESIAN_POINT('Origin',(-15.7545150384412,-22.4934467748865,18.548848454835));
#1863=CARTESIAN_POINT('Origin',(-15.7545150384412,-22.4934467748865,18.548848454835));
#1864=CARTESIAN_POINT('Origin',(32.2454849615588,-24.4934467748576,18.5488377087382));
#1865=CARTESIAN_POINT('',(37.2454849615588,-24.4934467748576,18.5488377087382));
#1866=CARTESIAN_POINT('Origin',(32.2454849615588,-24.4934467747511,18.5488377087382));
#1867=CARTESIAN_POINT('',(37.2454849615588,-22.4934467748865,18.548848454835));
#1868=CARTESIAN_POINT('',(37.2454849615588,-24.4934467748576,18.5488377087382));
#1869=CARTESIAN_POINT('Origin',(32.2454849615588,-22.4934467748865,18.548848454835));
#1870=CARTESIAN_POINT('Origin',(32.2454849615588,-22.4934467748865,18.548848454835));
#1871=CARTESIAN_POINT('Origin',(43.2454849615588,-24.4933876712186,7.54883770889701));
#1872=CARTESIAN_POINT('',(42.7454849615588,-24.4937739734218,79.4453084140072));
#1873=CARTESIAN_POINT('',(43.2454849615588,-24.4937712548982,78.9393515476799));
#1874=CARTESIAN_POINT('Origin',(42.7454849615588,-24.4937712548982,78.9393515476799));
#1875=CARTESIAN_POINT('',(-26.2545150384412,-24.4937739734218,79.4453084140072));
#1876=CARTESIAN_POINT('',(14.4149632101819,-24.4937739734218,79.4453084140072));
#1877=CARTESIAN_POINT('',(-26.7545150384412,-24.4937712548982,78.9393515476799));
#1878=CARTESIAN_POINT('Origin',(-26.2545150384412,-24.4937712548982,78.9393515476799));
#1879=CARTESIAN_POINT('',(-26.7545150384412,-24.4933903897422,8.05479457522431));
#1880=CARTESIAN_POINT('',(-26.7545150384412,-24.4935794948764,43.2500164281392));
#1881=CARTESIAN_POINT('',(-26.2545150384412,-24.4933876712186,7.54883770889701));
#1882=CARTESIAN_POINT('Origin',(-26.2545150384412,-24.4933903897422,8.05479457522431));
#1883=CARTESIAN_POINT('',(42.7454849615588,-24.4933876712186,7.54883770889701));
#1884=CARTESIAN_POINT('',(-16.106850889862,-24.4933876712186,7.54883770889701));
#1885=CARTESIAN_POINT('',(43.2454849615588,-24.4933903897422,8.05479457522431));
#1886=CARTESIAN_POINT('Origin',(42.7454849615588,-24.4933903897422,8.05479457522431));
#1887=CARTESIAN_POINT('',(43.2454849615588,-24.493393520005,8.63738210099577));
#1888=CARTESIAN_POINT('Origin',(42.7454849615588,-24.4172724313719,78.9511955584125));
#1889=CARTESIAN_POINT('',(43.2454849615588,-24.4172724313719,78.9511955584125));
#1890=CARTESIAN_POINT('',(43.2454849615588,-24.4172724313719,78.9511955584125));
#1891=CARTESIAN_POINT('Origin',(42.7454849615588,-24.4172724313719,78.9511955584125));
#1892=CARTESIAN_POINT('Origin',(43.2454849615588,-13.6994063901841,9.72598448958904));
#1893=CARTESIAN_POINT('',(43.2454849615588,-13.6994063901841,9.72598448958904));
#1894=CARTESIAN_POINT('',(43.2454849615588,-13.6994063901841,9.72598448958904));
#1895=CARTESIAN_POINT('',(43.2454849615588,-15.4540980165809,21.0592944723058));
#1896=CARTESIAN_POINT('Origin',(42.7454849615588,-13.6994063901841,9.72598448958904));
#1897=CARTESIAN_POINT('',(42.7454849615588,-13.6229048481343,9.2318716339943));
#1898=CARTESIAN_POINT('',(42.7454849615588,-13.6229048481343,9.2318716339943));
#1899=CARTESIAN_POINT('Origin',(42.7454849615588,-13.6994063901841,9.72598448958904));
#1900=CARTESIAN_POINT('Origin',(-26.2545150384412,-13.6994063901841,9.72598448958904));
#1901=CARTESIAN_POINT('',(-26.7545150384412,-13.6994063901841,9.72598448958904));
#1902=CARTESIAN_POINT('',(-26.7545150384412,-13.6994063901841,9.72598448958904));
#1903=CARTESIAN_POINT('',(-26.2545150384412,-13.6229048481343,9.2318716339943));
#1904=CARTESIAN_POINT('Origin',(-26.2545150384412,-13.6994063901841,9.72598448958904));
#1905=CARTESIAN_POINT('',(-26.2545150384412,-13.6229048481343,9.2318716339943));
#1906=CARTESIAN_POINT('Origin',(-26.7545150384412,-24.4172724313719,78.9511955584125));
#1907=CARTESIAN_POINT('',(-26.7545150384412,-24.4172724313719,78.9511955584125));
#1908=CARTESIAN_POINT('',(-26.7545150384412,-24.4172724313719,78.9511955584125));
#1909=CARTESIAN_POINT('',(-26.7545150384412,-19.5956816135293,47.8092088261669));
#1910=CARTESIAN_POINT('Origin',(-26.2545150384412,-24.4172724313719,78.9511955584125));
#1911=CARTESIAN_POINT('Origin',(-26.2545150384412,-24.4172724313719,78.9511955584125));
#1912=CARTESIAN_POINT('Origin',(-26.2545150384412,-13.6229048481343,9.2318716339943));
#1913=CARTESIAN_POINT('',(-12.1286649898103,-13.6229048481343,9.2318716339943));
#1914=CARTESIAN_POINT('Origin',(44.4954849615588,-14.2188158775941,21.2505483274305));
#1915=CARTESIAN_POINT('',(45.7454849615588,-11.2288421122104,10.1084921998384));
#1916=CARTESIAN_POINT('',(43.2454849615588,-13.6994063901841,9.72598448958904));
#1917=CARTESIAN_POINT('',(45.7454849615588,-21.9467081533982,79.3337032686619));
#1918=CARTESIAN_POINT('',(45.7454849615588,-12.9835337386072,21.4418021825552));
#1919=CARTESIAN_POINT('',(45.7454849615588,-21.9467081533982,79.3337032686619));
#1920=CARTESIAN_POINT('Origin',(42.7454849615588,-12.4641242511973,9.91723834471374));
#1921=CARTESIAN_POINT('',(42.7454849615588,-10.7698328599112,7.14381506626997));
#1922=CARTESIAN_POINT('',(42.7454849615588,-13.6229048481343,9.2318716339943));
#1923=CARTESIAN_POINT('Origin',(42.7454849615588,-11.2288421122104,10.1084921998384));
#1924=CARTESIAN_POINT('Origin',(-12.1286649898103,-12.1963688540227,8.18784335013214));
#1925=CARTESIAN_POINT('',(-26.2545150384412,-10.7698328599112,7.14381506626997));
#1926=CARTESIAN_POINT('',(-26.2545150384412,-13.6229048481343,9.2318716339943));
#1927=CARTESIAN_POINT('',(-12.1286649898103,-10.7698328599112,7.14381506626997));
#1928=CARTESIAN_POINT('Origin',(-26.2545150384412,-12.4641242511973,9.91723834471374));
#1929=CARTESIAN_POINT('',(-29.2545150384412,-11.2288421122104,10.1084921998384));
#1930=CARTESIAN_POINT('',(-26.7545150384412,-13.6994063901841,9.72598448958904));
#1931=CARTESIAN_POINT('Origin',(-26.2545150384412,-11.2288421122104,10.1084921998384));
#1932=CARTESIAN_POINT('Origin',(-28.0045150384412,-18.3603994745425,48.0004626812916));
#1933=CARTESIAN_POINT('',(-29.2545150384412,-21.9467081533982,79.3337032686619));
#1934=CARTESIAN_POINT('',(-26.7545150384412,-24.4172724313719,78.9511955584125));
#1935=CARTESIAN_POINT('',(-29.2545150384412,-17.1251173355556,48.1917165364163));
#1936=CARTESIAN_POINT('Origin',(-26.2545150384412,-23.1819902923851,79.1424494135372));
#1937=CARTESIAN_POINT('',(-26.2545150384412,-22.4057174056975,82.2983804022303));
#1938=CARTESIAN_POINT('',(-26.2545150384412,-24.4937739734218,79.4453084140072));
#1939=CARTESIAN_POINT('Origin',(-26.2545150384412,-21.9467081533982,79.3337032686619));
#1940=CARTESIAN_POINT('Origin',(14.4149632101819,-23.4497456895596,80.8718444081188));
#1941=CARTESIAN_POINT('',(42.7454849615588,-22.4057174056975,82.2983804022303));
#1942=CARTESIAN_POINT('',(42.7454849615588,-24.4937739734218,79.4453084140072));
#1943=CARTESIAN_POINT('',(14.4149632101819,-22.4057174056975,82.2983804022303));
#1944=CARTESIAN_POINT('Origin',(42.7454849615588,-23.1819902923851,79.1424494135372));
#1945=CARTESIAN_POINT('Origin',(42.7454849615588,-21.9467081533982,79.3337032686619));
#1946=CARTESIAN_POINT('Origin',(-26.2545150384412,-12.5585638970981,80.7872325676095));
#1947=CARTESIAN_POINT('',(-26.2545150384413,-7.93315186532744,84.5391105688712));
#1948=CARTESIAN_POINT('',(-26.2545150384412,-13.0175731493974,83.751909701178));
#1949=CARTESIAN_POINT('',(-29.2545150384412,-7.47414261302818,81.5744334353028));
#1950=CARTESIAN_POINT('Origin',(-26.2545150384412,-7.47414261302818,81.5744334353028));
#1951=CARTESIAN_POINT('',(-29.2545150384412,-12.5585638970981,80.7872325676095));
#1952=CARTESIAN_POINT('Origin',(34.7891131616467,-13.0175731493974,83.751909701178));
#1953=CARTESIAN_POINT('',(42.7454849615588,-7.93315186532744,84.5391105688712));
#1954=CARTESIAN_POINT('',(42.7454849615588,-13.0175731493974,83.751909701178));
#1955=CARTESIAN_POINT('',(21.5172990616027,-7.93315186532744,84.5391105688712));
#1956=CARTESIAN_POINT('Origin',(42.7454849615588,-12.5585638970981,80.7872325676095));
#1957=CARTESIAN_POINT('',(45.7454849615588,-7.47414261302818,81.5744334353028));
#1958=CARTESIAN_POINT('',(45.7454849615588,-12.5585638970981,80.7872325676095));
#1959=CARTESIAN_POINT('Origin',(42.7454849615588,-7.47414261302818,81.5744334353028));
#1960=CARTESIAN_POINT('Origin',(45.7454849615588,-3.05804727954236,19.4247126792499));
#1961=CARTESIAN_POINT('',(45.7454849615588,3.24372342815959,12.3492223664793));
#1962=CARTESIAN_POINT('',(45.7454849615588,-1.84069785591032,11.5620214987861));
#1963=CARTESIAN_POINT('',(45.7454849615588,-0.0444177939533752,33.5868707239171));
#1964=CARTESIAN_POINT('',(45.7454849615588,-10.139761095866,32.5834778735724));
#1965=CARTESIAN_POINT('',(45.7454849615588,-10.8414013508105,32.4748456838615));
#1966=CARTESIAN_POINT('',(45.7454849615588,-7.67660850336344,32.9648380618309));
#1967=CARTESIAN_POINT('',(45.7454849615588,-6.43076751117596,29.8690043355307));
#1968=CARTESIAN_POINT('Origin',(45.7454849615588,-9.64250107254178,29.3717443122065));
#1969=CARTESIAN_POINT('',(45.7454849615588,-5.44542764957354,23.5048307554705));
#1970=CARTESIAN_POINT('',(45.7454849615588,-5.10902327637759,21.3320415407637));
#1971=CARTESIAN_POINT('',(45.7454849615588,-8.15990118761517,19.7958371707804));
#1972=CARTESIAN_POINT('Origin',(45.7454849615588,-8.65716121093937,23.0075707321462));
#1973=CARTESIAN_POINT('',(45.7454849615588,-8.8615414425597,19.6872049810696));
#1974=CARTESIAN_POINT('',(45.7454849615588,-6.04756872258489,20.1228812641836));
#1975=CARTESIAN_POINT('',(45.7454849615588,-12.5705350272497,22.4016785191112));
#1976=CARTESIAN_POINT('Origin',(45.7454849615588,-9.3588014658839,22.8989385424354));
#1977=CARTESIAN_POINT('',(45.7454849615588,-13.5558748888521,28.7658520991715));
#1978=CARTESIAN_POINT('',(45.7454849615588,-12.726800584855,23.4109760944346));
#1979=CARTESIAN_POINT('Origin',(45.7454849615588,-10.3441413274863,29.2631121224957));
#1980=CARTESIAN_POINT('Origin',(-29.2545150384412,-11.3412144734391,72.924541386972));
#1981=CARTESIAN_POINT('',(-29.2545150384412,3.24372342815959,12.3492223664793));
#1982=CARTESIAN_POINT('',(-29.2545150384412,-4.18600139090176,60.3367850777781));
#1983=CARTESIAN_POINT('',(-29.2545150384412,-1.84069785591032,11.5620214987861));
#1984=CARTESIAN_POINT('Origin',(45.2454849615588,-7.67660850336344,32.9648380618309));
#1985=CARTESIAN_POINT('',(45.2454849615588,-10.0632595538161,32.0893650179776));
#1986=CARTESIAN_POINT('Origin',(45.2454849615588,-10.139761095866,32.5834778735724));
#1987=CARTESIAN_POINT('',(45.2454849615588,-10.7648998087606,31.9807328282668));
#1988=CARTESIAN_POINT('Origin',(45.2454849615588,-10.8414013508105,32.4748456838615));
#1989=CARTESIAN_POINT('',(45.2454849615588,-7.60010696131356,32.4707252062362));
#1990=CARTESIAN_POINT('Origin',(45.2454849615588,-10.3441413274863,29.2631121224957));
#1991=CARTESIAN_POINT('',(45.2454849615588,-13.0617620332574,28.8423536412214));
#1992=CARTESIAN_POINT('Origin',(45.2454849615588,-13.5558748888521,28.7658520991715));
#1993=CARTESIAN_POINT('Origin',(45.2454849615588,-10.3441413274863,29.2631121224957));
#1994=CARTESIAN_POINT('Origin',(45.2454849615588,-12.726800584855,23.4109760944346));
#1995=CARTESIAN_POINT('',(45.2454849615588,-12.076422171655,22.4781800611611));
#1996=CARTESIAN_POINT('Origin',(45.2454849615588,-12.5705350272497,22.4016785191112));
#1997=CARTESIAN_POINT('',(45.2454849615588,-12.2326877292602,23.4874776364845));
#1998=CARTESIAN_POINT('Origin',(45.2454849615588,-9.3588014658839,22.8989385424354));
#1999=CARTESIAN_POINT('',(45.2454849615588,-8.93804298460958,20.1813178366643));
#2000=CARTESIAN_POINT('Origin',(45.2454849615588,-8.8615414425597,19.6872049810696));
#2001=CARTESIAN_POINT('Origin',(45.2454849615588,-9.3588014658839,22.8989385424354));
#2002=CARTESIAN_POINT('Origin',(45.2454849615588,-6.04756872258489,20.1228812641836));
#2003=CARTESIAN_POINT('',(45.2454849615588,-8.23640272966504,20.2899500263752));
#2004=CARTESIAN_POINT('Origin',(45.2454849615588,-8.15990118761517,19.7958371707804));
#2005=CARTESIAN_POINT('',(45.2454849615588,-6.12407026463477,20.6169941197783));
#2006=CARTESIAN_POINT('Origin',(45.2454849615588,-8.65716121093937,23.0075707321462));
#2007=CARTESIAN_POINT('',(45.2454849615588,-5.93954050516828,23.4283292134206));
#2008=CARTESIAN_POINT('Origin',(45.2454849615588,-5.44542764957354,23.5048307554705));
#2009=CARTESIAN_POINT('Origin',(45.2454849615588,-8.65716121093937,23.0075707321462));
#2010=CARTESIAN_POINT('Origin',(45.2454849615588,-5.10902327637759,21.3320415407637));
#2011=CARTESIAN_POINT('',(45.2454849615588,-6.9248803667707,29.7925027934809));
#2012=CARTESIAN_POINT('Origin',(45.2454849615588,-6.43076751117596,29.8690043355307));
#2013=CARTESIAN_POINT('',(45.2454849615588,-5.60313613197233,21.2555399987138));
#2014=CARTESIAN_POINT('Origin',(45.2454849615588,-9.64250107254178,29.3717443122065));
#2015=CARTESIAN_POINT('Origin',(45.2454849615588,-9.64250107254178,29.3717443122065));
#2016=CARTESIAN_POINT('Origin',(37.8141247972977,-8.65716121093938,23.0075707321462));
#2017=CARTESIAN_POINT('',(40.7454849615588,-5.93954050516829,23.4283292134206));
#2018=CARTESIAN_POINT('',(37.8141247972977,-5.93954050516829,23.4283292134206));
#2019=CARTESIAN_POINT('',(40.7454849615588,-8.23640272966505,20.2899500263752));
#2020=CARTESIAN_POINT('Origin',(40.7454849615588,-8.65716121093937,23.0075707321462));
#2021=CARTESIAN_POINT('',(37.8141247972977,-8.23640272966506,20.2899500263752));
#2022=CARTESIAN_POINT('Origin',(37.8141247972977,-5.93954050516829,23.4283292134206));
#2023=CARTESIAN_POINT('',(40.7454849615588,-6.9248803667707,29.7925027934809));
#2024=CARTESIAN_POINT('',(37.8141247972977,-6.92488036677071,29.7925027934809));
#2025=CARTESIAN_POINT('',(40.7454849615588,-9.74179930742325,47.9865917549463));
#2026=CARTESIAN_POINT('Origin',(37.8141247972977,-9.64250107254179,29.3717443122065));
#2027=CARTESIAN_POINT('',(40.7454849615588,-10.0632595538161,32.0893650179776));
#2028=CARTESIAN_POINT('',(37.8141247972977,-10.0632595538161,32.0893650179776));
#2029=CARTESIAN_POINT('Origin',(40.7454849615588,-9.64250107254179,29.3717443122065));
#2030=CARTESIAN_POINT('Origin',(37.8141247972977,-10.0632595538161,32.0893650179776));
#2031=CARTESIAN_POINT('',(40.7454849615588,-10.7648998087606,31.9807328282668));
#2032=CARTESIAN_POINT('',(37.8141247972977,-10.7648998087607,31.9807328282668));
#2033=CARTESIAN_POINT('',(40.7454849615588,-7.60010696131356,32.4707252062362));
#2034=CARTESIAN_POINT('Origin',(8.24548496155875,-2.11520959243429,46.9618279008911));
#2035=CARTESIAN_POINT('',(42.7454849615588,3.70273268045885,9.38454523291087));
#2036=CARTESIAN_POINT('Origin',(42.7454849615588,3.24372342815959,12.3492223664793));
#2037=CARTESIAN_POINT('',(-26.2545150384412,3.70273268045885,9.38454523291087));
#2038=CARTESIAN_POINT('',(-5.02632913838952,3.70273268045885,9.38454523291087));
#2039=CARTESIAN_POINT('Origin',(-26.2545150384412,3.24372342815959,12.3492223664793));
#2040=CARTESIAN_POINT('',(-20.2545150384412,2.93771725996008,14.3256737888583));
#2041=CARTESIAN_POINT('',(34.9145391696225,2.93771725996009,14.3256737888583));
#2042=CARTESIAN_POINT('',(-5.0072418009348,2.93771725996008,14.3256737888583));
#2043=CARTESIAN_POINT('',(40.7454849615588,2.04556457052266,20.0879643413422));
#2044=CARTESIAN_POINT('Origin',(34.7454869166588,2.01969905449942,20.2550261239052));
#2045=CARTESIAN_POINT('',(40.7454849615588,-6.27598375544396,73.8356914607803));
#2046=CARTESIAN_POINT('',(40.7454849615588,-0.0473382154634483,33.6057333216271));
#2047=CARTESIAN_POINT('',(34.9145391696219,-7.16813644482867,79.5979820129238));
#2048=CARTESIAN_POINT('Origin',(34.7454869166588,-6.25011823936648,73.668629677867));
#2049=CARTESIAN_POINT('',(-18.4235692464993,-7.16813644482868,79.5979820129238));
#2050=CARTESIAN_POINT('',(21.4982117240644,-7.16813644482867,79.5979820129238));
#2051=CARTESIAN_POINT('',(-24.2545150384412,-6.27598375549578,73.8356914611151));
#2052=CARTESIAN_POINT('Origin',(-18.2545169935512,-6.25011823936648,73.668629677867));
#2053=CARTESIAN_POINT('',(-24.2545150384412,2.32570492356107,18.2785766336162));
#2054=CARTESIAN_POINT('',(-24.2545150384412,-0.581759996718115,37.0574895261701));
#2055=CARTESIAN_POINT('Origin',(-20.2545150384412,2.32570492356107,18.2785766336162));
#2056=CARTESIAN_POINT('',(43.7454849615588,-7.3976410709783,81.080320579708));
#2057=CARTESIAN_POINT('Origin',(42.2454849615588,-7.3976410709783,81.080320579708));
#2058=CARTESIAN_POINT('',(-24.2545150384412,3.16722188610972,12.8433352220741));
#2059=CARTESIAN_POINT('Origin',(-25.7545150384412,3.16722188610972,12.8433352220741));
#2060=CARTESIAN_POINT('',(-24.2545150384412,-7.3976410709783,81.080320579708));
#2061=CARTESIAN_POINT('Origin',(-25.7545150384412,-7.3976410709783,81.080320579708));
#2062=CARTESIAN_POINT('',(43.7454849615588,3.16722188610972,12.8433352220741));
#2063=CARTESIAN_POINT('Origin',(42.2454849615588,3.16722188610972,12.8433352220741));
#2064=CARTESIAN_POINT('Origin',(42.7454849615588,-1.84069785591032,11.5620214987861));
#2065=CARTESIAN_POINT('',(42.7454849615588,-1.38168860361105,8.59734436521764));
#2066=CARTESIAN_POINT('Origin',(-18.2981432383378,-1.38168860361105,8.59734436521764));
#2067=CARTESIAN_POINT('',(-26.2545150384412,-1.38168860361106,8.59734436521764));
#2068=CARTESIAN_POINT('Origin',(-26.2545150384412,-1.84069785591032,11.5620214987861));
#2069=CARTESIAN_POINT('Origin',(42.2454849615588,3.16722188610972,12.8433352220741));
#2070=CARTESIAN_POINT('',(43.7454849615588,0.20254475254126,12.3843259697748));
#2071=CARTESIAN_POINT('',(43.7454849615588,3.16722188610972,12.8433352220741));
#2072=CARTESIAN_POINT('Origin',(42.2454849615588,0.20254475254126,12.3843259697748));
#2073=CARTESIAN_POINT('Origin',(42.2454849615588,0.20254475254126,12.3843259697748));
#2074=CARTESIAN_POINT('Origin',(-25.7545150384412,-7.3976410709783,81.080320579708));
#2075=CARTESIAN_POINT('',(-24.2545150384412,-10.3623182045468,80.6213113274087));
#2076=CARTESIAN_POINT('',(-24.2545150384412,-7.3976410709783,81.080320579708));
#2077=CARTESIAN_POINT('Origin',(-25.7545150384412,-10.3623182045468,80.6213113274087));
#2078=CARTESIAN_POINT('Origin',(-25.7545150384412,-10.3623182045468,80.6213113274087));
#2079=CARTESIAN_POINT('Origin',(-25.7545150384412,3.16722188610972,12.8433352220741));
#2080=CARTESIAN_POINT('',(-24.2545150384412,0.20254475254126,12.3843259697748));
#2081=CARTESIAN_POINT('',(-24.2545150384412,3.16722188610972,12.8433352220741));
#2082=CARTESIAN_POINT('Origin',(-25.7545150384412,0.20254475254126,12.3843259697748));
#2083=CARTESIAN_POINT('Origin',(-25.7545150384412,0.20254475254126,12.3843259697748));
#2084=CARTESIAN_POINT('Origin',(42.2454849615588,-7.3976410709783,81.080320579708));
#2085=CARTESIAN_POINT('',(43.7454849615588,-10.3623182045468,80.6213113274087));
#2086=CARTESIAN_POINT('',(43.7454849615588,-7.3976410709783,81.080320579708));
#2087=CARTESIAN_POINT('Origin',(42.2454849615588,-10.3623182045468,80.6213113274087));
#2088=CARTESIAN_POINT('Origin',(42.2454849615588,-10.3623182045468,80.6213113274087));
#2089=CARTESIAN_POINT('Origin',(37.8141247972977,-10.3441413274863,29.2631121224957));
#2090=CARTESIAN_POINT('',(40.7454849615588,-13.0617620332574,28.8423536412214));
#2091=CARTESIAN_POINT('',(37.8141247972977,-13.0617620332574,28.8423536412214));
#2092=CARTESIAN_POINT('Origin',(40.7454849615588,-10.3441413274863,29.2631121224957));
#2093=CARTESIAN_POINT('Origin',(37.8141247972977,-13.0617620332574,28.8423536412214));
#2094=CARTESIAN_POINT('',(40.7454849615588,-12.076422171655,22.4781800611611));
#2095=CARTESIAN_POINT('',(37.8141247972977,-12.076422171655,22.4781800611611));
#2096=CARTESIAN_POINT('',(40.7454849615588,-16.3713509047112,50.2185293927169));
#2097=CARTESIAN_POINT('Origin',(37.8141247972977,-8.9380429846096,20.1813178366643));
#2098=CARTESIAN_POINT('',(40.7454849615588,-8.93804298460959,20.1813178366643));
#2099=CARTESIAN_POINT('',(40.7454849615588,-6.12407026463469,20.6169941197784));
#2100=CARTESIAN_POINT('',(37.8141247972977,-8.9380429846096,20.1813178366643));
#2101=CARTESIAN_POINT('Origin',(37.8141247972977,-9.35880146588391,22.8989385424354));
#2102=CARTESIAN_POINT('Origin',(40.7454849615588,-9.35880146588391,22.8989385424354));
#2103=CARTESIAN_POINT('Origin',(-25.9591867412828,-13.1347689532539,20.9245421071357));
#2104=CARTESIAN_POINT('',(-25.9591867412828,-16.1120347577402,33.6184732684993));
#2105=CARTESIAN_POINT('',(-26.9591867412828,-15.1238090465507,33.771476352599));
#2106=CARTESIAN_POINT('Origin',(-25.9591867412828,-15.1238090465507,33.771476352599));
#2107=CARTESIAN_POINT('',(-25.9591867412828,-13.3579792439446,15.8304104670885));
#2108=CARTESIAN_POINT('',(-25.9591867412828,-14.1229946644434,20.771539023036));
#2109=CARTESIAN_POINT('',(-26.9591867412828,-12.3697535327551,15.9834135511883));
#2110=CARTESIAN_POINT('Origin',(-25.9591867412828,-12.3697535327551,15.9834135511883));
#2111=CARTESIAN_POINT('',(-26.9591867412828,-13.1347689532539,20.9245421071357));
#2112=CARTESIAN_POINT('Origin',(-25.9591867412828,-16.1120347577402,33.6184732684993));
#2113=CARTESIAN_POINT('',(-26.9591867412828,-6.72389050144009,35.0720025674469));
#2114=CARTESIAN_POINT('',(-26.9591867412828,-16.1120347577402,33.6184732684993));
#2115=CARTESIAN_POINT('',(-25.2545150384412,-6.72389050144009,35.0720025674469));
#2116=CARTESIAN_POINT('',(-25.9591867412828,-6.72389050144009,35.0720025674469));
#2117=CARTESIAN_POINT('',(-25.2545150384412,-15.3920165538645,33.7299508434638));
#2118=CARTESIAN_POINT('',(-25.2545150384412,-10.8108970998549,34.4392274764803));
#2119=CARTESIAN_POINT('',(15.0408132587172,-15.3920165538645,33.7299508434638));
#2120=CARTESIAN_POINT('',(-8.85685088986203,-15.3920165538645,33.7299508434638));
#2121=CARTESIAN_POINT('',(15.0408132587172,-16.1120347577402,33.6184732684993));
#2122=CARTESIAN_POINT('',(15.0408132587172,-15.3920165538645,33.7299508434638));
#2123=CARTESIAN_POINT('',(14.0408132587172,-16.1120347577402,33.6184732684993));
#2124=CARTESIAN_POINT('Origin',(-26.9591867412828,-13.5109823280444,16.818636178278));
#2125=CARTESIAN_POINT('',(-26.9591867412828,-3.96983498764452,17.2839397660362));
#2126=CARTESIAN_POINT('',(-26.9591867412828,-4.958060698834,17.1309366819364));
#2127=CARTESIAN_POINT('',(-26.9591867412828,-4.12283807174427,18.2721654772257));
#2128=CARTESIAN_POINT('Origin',(-25.2545150384412,-10.9639001839547,35.4274531876698));
#2129=CARTESIAN_POINT('',(-24.2545150384412,-5.88866787435036,36.2132313627362));
#2130=CARTESIAN_POINT('',(-24.2545150384413,-14.5567939267748,34.871179638753));
#2131=CARTESIAN_POINT('',(-24.2545150384412,-10.9639001839547,35.4274531876698));
#2132=CARTESIAN_POINT('Origin',(-25.2545150384412,-15.5450196379642,34.7181765546532));
#2133=CARTESIAN_POINT('Origin',(-25.2545150384412,-5.88866787435036,36.2132313627362));
#2134=CARTESIAN_POINT('Origin',(-25.1494343379043,-2.6027008440743,16.4836931718611));
#2135=CARTESIAN_POINT('',(-25.1494343379043,-3.96436800547337,17.2847861972952));
#2136=CARTESIAN_POINT('',(-25.1494343379043,-12.6379610400689,15.941888042053));
#2137=CARTESIAN_POINT('',(-25.1494343379043,-2.75570392817406,17.4719188830506));
#2138=CARTESIAN_POINT('',(-24.1704504779995,-11.5487040380376,15.3049863994692));
#2139=CARTESIAN_POINT('Origin',(-25.1494343379043,-12.4849579559692,14.9536623308635));
#2140=CARTESIAN_POINT('',(-24.1704504780117,-2.85980929564218,16.6502536577589));
#2141=CARTESIAN_POINT('',(-24.1704504780117,-2.63390394736121,16.6852296906735));
#2142=CARTESIAN_POINT('Ctrl Pts',(-24.1704504780117,-2.85980929564218,16.6502536577589));
#2143=CARTESIAN_POINT('Ctrl Pts',(-24.170715841276,-2.86144185273684,16.651289924071));
#2144=CARTESIAN_POINT('Ctrl Pts',(-24.1709836913839,-2.86307433394174,16.652325680677));
#2145=CARTESIAN_POINT('Ctrl Pts',(-24.2075613779941,-3.08394472404685,16.7923988519625));
#2146=CARTESIAN_POINT('Ctrl Pts',(-24.2888873471816,-3.30242861324102,16.923092258606));
#2147=CARTESIAN_POINT('Ctrl Pts',(-24.4983946140665,-3.61423914790137,17.1057978133251));
#2148=CARTESIAN_POINT('Ctrl Pts',(-24.6014611210815,-3.72101839941043,17.1670158025899));
#2149=CARTESIAN_POINT('Ctrl Pts',(-24.8054752651102,-3.86201869048763,17.243964701752));
#2150=CARTESIAN_POINT('Ctrl Pts',(-24.9036360342213,-3.90967973032717,17.2682777215291));
#2151=CARTESIAN_POINT('Ctrl Pts',(-25.0563168054426,-3.95085788172631,17.2835643797257));
#2152=CARTESIAN_POINT('Ctrl Pts',(-25.1027123951632,-3.95949112574439,17.2855412653236));
#2153=CARTESIAN_POINT('Ctrl Pts',(-25.1494343379043,-3.96436800547337,17.2847861972952));
#2154=CARTESIAN_POINT('Origin',(-25.2545150384412,-4.43622758849898,26.832120891068));
#2155=CARTESIAN_POINT('',(-25.2545150384412,-3.9728474199793,17.3033966489087));
#2156=CARTESIAN_POINT('',(-25.2545150384412,-5.42445329968847,26.6791178069682));
#2157=CARTESIAN_POINT('',(-24.2545150384412,-2.98462170878982,17.4563997330084));
#2158=CARTESIAN_POINT('Origin',(-25.2545150384412,-2.98462170878982,17.4563997330084));
#2159=CARTESIAN_POINT('',(-24.2545150384412,-4.43622758849898,26.832120891068));
#2160=CARTESIAN_POINT('Origin',(-20.2545150384412,-2.98462170878982,17.4563997330084));
#2161=CARTESIAN_POINT('Origin',(-20.2545150384412,-2.98462170878982,17.4563997330084));
#2162=CARTESIAN_POINT('',(-25.254476273787,-3.96983498764452,17.2839397660362));
#2163=CARTESIAN_POINT('Origin',(-20.2545150384412,-3.9728474199793,17.3033966489087));
#2164=CARTESIAN_POINT('Ctrl Pts',(-25.254476273787,-3.96983498764452,17.2839397660362));
#2165=CARTESIAN_POINT('Ctrl Pts',(-25.2207589861682,-3.96983498764452,17.2839397660362));
#2166=CARTESIAN_POINT('Ctrl Pts',(-25.1853626038498,-3.96811823120475,17.2842055646558));
#2167=CARTESIAN_POINT('Ctrl Pts',(-25.1494343379039,-3.96436800547332,17.2847861972952));
#2168=CARTESIAN_POINT('Origin',(-24.2545150384412,-3.06388812256614,19.4624378746933));
#2169=CARTESIAN_POINT('',(-24.2545150384412,-2.75871636050884,17.491375765923));
#2170=CARTESIAN_POINT('',(-24.2545150384412,-20.2544364402711,71.6714628365241));
#2171=CARTESIAN_POINT('',(-24.2545150384412,-11.3604050395657,73.0484905934218));
#2172=CARTESIAN_POINT('',(-24.2545150384413,-11.9579195232715,18.0854101177955));
#2173=CARTESIAN_POINT('Origin',(-20.2545150384412,-2.75871636050884,17.491375765923));
#2174=CARTESIAN_POINT('',(-24.1223613316975,-11.4967322447797,15.1066654149633));
#2175=CARTESIAN_POINT('Ctrl Pts',(-24.170450477999,-11.5487040380488,15.3049863994651));
#2176=CARTESIAN_POINT('Ctrl Pts',(-24.1561121201821,-11.5240033122866,15.2391607036557));
#2177=CARTESIAN_POINT('Ctrl Pts',(-24.1397845742974,-11.506844098254,15.171976474867));
#2178=CARTESIAN_POINT('Ctrl Pts',(-24.1223613316975,-11.4967322447797,15.1066654149633));
#2179=CARTESIAN_POINT('',(-20.2545150384412,-11.0407354248152,12.1614451642673));
#2180=CARTESIAN_POINT('Origin',(-20.2545150384412,-11.6527477612142,16.1143480090252));
#2181=CARTESIAN_POINT('',(-20.2545150384412,-2.14670402410982,13.5384729211651));
#2182=CARTESIAN_POINT('Origin',(11.143149110138,-12.4849579559692,14.9536623308635));
#2183=CARTESIAN_POINT('',(16.0408132587172,-11.4967322447797,15.1066654149633));
#2184=CARTESIAN_POINT('',(11.143149110138,-11.4967322447797,15.1066654149633));
#2185=CARTESIAN_POINT('',(15.0408132587172,-12.6379610400689,15.941888042053));
#2186=CARTESIAN_POINT('',(11.143149110138,-12.6379610400689,15.941888042053));
#2187=CARTESIAN_POINT('Origin',(16.0408132587172,-12.4849579559692,14.9536623308635));
#2188=CARTESIAN_POINT('Origin',(-8.85685088986203,-15.5450196379642,34.7181765546532));
#2189=CARTESIAN_POINT('',(16.0408132587172,-14.5567939267748,34.871179638753));
#2190=CARTESIAN_POINT('',(-8.85685088986203,-14.5567939267748,34.871179638753));
#2191=CARTESIAN_POINT('Origin',(16.0408132587172,-15.5450196379642,34.7181765546532));
#2192=CARTESIAN_POINT('Origin',(16.0408132587172,-16.1604507290819,38.6931606622373));
#2193=CARTESIAN_POINT('',(15.0408132587172,-16.1604507290819,38.6931606622373));
#2194=CARTESIAN_POINT('',(16.0408132587172,-15.1722250178924,38.846163746337));
#2195=CARTESIAN_POINT('Origin',(8.24548496155875,-16.0936622772096,44.7975992763));
#2196=CARTESIAN_POINT('',(-18.4235692464993,-21.146589129604,77.4337533883328));
#2197=CARTESIAN_POINT('Origin',(-18.2545169935512,-20.2285709241418,71.504401053276));
#2198=CARTESIAN_POINT('',(34.9145391696223,-21.1465891296039,77.4337533883328));
#2199=CARTESIAN_POINT('',(-18.2599685634408,-21.1465891296039,77.4337533883328));
#2200=CARTESIAN_POINT('',(40.7454849615588,-20.2544364402192,71.6714628361893));
#2201=CARTESIAN_POINT('Origin',(34.7454869166588,-20.2285709241418,71.504401053276));
#2202=CARTESIAN_POINT('',(40.7454849615588,-11.9328881142526,17.9237357167511));
#2203=CARTESIAN_POINT('',(40.7454849615588,-20.2294050311496,71.509788434817));
#2204=CARTESIAN_POINT('',(34.9145391696225,-11.0407354248152,12.1614451642673));
#2205=CARTESIAN_POINT('Origin',(34.7454869166588,-11.9587536302759,18.0907974993142));
#2206=CARTESIAN_POINT('',(34.7509384865577,-11.0407354248152,12.1614451642673));
#2207=CARTESIAN_POINT('Origin',(34.7509384865577,-2.14670402410982,13.5384729211651));
#2208=CARTESIAN_POINT('',(34.9145391696225,-2.14670402410982,13.5384729211651));
#2209=CARTESIAN_POINT('Origin',(14.0408132587172,-13.3579792439446,15.8304104670885));
#2210=CARTESIAN_POINT('',(15.0408132587172,-13.3579792439446,15.8304104670885));
#2211=CARTESIAN_POINT('',(-25.9591867412828,-13.3579792439446,15.8304104670885));
#2212=CARTESIAN_POINT('',(15.0408132587172,-13.3579792439446,15.8304104670885));
#2213=CARTESIAN_POINT('',(-5.95918674128282,-3.96983498764452,17.2839397660362));
#2214=CARTESIAN_POINT('Origin',(-25.9591867412828,-6.57088741734034,34.0837768562575));
#2215=CARTESIAN_POINT('Origin',(15.0408132587172,-15.9590316736404,32.6302475573098));
#2216=CARTESIAN_POINT('',(15.0408132587172,-13.5109823280444,16.818636178278));
#2217=CARTESIAN_POINT('Origin',(-18.2599685634408,-12.2525577288986,78.8107811452306));
#2218=CARTESIAN_POINT('',(34.9145391696223,-12.2525577288986,78.8107811452306));
#2219=CARTESIAN_POINT('',(-18.4235692464993,-12.2525577288986,78.8107811452306));
#2220=CARTESIAN_POINT('Origin',(-18.2545169935512,-11.3345395234364,72.8814288101738));
#2221=CARTESIAN_POINT('Origin',(34.7454869166588,-3.06472222957049,19.467825256212));
#2222=CARTESIAN_POINT('',(40.7454849615588,-3.03885671354724,19.3007634736489));
#2223=CARTESIAN_POINT('Origin',(34.7454869166588,-11.3345395234364,72.8814288101738));
#2224=CARTESIAN_POINT('',(40.7454849615588,-11.3604050395139,73.0484905930871));
#2225=CARTESIAN_POINT('Origin',(40.7454849615588,-11.3353736304442,72.8868161917148));
#2226=CARTESIAN_POINT('Origin',(-5.95918674128281,-14.7350070008424,24.7244418677939));
#2227=UNCERTAINTY_MEASURE_WITH_UNIT(LENGTH_MEASURE(0.01),#2231,
'DISTANCE_ACCURACY_VALUE',
'Maximum model space distance between geometric entities at asserted c
onnectivities');
#2228=UNCERTAINTY_MEASURE_WITH_UNIT(LENGTH_MEASURE(0.01),#2231,
'DISTANCE_ACCURACY_VALUE',
'Maximum model space distance between geometric entities at asserted c
onnectivities');
#2229=(
GEOMETRIC_REPRESENTATION_CONTEXT(3)
GLOBAL_UNCERTAINTY_ASSIGNED_CONTEXT((#2227))
GLOBAL_UNIT_ASSIGNED_CONTEXT((#2231,#2232,#2233))
REPRESENTATION_CONTEXT('','3D')
);
#2230=(
GEOMETRIC_REPRESENTATION_CONTEXT(3)
GLOBAL_UNCERTAINTY_ASSIGNED_CONTEXT((#2228))
GLOBAL_UNIT_ASSIGNED_CONTEXT((#2231,#2232,#2233))
REPRESENTATION_CONTEXT('','3D')
);
#2231=(
LENGTH_UNIT()
NAMED_UNIT(*)
SI_UNIT(.MILLI.,.METRE.)
);
#2232=(
NAMED_UNIT(*)
PLANE_ANGLE_UNIT()
SI_UNIT($,.RADIAN.)
);
#2233=(
NAMED_UNIT(*)
SI_UNIT($,.STERADIAN.)
SOLID_ANGLE_UNIT()
);
#2234=SHAPE_DEFINITION_REPRESENTATION(#2235,#2236);
#2235=PRODUCT_DEFINITION_SHAPE('',$,#2238);
#2236=SHAPE_REPRESENTATION('',(#1284),#2229);
#2237=PRODUCT_DEFINITION_CONTEXT('part definition',#2242,'design');
#2238=PRODUCT_DEFINITION('2026-07-15-16-57-15-952','NinjapadV2 Final',#2239,
#2237);
#2239=PRODUCT_DEFINITION_FORMATION('',$,#2244);
#2240=PRODUCT_RELATED_PRODUCT_CATEGORY('NinjapadV2 Final',
'NinjapadV2 Final',(#2244));
#2241=APPLICATION_PROTOCOL_DEFINITION('international standard',
'automotive_design',2009,#2242);
#2242=APPLICATION_CONTEXT(
'Core Data for Automotive Mechanical Design Process');
#2243=PRODUCT_CONTEXT('part definition',#2242,'mechanical');
#2244=PRODUCT('2026-07-15-16-57-15-952','NinjapadV2 Final',$,(#2243));
#2245=PRESENTATION_STYLE_ASSIGNMENT((#2252));
#2246=PRESENTATION_STYLE_ASSIGNMENT((#2253));
#2247=PRESENTATION_STYLE_ASSIGNMENT((#2254));
#2248=PRESENTATION_STYLE_ASSIGNMENT((#2255));
#2249=PRESENTATION_STYLE_ASSIGNMENT((#2256));
#2250=PRESENTATION_STYLE_ASSIGNMENT((#2257));
#2251=PRESENTATION_STYLE_ASSIGNMENT((#2258));
#2252=SURFACE_STYLE_USAGE(.BOTH.,#2259);
#2253=SURFACE_STYLE_USAGE(.BOTH.,#2260);
#2254=SURFACE_STYLE_USAGE(.BOTH.,#2261);
#2255=SURFACE_STYLE_USAGE(.BOTH.,#2262);
#2256=SURFACE_STYLE_USAGE(.BOTH.,#2263);
#2257=SURFACE_STYLE_USAGE(.BOTH.,#2264);
#2258=SURFACE_STYLE_USAGE(.BOTH.,#2265);
#2259=SURFACE_SIDE_STYLE('',(#2266));
#2260=SURFACE_SIDE_STYLE('',(#2267));
#2261=SURFACE_SIDE_STYLE('',(#2268));
#2262=SURFACE_SIDE_STYLE('',(#2269));
#2263=SURFACE_SIDE_STYLE('',(#2270));
#2264=SURFACE_SIDE_STYLE('',(#2271));
#2265=SURFACE_SIDE_STYLE('',(#2272));
#2266=SURFACE_STYLE_FILL_AREA(#2273);
#2267=SURFACE_STYLE_FILL_AREA(#2274);
#2268=SURFACE_STYLE_FILL_AREA(#2275);
#2269=SURFACE_STYLE_FILL_AREA(#2276);
#2270=SURFACE_STYLE_FILL_AREA(#2277);
#2271=SURFACE_STYLE_FILL_AREA(#2278);
#2272=SURFACE_STYLE_FILL_AREA(#2279);
#2273=FILL_AREA_STYLE('Powder Coat (White)',(#2280));
#2274=FILL_AREA_STYLE('Paint - Enamel Glossy (Blue)',(#2281));
#2275=FILL_AREA_STYLE('ABS (White)',(#2282));
#2276=FILL_AREA_STYLE('Steel - Satin',(#2283));
#2277=FILL_AREA_STYLE('Aluminum - Anodized Rough (Blue)',(#2284));
#2278=FILL_AREA_STYLE('Paint - Enamel Glossy (White)',(#2285));
#2279=FILL_AREA_STYLE('Paint - Enamel Glossy (Yellow)',(#2286));
#2280=FILL_AREA_STYLE_COLOUR('Powder Coat (White)',#2287);
#2281=FILL_AREA_STYLE_COLOUR('Paint - Enamel Glossy (Blue)',#2288);
#2282=FILL_AREA_STYLE_COLOUR('ABS (White)',#2289);
#2283=FILL_AREA_STYLE_COLOUR('Steel - Satin',#2290);
#2284=FILL_AREA_STYLE_COLOUR('Aluminum - Anodized Rough (Blue)',#2291);
#2285=FILL_AREA_STYLE_COLOUR('Paint - Enamel Glossy (White)',#2292);
#2286=FILL_AREA_STYLE_COLOUR('Paint - Enamel Glossy (Yellow)',#2293);
#2287=COLOUR_RGB('Powder Coat (White)',0.964705882352941,0.964705882352941,
0.952941176470588);
#2288=COLOUR_RGB('Paint - Enamel Glossy (Blue)',0.188235294117647,0.231372549019608,
0.588235294117647);
#2289=COLOUR_RGB('ABS (White)',0.964705882352941,0.964705882352941,0.952941176470588);
#2290=COLOUR_RGB('Steel - Satin',0.627450980392157,0.627450980392157,0.627450980392157);
#2291=COLOUR_RGB('Aluminum - Anodized Rough (Blue)',0.117647058823529,0.419607843137255,
0.768627450980392);
#2292=COLOUR_RGB('Paint - Enamel Glossy (White)',0.964705882352941,0.964705882352941,
0.952941176470588);
#2293=COLOUR_RGB('Paint - Enamel Glossy (Yellow)',0.909803921568627,0.67843137254902,
0.137254901960784);
ENDSEC;
END-ISO-10303-21;
